-0.36613825774697184,-0.1229044685389155,-0.8844929879872122,0.5861395542809811,0.11869321976687613
-0.6033913850893575,0.5037189214595426,1.2771938080925815,1.3776434360709569,0.2594716180891542
0.3363335475785688,-0.20606444943151334,-1.6640202501194583,1.9720633810059183,0.509903742853611
1.1195466160169925,0.3626044222667207,0.3971232339877058,0.6876709779070022,1.3346420300124422
-0.01910710552338788,1.3946727805817862,0.3794795878600704,-0.3621615382250315,-0.11137662209540865
-0.4500413173928738,-0.3234658203982045,-0.8770684060517526,-1.003315404295623,1.0409183337047305
-1.6754728726558807,-1.0608222320013632,0.5527864450449332,0.5384085373057648,0.3565266927952727
-1.1280831725858997,0.15520009031546708,1.049974094509235,-0.9092150511853658,0.43324202214917545
-0.3150787042854575,-0.19015737426127557,0.6084661417780548,-0.3584421011434435,1.8590909133427045
-0.4325924226291019,0.21819467679554685,0.1414174798987922,-1.0051886674435238,0.2784847249591746
-0.9173437153008874,-0.15009598977239766,0.025505209297659117,0.25731314557136303,0.7775792891170107
-0.017614659639625017,-0.32311203089176216,-1.4162152052120158,-0.06292725297449835,0.08934521574495023
-0.3804021021710767,-0.5889316751873945,-0.09791049861938311,-1.2058824570849689,-2.258661737958418
-0.57563754486404,-0.7983621887309917,-1.055179423418936,1.3636713842298271,-0.3100806574614654
-0.023492610611956947,0.1739301068613,-1.5001982831622396,0.5725516923290853,-1.172236404680775
0.22698471922875627,-0.6362524213687465,0.9512318488625472,0.31125706148287785,0.02929153471626974
-0.22519081604017288,1.1486575985723506,-1.2989451136191537,0.8011361482694129,-0.6456127331799993
0.2654812028932575,1.2208354631425227,-0.33286778161004926,-1.82912663694802,0.9655616849750892
0.18277037881790778,0.12157799152838833,1.3664986109807942,1.2237942903757741,0.5123074496843272
-0.1260707285675151,1.7119651735990802,-0.22870457750733328,-1.3195810794955098,0.011598047054028886
1.5437837892830244,1.149222650338105,0.9604839530333898,-0.11496579642005886,1.4211650071470956
0.8564732128042525,-1.0126543123628078,0.35939436376991957,1.674684362056099,0.897585167188135
-1.0488513647072428,-1.470639934873022,-1.845062921914523,-0.3548742970230161,0.7612121067671516
0.26645567967683553,-1.1924874918943615,-0.8743772182204544,-1.5970753361305106,0.5704843932802371
-0.6322567235462503,-0.6345594126910034,0.8239694683451525,-1.8306616056939546,0.0001484220110334532
0.6496570353551311,-0.3630156648924954,1.4724758790487873,-0.7664882138584613,-0.9389858027512232
0.45219455849092915,-0.7369181711868973,-0.038875083416515584,1.6141459481299918,1.083696222811654
-0.5444199038770641,-0.20677073293025766,0.8676051602956344,1.230847077889715,-0.759725065471828
0.1048857451669172,-0.24853300993687336,0.7943960962825114,0.5087594080853146,0.8931646212128715
0.7131905808647042,-0.13566087927273818,1.7500124638225427,1.7280693072088453,0.5702860321207885
2.125516475130671,0.4602775448073849,-0.6219183727443777,-0.4466996922513099,-0.6333283398449431
-0.35552659720525454,0.7912622570915856,0.3686465442298705,-0.7076264560801985,-0.5252954723533154
-1.7949383211484249,-0.4057670976050529,-0.3658552389103029,-0.1915750597416906,-0.47166291108038977
1.3748030080518923,2.5882452942996688,-0.9402012299190228,0.15385820184298046,0.4402908402738683
0.058506776977706926,1.818469001118485,0.9744203030941305,1.2578766094223097,-0.27739520009776697
1.1657914661707294,-0.2057003511045367,-0.9701751376428315,-0.24280034184761723,1.212576703347251
0.9451276546051702,-1.8554778403621008,2.2704383475786134,0.021474041503207437,0.15937183602821406
-1.546837701091594,0.3963661926174351,-0.4814548474081772,-0.8097020700993499,-2.1485274296945778
0.5107139185814974,0.6544568279090821,-1.631689378133534,0.028135914622094332,-0.7330786716991112
1.1695727383371355,1.8853536007794875,-0.6834477230869237,-1.6678686638335496,0.7036813684456104
0.7093458427532205,-1.02286233207097,1.0587997436776566,0.12137249955427631,-0.10178722924169778
-0.8520758700955097,0.18649390796046403,-0.43871793349864613,0.8814647830154871,-0.3657306917653776
-0.5008862990802159,-0.908146737119843,0.9798779303673381,-1.218817888678047,0.956855088889908
0.8069409605104447,-0.17546554123981142,1.0416140888645518,-0.7287510110070874,0.9455153751255047
-0.07810290452741357,1.3529398325217281,0.520815560879353,-1.4641447099189948,-0.04789646025012671
-0.3935794592448198,1.1373942078364054,-0.36274489851359476,-1.5833356862764418,2.192538074105153
-0.8135146066116085,-0.34334671771886294,-2.6747662881793874,2.0391987078970537,-0.4082446170341877
-2.3217876200275764,0.0408016668346625,-0.9745231830244686,-0.7720463832675838,-0.2863373020695501
1.1185263185089724,-0.9519704470577817,0.13681681361752576,-0.2501149567534412,0.48591672201518393
0.016322402519508557,0.6680177901171959,-1.9790560910277064,-2.486692443037411,-0.9452772244242232
-0.7385817525239442,0.9947001829070885,-0.9085884043179637,0.43664730340137164,-0.4692377759734078
0.1948961912662677,-0.7756094389227451,0.5316275769913463,-2.381044564944854,2.104959877574161
-0.542999602463501,1.16697388486872,-0.535169200397345,0.13197130423140405,0.38491804169903243
1.8727192690530827,-0.7598432411131275,-0.9588281244858479,-0.7152354388770676,-0.6604440640289213
-0.22492126082912534,0.6613883538572054,-0.6844250940138178,-1.602829355195035,1.2354492924767346
0.09390045700425632,0.43265800635325297,1.914822636132343,-0.09497643096777655,-1.91359634603065
0.9365311444937142,1.0745810205805353,1.333883596507542,-0.47640936484166757,2.5333685824254895
-0.17876420354995456,-0.9910892877363483,-0.2785018750560473,0.3587014252025534,-1.270404852684375
0.8020942776098683,-0.4307768380319304,1.6531669140617913,0.8899251124673224,0.4353978882966384
1.1631809114496834,1.2737443603088954,-1.8135567774747725,-0.5708975003828101,-0.7965414542115895
-0.6501403273614661,-2.77098471847644,0.14465134087770448,1.1100794862046883,-0.25375014470639345
-0.9517204289507443,0.8551847116881537,-1.2672702485348322,1.3683087543777475,1.9101931750253525
-0.13305981279398976,-1.8709701994126207,0.601998022809553,0.37282358167758095,-0.1071660639626344
0.18518539485909086,-1.4007369815929076,-0.2269163803053913,-0.27910403683757473,-0.7302896001816956
-1.2184644312950712,0.5853554609483977,0.8763704019760931,0.677163448669549,0.8580194508538346
-0.8732398897091911,-0.36090157141887214,0.6057753346971873,-1.4151442635431006,-0.6103160856777937
-2.219914765036684,1.9399133413219305,0.13392827310461403,0.476721309888076,2.2867030430953212
1.3994681107914948,-0.8659567209357847,0.6843550283347314,0.6281988544507906,-2.632279972221502
0.7045128892481599,-0.7302504709660905,0.39769726910629377,0.10089446058887888,-0.6182755120713067
-0.47084329845790757,0.5501857534639653,-1.1794691682357785,-0.607129133011085,-0.2632210454077352
1.826953435729803,1.1985354905627037,-1.3416666448924441,0.19314418897298424,1.069737509404846
0.4662338216217739,1.5607125791706493,-0.7182105045037859,0.9199953827292283,0.6004981327823351
-0.7749169522123309,1.202321220766439,0.9773105073618674,-0.6067230831423214,1.2485685910010498
0.9716596826089883,-0.39206824601475687,0.3961913825680168,0.43782242932624565,-0.011823344964088564
0.5930813243991595,1.1409390235137185,-1.5214745785869197,-0.8431899701847891,-2.0009997983612764
-3.2458813369853794,-0.4779888759905417,-0.42855048973493626,0.6611549552212165,-0.6622415730902662
-0.6398570228232179,0.047884059503950124,0.5619186591693149,0.3011932699859488,0.041364519079722675
0.3872913551231744,-0.4356472821774947,-0.4957139865139526,-0.08917653100714298,-0.013237148348633447
-0.7058051363899697,0.9084505836977376,0.5488674409771295,-0.5026385692325758,0.973566074607167
0.0332695988936873,1.7656040118207093,-2.2678564515941053,1.2519555831385412,1.368162026446369
-0.2743419313719005,-0.6038583748679835,-1.4276753360035694,0.16398871038045162,0.16064881293324973
-1.2022198771483752,0.6618588305267395,1.330182575163857,0.45466311308733587,0.8747763878786202
2.0246023202339996,1.2342142810405994,0.9277281664594911,0.716525736013828,0.6567524834433939
0.3856275956704228,0.07028223992897853,0.2701580552439691,0.5692678642843866,0.23832970312399657
0.8739334957074393,1.3854881447548109,0.023741850903029695,0.3417720002292576,0.14993877507602055
-0.7339095755144889,-0.389226288823282,0.9155272994914274,1.3796514765157284,-0.26650646581421045
0.23138638557255428,-1.8252899083610892,-0.9143366406636292,-1.1163368718554645,0.8290598806200624
0.2993595776359077,-1.2524648209053852,0.2818999980996291,0.016175084915169793,-0.20795071823931585
0.6312338979368097,1.2872358610922834,0.48039948657528947,2.246560861822791,-1.0767458727299029
0.46868637762290505,0.3251266072270445,0.18866361680428723,0.2041092782181537,2.95001870699507
1.0182605109145766,-0.1846833052219858,-1.148663686950383,1.0395413327204472,0.6973712041291135
2.2015577596642237,1.3433395036547304,1.5970005442977933,-1.1729828978683239,-0.456085284842203
-1.0996631407156119,0.40745270542858103,2.12897889734769,-0.5133668581538974,0.23717428209981148
-0.1853131164683063,0.13141731858635636,-0.4166354347514775,0.662158328987598,1.9885163427361867
0.58602960978083,1.3893615008496092,0.48261666417649246,-0.5236009279707192,0.00019170361552696275
-1.4685715475906378,-0.43843601884237754,0.13651370387739545,0.17647029695557262,-0.9084656773268276
0.9521534696182572,-1.302498747833555,1.5371008009567908,1.7632712303014313,0.5416214712532524
0.3844847523655806,-1.0516137110627974,0.5606011486625866,-1.1433156340988924,-0.1785997287091772
0.18177415720363185,0.8745369939911923,0.8721627911350683,0.14335268257309206,0.18085371662093588
-0.09782501085849121,-0.5700201751658819,-0.11582183540581587,1.5315807770578684,-1.0405295720010397
-0.4491306432854155,0.15211270632698762,0.6334206397050581,-1.1745323598129656,1.6759012706146152
0.5835153849521078,-0.7169648833472917,-2.7319081189772505,-0.03456281463855249,-1.0399927805497677
-0.9668558971384729,0.40822059082407147,1.720375417637723,0.17969229192705088,-1.4814921816271611
1.087317204753648,1.6439257827694482,-1.6383205120929805,-1.4461478202313076,-0.0658865493134807
-1.197442110162508,1.1121854628738341,-0.49202351162791785,-0.5579173443110396,-1.2911612314337082
-0.06496362535435865,-2.109358044321837,1.1877491419875896,-0.8111592395866707,1.6614348223090478
0.9368090130794742,0.6366081819849269,-1.3678235896656326,-0.4141051797780576,0.23550678565430316
1.5447958613154564,-1.074614795577167,0.4869670327356025,-1.18862309498583,-0.9952840482639512
-0.6078218823143444,-0.21910239369883167,-0.42685040505701916,-0.15274241808939926,-1.4215810116702747
1.0253665584211327,0.7780700493671668,-0.9520978712824777,-0.41440992018376277,0.513516433967124
0.8281796983222313,0.42866193468184394,1.151736203479939,2.476842558874249,-1.225722731822853
-0.49588477741963244,0.8948385508375433,-0.27875193341901905,-0.3603617216890685,-0.2530624502288995
0.1732493199649565,1.7116335023832157,-0.5803412829947916,0.30885621749676895,0.12782090442430272
0.7345657217951945,0.5837409296556482,-0.38699017999672247,0.05185324989940925,1.9427192409680039
0.8946758110201035,-0.9661720663758919,0.39122527218069514,-1.2109181604545352,-0.34563883175306304
-0.7147127442670738,-0.9245485785809455,1.2740231387738865,0.9629232355800451,-0.780254142593562
-1.6168947257858985,0.3834192650034811,-0.21222550312135358,-0.23164675434466753,1.6698534666900964
0.6344482354119225,-0.06123922056363102,-0.4473260566280828,-0.12325016466717426,-0.31886729324099045
0.005836649236287682,0.32553737026007445,-0.9098688683830395,0.21428450972506763,0.3914205256951445
-0.08474591721742387,-1.1577251550715293,0.5816101030678817,0.37179366260714797,-0.661216870087325
0.3482292947781534,-0.5851826860060299,-0.7152505578431568,-1.494169041742943,-1.2126074462571135
0.4536371461896887,0.7599332584208061,-0.46869252337407025,-0.812781627254696,-0.5977207950912057
1.2474313786248812,0.7549041495971422,0.6767770781367346,-1.082043946109938,0.05112452324107528
-0.007266405275561751,-0.42595902709052014,0.07654987306928919,-2.629078062268587,0.716760980086569
-1.1100926988873534,0.012650324546256954,1.4197430273861504,0.8644798050512063,0.3615743168460469
0.1729837428342442,0.6275429514509343,0.20609851438795287,1.4124551361041735,-0.49726718038060164
-0.21075790085993917,0.41188322703875874,-0.5492612647793178,0.3185929317194706,0.6167604912056912
-0.062478831153867695,-0.22782415822144395,-1.2657952722364725,-0.10464114803614957,0.8757633302330012
-0.3184304489814382,-0.4470715515560967,-0.36072410894525686,-1.3971804241799415,-1.7668369796395067
0.1893539198227444,-0.5501006195632155,-0.797839273735782,0.05379341619282627,0.24288623722590655
-0.5952428583418548,1.263631892909771,0.24833605539307207,0.49150075624272294,-2.3141613767478226
0.345288390188889,1.3452241699704361,1.0814296871270952,-0.04569332889856973,0.022487781986212513
-1.1850205694757225,-1.6002579237808152,1.6647110666002147,-1.3640040587035207,-0.2743195714372738
0.4282706896517318,0.2466577919311458,-0.5377742245889743,0.10497216456549027,-0.666068805129902
-0.628770274489036,0.5089891971312346,-0.8576743747301843,1.4025331707801747,0.3223638137042097
1.3731130753881398,-1.3454762985039739,0.80218669743309,1.1555625999742714,-1.0427478139903537
0.1575887627332978,0.48898043432942184,-1.939318526926397,2.1262258510733765,-0.5859833752641603
-0.15693486552194086,0.668884343527519,0.5157121914338125,1.2939278349082877,-0.013007146076149924
0.5679527980025161,-0.1274119615884876,-1.289866371558316,-0.050485046932831235,0.11128568117460313
-0.7959664046248783,-0.15719860926992418,1.0184913600238628,-1.0528480988665883,-1.1174620780556088
-1.182132840665662,-0.45579504596400683,-2.181645223940433,-1.2941149786697679,0.8705894482774017
-0.9835844636572418,-0.7037783974169222,0.4342035463738494,-0.16434987550013286,-0.5846227936784766
-0.9048100376646616,0.14935116858063113,-0.8357263298180493,-1.4701379312723744,-1.1145101978736438
0.046928048115880215,1.1997679347172712,-0.49293987811267337,-1.2991394879889726,0.8244881920301165
0.7346896766123886,0.5784505464777945,-0.7081148002322668,-0.29058776431578964,0.16235454995305865
-0.2531733544445476,-1.4104610357597294,0.5005952370115089,-1.1798730322161484,0.08229652869037063
-2.192269648359551,-0.1912067713067878,-0.1658324335659922,0.6869918088671619,-0.5520801065546682
-1.591918709885677,-1.7901886074230706,0.051966100356301004,-0.22008259585908832,-0.6724100449896745
-1.4103834740026233,2.8574395567519324,1.52709873911076,-1.2322494470308654,-0.5282269570786374
-0.3274501245402309,2.366326305698745,-0.3190338367595264,1.1596975538338503,-1.4364553342222666
-0.16832372901117187,0.36305655396477937,-0.6341876561680868,0.5643631926483215,-0.04103647617305941
-0.8167534428409229,-0.4433505418449708,-0.8220384284972533,-0.4188187074026717,1.852510172272009
1.0349875778494555,1.6862175440808258,-1.4149986591796535,-0.9685317854028012,-0.11948313824129303
0.529090545215793,-0.14479225127312165,-1.6874845839381565,0.016164598005772527,-1.1580930037168964
2.1289695203291754,0.4850933158946596,-0.7026776056539519,0.23640901251922222,0.8443897786821895
0.7537810311310322,0.9360529523417997,-1.4053972349717125,2.0060719755333403,0.5143361094755978
-0.9144887252899926,0.6465994612225846,-1.0218529123103566,-1.1679056047184413,-0.65397665424027
-1.6159561856569988,-0.982380852261379,-0.9229491979589636,-0.6206377042568005,-1.6432430202711918
0.1219799771946877,0.20700692142297455,-1.3863809224075554,-0.27531873143399943,-1.0493393189827755
-1.2012253504107735,-0.20753258016642406,0.1579295907999543,-0.16113628318187156,0.9193316241655805
-0.9754805303060236,-0.509577934312048,-0.7331694076901258,1.0630520025051158,-0.7944930271551445
-1.8366475052174582,-0.3533676369432735,2.3923351596504023,-0.5164147422761766,-1.3805110077648113
0.4890077039818733,1.6852352142055869,-0.48631605312276877,-0.11328400696223767,-0.9540738316030513
-0.378878795426988,-0.49381394626309244,-0.5521007123772188,-1.0323407143976657,0.33813540573020795
0.4334523085190736,-1.0483543513282345,0.33417640960049516,0.6073035521045799,1.4311383865799319
0.8226398082383424,-0.6811305931127302,-0.7810540719942323,-0.5167648934059287,-0.4520607016652577
0.17310902130774095,-0.17505052344326788,0.8811692122558537,0.6553808912282245,-0.6294031635177668
0.17127102676240435,-1.4009103515827337,0.27270672424286885,-0.8146908788336173,-1.9046277301747436
-0.8267017688008108,0.8368247360846534,-0.6844594631850882,1.530826022956718,-1.9800693331599102
-0.1382909461426746,0.15246053917983463,-1.3412642516102276,-0.370427653729491,-0.3984694174908513
-1.8964436786380343,0.5875540384680654,-0.7194777329309693,0.66730224600262,1.422404202652568
0.4755692661995223,0.5356118090467606,0.41353763616084155,0.11974223847962882,0.5221646300924605
2.4357783867990555,-0.48147222720211025,1.1156125411598972,0.861828280441363,0.8195987307364039
0.9159746407422041,0.7789347820621052,-1.0657503902045362,-1.0734830979321737,-0.8870662450631929
0.2378302803900817,-0.6409769552895592,1.0283078586292698,-1.2419996157131545,0.39241496946154697
0.7438393433879569,-0.03081604870926714,0.8430441615568122,-2.1121539198700297,0.8127310926482749
-0.5680596262136707,-0.7818312196781159,1.0904607734627305,-0.5080490564018865,-0.7826397135517871
-1.0567407032489657,-0.5127297484690131,-0.2638659844987165,-1.893944418515356,-1.3755935684109588
-0.09829209121857085,-1.2019705455612733,-0.6581237679616937,-0.48293993223338083,1.2001743968680705
1.116018091364398,-0.33189628713440894,-0.32218346339285076,-0.09145051930801916,1.1184534743731283
0.6765856762620148,-0.12054218517670244,0.06049751133879397,-0.8949655558070996,1.0135120147300238
-0.6760456794229187,-1.2809857401732374,-1.1958423934270512,1.0944649481546986,1.3919593309405656
-1.1229785580822167,-0.7449061037183331,-0.10447226732806589,-1.5426932023563544,-0.6408943604635161
0.6528845463825594,-0.6114182095632611,0.2726849582490127,-0.6121619922784614,0.4232662726891586
0.7941330357317732,-0.04443725718854467,0.3846055096656467,-1.0136500840791656,0.5099974637604515
-0.7057950743932209,-0.8155513175242529,0.128634890013932,0.15776604453631515,0.8255025337903865
1.6582430019882382,0.22078106472122513,0.1583732663108489,0.6404036239758094,-1.1992227029548483
-1.539476504061913,-1.699133655322354,0.6850299824772812,-0.28192233484835866,-0.01035475825360634
-1.8225844286285406,1.341249856794412,-0.5225832958321975,0.9255132074515098,2.016333925333651
0.6734875523433329,-0.43232634502721196,-0.2767684205314954,2.3357241511988645,0.3644925845999788
-0.9392229882163852,-1.053339395645323,1.960364862612131,1.1087327642962408,-2.0135414520300183
-0.4835779528978672,-1.2140762893261394,-0.9728975559637526,0.5437046546510468,1.0523950806989406
0.6277767745835438,-0.43011391251482395,-3.6293029711487987,-1.0258599441156402,-0.5123686693722025
0.08957884565893066,-1.3196950310298683,0.41049880678988604,-0.9338660158063522,0.4969458954533538
0.26500256774583947,-0.46577723324542203,0.671450247505866,-0.71186007310343,0.006281171128161443
-0.36711147188657606,0.5026992812186674,0.47021890614186845,0.09911928386858862,-1.459345185597235
3.399109327779983,-0.7185822325187482,-1.8014143139196004,-0.43105469824400205,1.3651239689986419
-1.4539195297581446,-0.5560226027182361,-0.41196134032527587,0.9958945797642993,1.3654475838678626
0.06001781651882936,0.5982745020373235,0.3905542843183813,-1.5762818185935394,0.9756543204713773
-0.30214666483007147,-0.15295141914276142,1.665255851016131,1.4023014775997205,0.09666102561489617
-0.5454004489506323,0.18285239075169885,-0.1389520357832027,-1.6391583147227353,0.15271638956042324
-1.1529017317213341,-2.4194258142172886,1.003658810076281,0.12526449381881088,0.8956475777993772
-0.33892213296200435,0.48419218791239915,-1.8369674247253276,-0.1506952174815107,0.9533955395391264
1.6298911347188902,-1.227301307749154,0.7481587936981077,-1.157200730841175,-1.5927739658462554
0.6202684029114258,1.2178193430674717,-0.41691803284251855,-0.8217932392260712,-0.309394433769862
0.8387599253789073,0.0773267531917358,-0.03727173453944566,-0.020210966968517992,1.6245631941448773
-1.1385133239325422,-0.3537281917323729,0.29323152344013004,-2.196999491562053,-1.0902351416224116
0.20510366311599867,-0.682917424739281,0.10062782892090312,1.6597958111671092,1.7166729111992223
-0.004806997422978404,0.5879031670640307,0.911950255768936,-0.7186878268787521,-0.696663901486338
-0.4041019277097885,1.4729328186655306,0.9830131839779003,1.39646475054318,1.0128393263137045
-1.0283531572740354,-0.6362239703327014,0.9064603272159468,0.18439544133844563,-1.395226298025374
-0.0733268025767784,0.023173433169223163,2.453858326414015,-0.1853203417343667,1.1802014987798433
-0.31835468397866024,0.3568365777205647,1.0357880019562182,0.4462630680691622,-1.1303131314431245
-0.05361895571095704,-0.05016774358286951,-0.5995593788685051,1.473587793533611,0.6553413089899492
0.3548011335265788,-1.244912409062702,-0.3553467465126942,1.1473268469125424,-1.019317733493426
0.7539829082350087,1.1026033063368568,0.4967210908011263,-0.4101296844225941,0.14427210630083734
0.19986634630480954,0.6353576509647975,-1.3826046174810918,0.6972177609189806,0.803052163367509
2.370162967897471,-2.6329925955535733,-0.06453989950535721,-1.3073861828241473,-0.07150735684815082
1.0435523479757425,-1.5043081746161684,1.0129887982907233,0.8084920632670652,0.4779241708151134
-1.0599650594529475,-0.11892922080775938,-0.8557539613851938,0.7204447375463968,-0.04640587740182639
-0.04300460537672044,0.44707227683634243,0.0610371899264237,-0.6405922017469893,0.6761556767431034
1.278429646507585,-0.6299869759595962,-1.7192220524558086,-0.4774360082944958,-1.4669556710027796
0.37208615212078516,0.8628255020195955,0.7685067477419701,1.1848351520169342,0.03608769808356696
0.15387771846623216,-0.3711252725827956,0.5421401976681228,1.2445083645905515,0.5083997140658568
-0.419209693666056,1.4593119624750375,-1.7070616483093906,-2.051464352340005,-0.24831098363585036
1.7518676749443534,0.6101755780455203,-0.047173903502275336,1.8177850677444083,-0.5878371492689828
0.8875595581636234,0.18790812765315487,-1.0096328151203238,1.0714119243971651,0.15650913103648098
1.6918051321422025,-0.6495750767616797,-0.18026530835623225,-0.34330720991258146,0.9338267883875578
-1.177053429771317,0.72556884408429,-0.8116694218677865,-0.5702425108740068,0.5480868447441759
-0.6272632713829797,-0.6371573222253265,-0.0240588080859654,1.515447242217023,0.8935701947104691
1.8439726227554158,0.7336647557801995,1.4571536125657216,0.6697482844748965,-0.05257932726005859
-0.5226869790201255,-0.3227129525343198,0.040067230860456854,2.306283237815036,0.2903497209645207
0.7020113945305153,-0.9102513729533802,-0.07590948375414339,0.4586457687732835,0.6014800993990349
-1.0353139832405815,-0.5824939781595982,1.284209556111304,-0.12411118015383994,0.794914982575907
0.48116084468820647,0.4383880916853887,0.0255448921027578,-1.6820130535831352,-1.6511362272187753
-0.20866131338831287,-1.1739468546699157,1.2133441960613849,-1.996075172460994,-1.0608811805171285
0.13936723088920944,-1.4568150015377228,0.4086941999740569,-0.30437551038773175,-0.2639936334101595
-0.14037646437742857,-0.4958217276653746,-1.0355586974984505,-1.1717416160956615,-0.8844602369103084
0.25732078589484764,-0.4298557673960151,0.7550559578863909,-1.3224387611298547,0.06694762606733871
1.3453933087853278,-0.8138640636211035,2.4894520335392327,1.5845249698507946,-0.5495389581689846
-1.1856456163973919,-1.8246740472102676,-0.41236357227526954,0.3419179381144044,0.7061494498973864
0.2343071652020278,0.18732057621688666,1.4969541818096754,0.052346968999890914,0.9292446121492148
-0.43712059728325847,0.8589517567324079,0.3574375803761152,0.6994882627039852,-1.2891585690286744
1.2159504234519185,-0.03284588641054923,-0.07406893148351999,1.7996443073694042,0.07533841148388513
0.8058651449872092,0.41859015741213135,0.1805175781298783,1.6837337177851242,-0.2989655441541128
-0.1672348325491964,-1.188766355634815,-1.7849197386324185,-0.7021171225895461,-0.6767013013492582
-0.29957459465827274,1.3210497578225364,1.0860508620180458,-0.11804660463724062,1.7517478339913042
-2.323867626902718,0.8719517768580626,1.060349249519072,0.5399052820000696,-0.3184699544099313
-1.012182349636872,0.5769373668384388,1.1843118318870223,-0.35402901657311114,-0.044494563584841884
1.321578022658723,-1.5410007634833949,-0.35533062370588475,-1.578793684776568,-0.5262943980271633
0.5086545339265602,-0.1791502487330996,0.000618446588415813,-1.3060901897044002,0.5436677333319708
-1.2425472332355316,-1.6564121348814924,0.6804047067198388,-0.005211922467350003,-0.6689443622975759
-1.4482197261973193,-0.7044916882525679,0.15038336691558915,-0.6881865042499755,-0.12562340109276213
-0.8127559925878277,-0.20918215286206057,0.3027516857674978,-0.46482074738983264,-1.826167404442377
-0.3269739882821021,-0.44810483663694867,2.6779699414291693,-1.1515824140746176,-0.1330052155966933
-0.8241218783068812,-1.8917516045794716,-1.0991507731427244,1.3632608811968234,-0.27217061609231513
-0.19039584112561073,-2.0269601372148607,0.17238501811475415,-0.5282358970798731,0.6517679219554546
0.5575554117116539,-1.5843814965202954,0.40331037740737785,0.5729037448948534,0.888434284498276
-0.045266187666518444,-0.3197354367018666,0.35871757986599206,0.7195408521640758,0.12393887532632816
0.09094621829179332,0.46551660042142184,-0.2786559577468939,0.17360200253045913,-1.6453969475013692
-0.7578722545291308,-1.4852300206180604,-1.6057294082493485,-0.7459109353821524,0.6766517759033692
-0.8403867767264136,0.7488599004104287,0.9526155542428194,0.12440112739073723,-0.22977040630124476
-0.5236600726213947,-0.07381454397839728,-0.5257991807970201,-2.1856503762701736,-0.6158670990677481
-0.2660015425299441,1.6006923941369642,-0.6553951577941134,3.1432303972390305,-0.187743071528523
-0.005455189808379232,0.5975223548819195,-0.4895617108666428,-1.3891379111904165,0.6932258779833637
1.118674708975291,0.7313157132003307,-1.2954526673058355,1.8178395389963864,-0.7693255057878031
-1.1555058738229198,-0.3558476492328784,0.07563111453560477,0.9785821928579773,1.565636375502045
-1.9360717614021052,-1.2754612487322423,-0.6539350699875582,0.6243631187969455,1.4343677402803405
-0.5767321101963788,-1.8198230527118961,-0.46625201963639956,0.36302671719621743,-1.0122825295232556
-0.7043468148813596,-0.15510308971052364,-0.5854859386740089,-1.6996576465839217,1.0061000283053387
0.26688034019456885,-1.1681176955849184,1.626818016824661,-0.34006566719305625,0.3439239318734996
-0.2184605589947969,0.5870375041198039,-0.12633259718955417,-0.09484962246739678,0.9106435273523171
0.3482283648523667,0.753401293447102,-0.2689791250454158,-0.1136880109162789,1.2941241082072572
-0.11016281349471914,0.589231420430059,-1.50685591716065,1.0828695376610529,0.8801696732099505
-0.12611271934497256,-1.4915159700205145,0.0922279412912461,0.06346559929792138,-0.7189737749911975
-0.3568347304073962,-1.7146121207857314,1.6537854493766764,-0.016196136560490487,-1.381002756272388
-0.8238988493793763,0.47559006351008815,-1.5242153784744386,0.16797595736405807,0.32146105560660054
-0.7257830044539674,-1.0784070515263942,0.2525521196862512,0.48525299717370296,0.4816595680684585
-0.41915566449019664,-0.17031413158424655,1.2377309273909196,1.5683413276028892,-1.3865734500596647
0.5224315366933205,0.21381819513112826,-0.47193630041712054,-2.3107685166748433,-0.32150058321860553
0.8134150551097623,-0.9176037392469989,-0.004582597695675602,-0.08295693873632921,1.0190882126044336
-0.990567813227325,0.4548416013368572,1.0353790927717657,-1.8229161823214106,1.2035948678323176
0.37442143163793523,-1.4620790512769477,1.0982855063901134,-1.4887308942272752,0.3530180864367031
1.6360450059917673,-0.32703766942729,-0.35646070518043066,0.8562688072241608,-0.573923802989055
1.0123954710349865,-0.2944146299735229,-1.7843515034369721,0.08476193066123021,1.9197843476561487
0.5604488186899715,-0.45622813826723996,-1.5413569794368274,-0.8349290105312321,-0.007181552895899194
-1.4382201935665393,0.35167845775175893,-0.5175265549738427,0.5536509621968706,-0.9988155139988054
-0.3910322232268147,-0.5384806912462827,-0.8354696748988069,-0.650800613624988,-0.15877637662847385
-0.20405446560492435,1.3659014618321448,-2.37893684455861,-0.35056191173443435,-0.027898139091840895
-0.45505221992808154,0.20995875658431018,0.19390092852625126,-0.18762168681305985,-0.5565699676484142
-0.03491676079834952,0.8323905052002336,1.822267609452404,-1.0488492871331947,-0.7711507274230168
0.020989360058408874,0.6164885482791498,0.3423474525743724,0.5888610975118912,-0.2615085902870249
-0.2620696177308194,-0.3703817024642226,1.1068753009584777,0.4730755213674548,0.09185463514495883
-0.5411850461367437,1.092987629671196,0.42323266119727415,-0.6836834818729588,0.3207454139376981
1.56278633804592,0.9086481105213491,0.9710727347397048,-0.23142853447332642,0.2220506611807204
1.6222673575791426,1.1034397054874214,-0.7053695471335202,0.47771191080671166,0.629182693083171
-0.5037989454599535,1.5817578510063608,-0.22804273135671405,2.5620580770787993,0.16450463482538488
-1.4473270335640946,-0.7168526786451106,-0.38863283398211773,0.7491938551613128,0.06486134905471026
-1.1762537328897666,-0.11312542049515516,-1.9357227625032818,0.6926896839476712,-0.41219819562060334
-0.9511484689115199,-0.2988197572182004,-0.75110525646084,1.5673297251820624,-1.5067823546710937
-1.353395535523022,2.882008200641759,-0.04824812750888962,-0.15429398318495216,-0.9793783881773256
0.15951744650795552,-0.8539430600887074,0.9912578450376314,0.7615401266639632,1.352838042694634
4.621831036754177,-1.1362635138558415,-0.960215947177858,-0.44703084005402455,0.4584973268231771
0.17624799958094015,0.17868017989155702,-1.094972376709696,0.7940388326189888,-1.1361262553791176
0.1317555872255445,-0.2221916205663022,-0.2596801699164874,-0.2672848692059146,2.1005053668204297
-1.9439048789585418,-0.13308912155422642,-2.1993951592421066,0.9455339992935577,0.3669919705288156
1.4950260973979315,0.6840478502901903,0.9603658241801353,0.03636499379287834,2.044687732418131
-1.0803054579263545,-0.4715876508255337,0.7313976963640892,0.5908775517448303,-2.5588955317458586
0.8809065792289698,1.2075181667067107,0.007988348577216494,-2.41804645476908,-0.7042012137787561
-0.47165158687791986,0.30603225634645215,0.1975824351814224,0.3082608290393761,1.2623922099865992
1.2071482648679093,1.5090520620727588,1.4367166246498506,-0.7478191738905551,0.05079271901212251
0.91829266846637,-0.937678115933875,-0.536402856580014,2.434299304546178,0.5344616707670843
-1.584531083474281,-0.917965065381422,-0.7355980711574419,1.078147089086377,1.6450360259688226
-1.647301070313415,-0.5217674077764792,0.02205767864830404,0.40002854404635485,-1.0200243177046893
-0.6386998126276371,-0.3890303006783784,0.13208128736295813,-0.47462974048715834,-0.013773068386748319
-0.96327539716563,-0.5601476550235477,0.8899158009923183,-1.3673078970567636,0.35470687345660923
-0.08630515944674083,-0.2915894916248519,2.5471309771790933,-1.0075259191990042,2.4822284031628734
-0.41044045315663563,0.1272043214733079,0.4984183755585843,-0.8673953853502467,-0.6877805226807396
0.6021099241890604,0.5530017468549009,-0.2026895121498404,0.5128801969716332,0.940080745133687
-1.264195104692428,-0.8484790440979901,-1.2693117281806596,-1.9854359182241466,0.6763412978632006
0.553539642929149,-0.7307188207137979,-1.0292872585521802,-0.36315394684796504,0.21665295444574434
0.5114881886812921,-1.21887247289346,2.0423905803201414,-0.277025983025411,1.2355583719412708
-0.5625658250809721,0.8631967718304917,0.11328097342426686,-1.3502003777392537,0.6803831175711356
1.7872463246344936,0.4221962416328201,0.7114977217899069,1.6035542003827439,0.3036705630040235
0.4103806908285626,0.3292542004804729,-1.8005388810077865,1.581206691186468,0.7486860151049286
1.1186200105363824,0.9662166146569029,-1.0068696065052203,0.1396596331932042,-1.5840278714713183
-1.4503003356914193,0.5181877360831119,1.1817314622015422,-0.14632566249996876,-0.7006854703894169
-0.10921140185284753,-0.7908119572479809,-0.7873170642525198,0.9953838166410256,-1.640757250263741
-0.4118541602025584,-1.1047783171514831,0.7598515881294489,-1.0612389686978343,0.928043684119479
0.18560675014458805,-1.3787353471868882,-1.3546000733081285,1.2348278714402294,0.2168732455886705
1.2821197390159438,1.5881571562700614,-1.0514014189789918,-0.45606338111689027,-1.5639210284130554
-0.04541063048559694,0.3676423244037974,0.3192938323620864,0.7917689574465518,-1.041748652349443
-0.22627085647003173,-1.6614353887714326,1.0070787955314868,-0.5943484324688841,1.0539955090632753
-0.2506877860070649,-0.2574003143763693,-1.3180240534527903,-0.7896684597949037,-0.4037234109664695
1.2431165024230955,-1.2241620291496584,1.5108178290052203,0.9872323884880048,0.6430766990033463
-0.4381079447227565,-2.405895601039787,0.0024484999813293245,-1.865717143928742,1.9283919148891417
-0.4642290994992342,0.5735607985874428,-0.4878289904318908,1.1943923696762704,1.580472108964975
0.6535331342229619,-1.3411351259576376,0.3079734362176684,-0.5784635106702543,-0.512234702618836
-0.6021715751959413,0.0026065626626869025,1.114657856477256,-1.596824992680195,1.8422421278580727
0.1751606110364731,-0.6113179075458699,-0.7758182001569935,0.696366409259309,-0.185532471704688
1.1857420428724297,-0.44782383933979564,0.247237050882404,-1.4393216520507996,0.9096965959256835
1.2516494448142155,-1.1939692498134262,-0.021074041572193697,1.172444662477718,-0.5341373968859066
0.7673323125470102,-1.679920728158706,0.9383922032981403,-0.7813131344679696,-0.6603745956259001
1.6055568491403318,-0.14384824466765492,-0.7205426013071238,-0.03988821699823312,3.1824928931311938
0.9090151788463015,0.16902186266580693,-0.8069537989616787,0.6713812576262445,0.7303668248620745
1.2719683199629341,-0.5525170245092289,0.02041770980396361,-1.8483070608235583,0.9071471301735298
-1.1237794797729947,0.9232719067365593,1.2706281994227522,-0.9583579599164282,0.5705883520258698
-1.9813717609961465,0.9501265612451422,0.2496171231980372,2.021360440784758,0.19525252731574155
1.0975962411844291,-1.1040097729094926,0.7104960411075832,-0.2671730675942592,-0.16511576837450206
-1.1477878024773822,-0.07828374893605798,0.31659622974989127,-0.292165707797818,-1.0081485453810992
0.6336308424816619,-0.3038766272928311,-0.7265026605206817,0.6971160459848436,-0.33653721789557706
-0.5980545768198051,0.3959474446491591,0.625246074341097,1.1327843533936492,1.6162689068738882
1.5627294338895172,1.1402843351413183,-1.7603033658604545,-1.5514345868556394,2.3882686343753714
-0.16662885546040657,0.6162194021993254,-0.9447736154583557,0.7818638156953012,-0.8548961376753129
-0.2949133417395557,-1.6660060529158371,2.356903749237894,-0.6386544249986911,0.8319448920144192
-0.21913623939821164,-0.19512227654842257,0.06036082957718722,-0.26253702863020734,-1.3070131965847889
2.0599542173232663,-1.304144341732794,-0.0694207639948926,-1.203102793186879,-0.02274006660703045
1.091046492677959,1.1003475475571065,0.19094231414807744,0.8151340434150884,1.8944828837444958
1.0858910259061372,0.023348603932536134,0.13176285475860688,0.10302358834665984,0.6958329257982637
-0.33260810135925095,-0.7722203174544359,-0.6521074349761976,-0.44094079290309873,-0.11455846884948334
-0.10379980592580142,0.5503680756249903,-0.3397539324593223,-0.2810617451536438,-0.10651870995219753
-0.30745951755539774,-1.352307554701278,0.33188861933328895,-0.41460658312456955,1.093583710953638
-0.3049713856885975,-0.7349127297146879,2.662199575172566,-1.3367084135698863,1.0862029096574795
-1.766138139570178,0.6530534355744694,-1.6832432619954751,1.7913031299265825,0.5981642016526074
0.44053673692899914,0.42131763899909147,0.4172463038414083,0.8794993484455785,-1.1052035042398496
0.7644593446953657,-0.7669972278881744,1.0690546210740515,-1.148495568016477,-0.9853707675603183
1.2368959462758395,-0.37943635897527234,3.0285047602722264,-0.6630909642318604,-0.16237296493436024
-1.8779831599447512,-0.2710195377476042,-1.6174894354665819,0.11735561309145984,-0.713237370803603
-2.5650235333223783,1.6240166566602525,-1.1513934182809724,-0.2782875489861622,-0.2725354542001187
-0.2253702738483901,-1.8221019406847276,2.305533636372262,-0.6028414629892945,0.17301740676928895
-0.4219555186086571,-0.23662612489648543,-1.943002150642076,0.6014651307197816,-0.6737638026217676
1.0926115327728874,-0.5181867840630666,-0.6892289082209937,0.5277919544559558,1.1973620568027474
0.07425101013707802,-1.396054194934122,-0.689953328374086,0.310282819310638,1.3706789737057112
0.5227796063028933,1.154848251519421,-1.4322774334554664,-1.5597535965745821,-0.8697997437298767
0.40156746963142204,0.38803387868629663,-0.15182277397536995,-0.6489028506634064,0.5745570441737505
-0.4986578177647709,0.5431417721093889,0.22156519087876378,0.3855258712409243,0.9374431894176146
-0.05777275541756146,1.3581522704955147,0.37391623529361545,-0.9254498751660795,-1.8278999884519087
1.206353966593464,-0.6575224005089955,-0.6717138950844485,0.2433930099793492,-0.20616869268680033
0.28668426652313356,-1.1577693413038521,-2.746014406338044,0.3934406882199669,0.2343443828948144
-0.2718846225393579,1.5720906911997543,-0.6492694245254824,0.5178791849570704,2.4835979922484204
-0.16423397236008025,-1.1958203829405702,2.2698433612573594,-0.3459798064701453,1.1024211950177665
-2.2917997474247,-0.9041337497706903,-0.4035124011069466,-2.4590648625964473,1.8003594292000193
0.5865597031949236,-0.20763859500230553,-1.1360607344205829,-0.011730058788681988,0.15381401420968013
-0.6352257634521862,1.16422484060366,-0.4713136567097507,-0.7978166706086983,-0.8030841106592027
0.43231646674893587,0.8828348204078297,0.27077657311933295,0.0961227554575699,-1.5277923000513274
-0.17472095921382777,0.3785967888755517,-1.2729308450724883,-1.1341027184891026,-1.782381206678311
0.19587196376105162,0.030225615478214243,-0.8145804645766104,-0.9688078811167582,0.2505374475415006
0.37945865924337174,-0.306172057974713,0.4837150443403245,-0.962042074369665,-1.59755080832632
-0.000387087350920679,-1.20618276501363,0.0969248214087016,-0.7576759712029316,-0.009280125463285683
0.9264411792768957,0.09681036055050292,-0.07171073847060577,0.4576002693275782,1.3639637400665827
1.4732230600107763,-0.07692637595260665,0.7505828927107192,-0.6858656928978208,-0.802408481452547
1.2364959869990257,0.47681545389417473,-0.1705518199311318,-0.7395678819869473,0.6598913542404634
-0.22835280974742136,0.3514529724755944,-0.6659105165726136,0.2792222288262503,0.7466185814943765
1.3837621001539726,0.9119827595837458,-1.2330562991237628,-1.3941464297030377,0.2911254341973237
-0.7625357943479653,-0.6645696217766299,-0.2868869040813843,0.2788190530012205,-0.10476949041251993
1.2986769913663236,-0.5344963219236729,2.095591488363868,-0.024985301071193573,-0.8048479458428233
0.14080318066720665,-0.12354811882194135,0.09957457940064858,1.0631328627928955,0.6154425329279933
-1.1007234256773508,2.1667651970066606,0.37276082100300667,0.18323830806026112,0.09457292840151996
-1.0615607874646547,1.2709717506106468,-0.5108402270027675,-0.24071958034825078,0.3408317508670061
1.5215225398862386,-0.3561009283557482,-0.10973357673006463,-0.7961116386420751,-0.24334149550163978
0.4222344102518328,-1.1097780015162777,1.9759102461574707,0.6566282133283085,-1.2526584606729643
0.5266280075586401,0.62365547458913,0.19903299439499594,-0.7920746613048194,1.0305600894839346
-1.6920972186479004,1.3912721252446214,-0.7482069306487208,0.19946279855409046,0.5363789549263259
-0.9731163417187254,0.07388779979689257,0.12353150025132285,-1.2133855944927203,0.7702553917900685
0.9216173468003908,0.8242477700623393,0.8100860638481281,-0.2703999636557491,-1.0340932819543323
0.5363306456275564,-0.3702176800072324,1.2277949948953888,0.5937751640415139,-0.5727459842387572
-0.2623585010696518,0.602984017656857,0.5906592800012185,0.43374460695224215,-0.30195347249554544
-1.5038324065247068,0.9531414506327587,-0.3057062832405654,-1.62171542363789,0.5337966145137601
1.642445109125162,-0.41395103808063444,-2.7365113792400773,0.43828610321510764,-0.6682504605295017
-0.12937279880200173,-1.4514435994467483,-0.41582020916118834,-1.7881741944113867,-0.5682750558362711
0.3919034463730981,-0.04440685606478514,0.5602599939588435,-0.6639268662888933,-0.6205073270731873
-0.18060414736992766,0.5048987427828553,-0.6131855888992349,-1.646666718835539,0.6967423881131014
-0.2757399843400393,-0.09787319209874927,0.16483380328614528,-0.29922992046722247,-0.26826491800140184
0.8032670267448142,-0.138843658136633,0.059010942128115126,1.7078197301600746,0.37705353196754515
-0.06426257610750952,-1.3650017350261308,1.458506614292073,0.58906503221234,-0.07471598360073285
-1.2763411631294599,0.643563338368135,-0.25752891877853445,-0.1863766805484362,-0.3999899372545138
-0.2683691437297124,2.3426059222698368,0.28137537300518994,0.8650793900652468,-0.823518729764129
-0.1942683670006273,-0.5839146630909512,-0.19056522803486498,0.5957766714803618,-1.831446086191709
-0.3732434445831602,-0.8704924337471343,-2.2455952459718045,0.016841961805709342,-1.4513583709235058
-0.7855961646845816,0.6817458460509891,-0.7993572788045408,0.0810196633875628,-1.446032004704182
0.5458928473077813,-1.0615799003250583,-1.3716968961369305,-0.04533089124943855,1.057359242434336
-0.18252403243862053,-1.0783749694689484,0.6050303720024522,2.403054565492859,-2.1396874372004246
-0.8639707403404884,-0.7046717628817655,-0.25087834092630873,-0.27517730484526665,0.6568451814777584
0.20309989046499832,-2.4914351837063555,-1.6365617315459091,-0.7312218460582082,0.36146328967896635
1.0178152958787607,0.3678574713864382,-0.6767722561927955,1.396698768955342,-1.6338577777455439
1.4949481547859813,0.27976871700397576,0.027502547798858273,-0.5158830020328912,1.47325859743563
0.4569111196890484,-1.0461863721735218,1.126124183261075,0.5040354791488575,0.24761805504883314
1.489587664723924,0.5839508125180652,1.06279436746123,0.7671657666475232,-2.4373667433950366
-0.04413176798278134,0.14147966265081105,-0.8472007749783532,-0.04941074970846236,-0.48051411296387747
1.3252187063819536,0.5616812598450353,-0.3944890645669496,-0.5710401437955267,0.09246382625255958
-0.637007355584779,-1.5717609448364185,-0.557820631282429,0.5935197857729776,-0.7585098159781613
0.30868131131867316,-0.015995995967568854,1.5311080568635966,1.9276387829795718,-1.201678007167631
0.1829174510912241,0.28703544322217855,-0.19105978802384876,-1.5225239819890812,0.6057766736809498
0.32870294779750103,-1.0312192681174446,-0.6449435682490595,0.20205993140942669,-0.1618712035822123
1.1608612204252697,0.19788258762777286,0.8963518493397041,-1.5771624414949217,-0.6865108363034731
0.22971889386077068,-1.356658621601837,2.1928936496081115,-0.18025256005301446,-0.7341231396664513
-1.282915305076957,1.70293701011866,0.7689814789816298,0.19553940514841614,-0.1374085017241783
-0.396014908465791,-0.8840445420069464,-0.35761714600524935,0.5366243761242265,1.0673674751389053
-0.48370108837019854,-0.7501922055449444,0.3478441321211289,-1.0516366628621199,1.1203853959360386
0.10115032405805427,0.03233719760318862,1.1043484594038093,1.062659853042369,0.234684058112672
-0.7156385006913439,0.3483797699556602,-1.0885286598075963,-0.04419693055062793,1.0613366475951018
1.6768814108584709,0.5800681501497142,-1.8428808501171878,0.37617592804392613,0.22393509567850975
0.8752816284328292,-0.20046119940941357,-0.4996669427714248,-2.049719667225946,0.8577402723721391
0.2234311137486105,-0.44671788836076454,1.1801283587141531,1.1467608311107855,0.5730803900822812
-1.3854339609940423,-0.1399914661601527,-1.8447299914933457,-0.8237264420684648,0.3696155627107454
-2.6142987817533587,0.8799304731082596,0.3104707303566893,2.957833343506153,0.16046015174047382
-0.820332707971565,-0.5514653594324406,-1.7151143761419576,0.47464766521313184,0.702592193945012
0.3509109630381152,1.3360732357035574,-2.0334731887718847,-1.7843837849867006,-0.20572292867412958
-2.3856534300869714,0.026072827816465777,0.15363499363268035,1.383618708715313,0.8559029625687158
0.3629065583383223,0.1539211630425614,0.05733393206422215,-0.019635612596721516,1.421009524230991
1.3671295535603514,-0.9722038460062539,-1.313321964635747,-0.811824163404744,-0.6903252863046514
-0.3683639887541449,-0.12295043792340961,-0.07078218759928766,-0.23897832877017675,-0.23517659037755645
0.5097691154689944,-1.8487888955928744,0.5970472116035979,-0.5855930796156139,0.16200340428210688
-0.1881034128787149,-1.3271281126575467,-1.1086453959757878,0.6110350436885489,-0.8086269834209568
1.4292611357182097,0.26953348515419023,-0.26986485458270965,-0.9179986192833837,0.5370139852644954
0.678583111328897,-2.1881849101915316,-0.43532867843076145,-0.35109944494288325,-0.7013173425595353
-1.6648178182367133,0.023718223604703843,-0.7723882437215999,-1.02222780313261,-1.7587906921308636
0.6833803733086384,-0.7470197627772076,1.7730224626902167,-0.32434579866044067,0.7757334627002731
-0.18537657998485554,-1.035714441936153,-1.3181796335439315,0.03662307600396019,-1.6189399403422329
-0.21314555854617004,1.3407185881200285,-0.5809235414784492,-0.035094096590789575,1.231667264876435
0.9646213682063489,-0.004488350413348266,2.4470161640432133,0.4108489586208142,-1.2011159092479227
0.6362792059183905,1.5172663090124054,-0.3838874234450433,-0.6185278769147915,0.5410447689104494
-2.0448922885333585,0.90174696805556,0.18658235378420296,-1.343986063483932,0.8526812183258784
-0.6145113718707798,1.130911484934697,0.01427086070219756,-0.454362582020382,-0.6694620031553518
-1.9003817112607222,1.0509603303188528,0.1072489813686131,-0.818391669235645,0.2444125511049021
1.0761125214474774,-0.1292442823393185,0.1401583720181153,0.23766016016511216,0.41750618902919184
1.4560015683920728,0.09535883723121882,0.5078028913092826,-0.35930749017969843,1.1889114615929566
-0.8080898182432251,-0.5305955793547745,-0.5037647839891343,0.051244915816891265,-1.1196259188404174
-0.40381312263428765,-1.3365291285252687,-1.573228129584771,1.6097774459648737,-0.47032022319247146
-0.18866074828890336,1.0780984584143436,-1.3963794587653808,0.740508356034793,1.3738049218393735
0.048609922687241076,2.1495226574975455,-0.9944908315634824,-1.3794789182645055,1.2170545778662414
-0.5912109704836906,0.8395326981575488,0.9076263033886005,-0.14000269551708044,1.6270397164494284
0.04467906022322825,0.021413223682797047,-0.2775148133689073,2.2426949920722823,0.6697703638402716
0.036660736678987366,-0.21141992472322169,1.2457086355452816,-0.14195713013979425,0.09494067293025849
0.4058225569617226,-1.3311384686908276,0.46190653035792384,-0.2414702069695635,-0.38306706356596737
0.4122166649071625,-0.1469534764043946,0.9172606918168408,-0.06342150628617735,-0.58302400262216
-0.08360951907403369,-2.0929599699324695,-0.41933869655958056,2.156632573507643,0.6216455889209408
0.7429164513708018,0.22398175405185483,-0.388741458300725,0.5302535508702219,-1.9448835184359277
-0.7552941663664746,-1.3489274266348859,0.7064106419090718,0.5597659014786797,-0.19869209843505292
0.4853900909125957,-0.6596762920722254,-0.3062660979734314,1.4589551170631572,-0.06117633968780952
0.6300473592962497,-0.1484892384685738,1.8060860455544523,1.0093259328884543,0.3481990200888117
1.1907976621136604,1.9426797376821379,0.9762878658728359,0.9414775082265298,-2.319273866210719
-0.3488953190963205,0.9680150648389366,0.8460485252485147,0.9855349844850159,0.22565250617900084
-0.7920869683816055,-0.07803538433051002,-2.0242462490206994,0.7273936473659882,0.0886203504542309
0.12999410341687986,1.5281992495027306,-0.9897922525795213,-0.1013152128514076,-0.2821590574455124
-0.7573334254394682,2.0863129754829433,0.06797297203576216,1.1523243741074072,-0.850368780476424
0.28833502316730575,0.11355480142286792,0.3422548158470126,-2.0423154768150056,0.8104259972999399
-0.029602757302934088,-0.30801267805133753,0.954955227208589,-0.19113295046517617,1.3901818955020806
-0.15579745969755654,-0.49655356368838593,1.1270010105502057,0.1589032856438334,-0.3157834967437672
0.41652996345796206,-1.0081627233624422,1.249712772411395,0.9177091063301714,0.9165100787783741
2.489457703419248,0.271776224707434,-0.30363814627149543,0.6590303816782934,0.5148903764745516
0.4035716888819587,0.21345041946802853,-0.23492632044688888,0.48449376556105866,-0.03712298781299149
-0.17360285521587848,-1.0892633813306862,0.059755210588133184,-0.5991873726309541,-0.9726212370750903
-1.156559840232573,0.7313474735171,1.4670560085911455,-1.414756653071154,-1.4990629583471582
-1.3417782214863028,-0.010035543562231906,1.4794644924606803,0.226506778226675,-0.5927066915945807
1.9738665791154069,-0.5955720911891711,0.7545327202690617,-0.6051242873071379,-0.6319927878076566
1.0671511350756038,1.9622322865539137,1.2819396437580064,0.27797095300369995,-0.555084163457299
-1.1109897794693278,2.10872664199957,-0.8316803110959519,1.702563979523927,0.372998709244409
-0.29989008201579126,1.0550481932399183,0.053265125592682566,-0.7814181663170093,-0.1369341603588173
1.8286109126501962,1.3062119758333974,1.0111831751949605,0.3631451797121928,-2.6363734753196737
-0.9256888745606424,0.12917566871019506,-1.6075983508279121,0.5331957133111074,-0.29981991566804295
0.6766769837578884,1.4007972750055604,-0.05084300388655186,-1.148967645539262,-0.7533947759072084
-0.07037805115066022,-0.29879447535819165,-2.5084273535871198,1.1029284852666605,-1.6171549131646072
0.20191605119672976,-1.3303170815569951,-2.2900914974837816,0.529713127274108,0.823726806743171
-1.3121435068516967,-0.5773160383922991,-0.7473294831290285,1.5604175879951105,-0.2826028186394168
-0.44796731943220847,-1.0829483921346255,0.5551624176181221,-0.7875059324333222,-0.3074251985019313
0.5558292148441996,-1.2488030509464276,-0.36482831004768285,0.021079114184644497,0.7772559722294838
-0.6530006755067327,0.1674396679360873,1.0602770363665297,-0.35254528295950815,0.6275719627217796
1.7896153052230988,0.954274988229966,-0.9704747655548976,0.17516851158942245,0.8375742113299206
0.5083552477958898,-0.5276348409635018,0.5701305380192699,0.4690089581200234,1.3348783989030562
0.7710293070581683,-0.551297680770808,0.31821233364088414,1.5920268275751328,-1.1333655762590413
-1.2987026490615798,0.7824910230189966,-0.39944524498094486,0.8922365576991171,-0.504562538654431
0.16362128204917345,0.8143061706222533,-1.054568167365381,-0.4718526900451346,-0.23843917182159605
0.5373666466984995,0.006586344617897051,0.6257774293169623,-0.7252551838700801,2.4132206622851013
-0.6720469063285441,-0.17538676600874814,2.324017619589987,1.1402285616229588,1.3950730155486601
0.8697680384239804,0.2637015320585375,-1.5881953973110645,1.2311439877616768,-1.937436977858067
-1.2363405910040868,-0.2532761509636501,0.7177025126900297,-0.3703911860044302,0.09327545184008629
1.2963345951932963,-0.03381917894462426,-0.322110737705889,-1.7504204742896365,1.0992863794158172
1.138306753823519,2.2690659360344028,0.5051905875503313,1.5088769550362535,0.4122152667197954
0.735350100361844,-1.0478654525927764,0.2145393589960559,-0.9812116327337203,-0.8511679507172003
-1.361111786336591,-0.21791862170005774,-0.22116716168447942,1.2579480753542878,1.0141267626051753
-1.7063054137063989,0.9138222048193446,0.809934428177736,-0.39320678348322263,0.9550694405236454
-0.8411663566359597,-0.08745367156440237,-2.6278496289454982,0.6317996948093927,-1.2195753232664082
1.3664122133102303,-0.43319375248950104,-0.9275235213151797,-0.053869797763015786,0.3726678586960021
0.12094429806257934,-0.3342798665217769,0.8703694169574516,0.8204246874930178,-0.8657923720307585
-0.5615937953923238,0.7614508381348118,-1.1123348715342292,0.04466246999251553,0.5831154810392328
-0.2453859922176374,-1.0608783729835074,-2.2515220313420325,1.5591693399658644,1.0936856455999637
-0.1273331819120336,0.5841344521708899,2.581240196250231,0.5688403747065959,1.6085963147567635
-0.5140604975652235,-0.10218662877732855,1.1341750095388143,-2.074518539274633,-0.09968146312162753
-1.1475302330333257,0.15837723802509446,-0.686354741654928,1.503918626628384,-0.44952598561972085
0.7654104228947143,-1.5297504476133408,0.7140154005865361,-0.6703144571719656,0.9921050959941733
0.006778824931591931,-0.2636964532533155,0.2995743625311404,-0.4216098426898584,-0.9047560393943548
-0.6497246491230079,1.9283228628869626,-0.5299395330152346,0.4523239994466471,1.239500213468541
-0.9665403848560742,-1.4051313888529269,1.7573655764329383,1.6498594834642935,1.8640120587556654
1.0141572337067457,0.5232113805229648,-0.3407105441896289,-1.9170306871774858,0.3947277848335585
-0.4421634731597939,-0.7107368219736244,0.47009012340365425,-1.0384602769067295,1.4794481815881275
-0.17115771756495832,1.1498858953199786,0.27797846407666865,-1.3368708923612922,1.2521030870317673
0.11541890859089723,-0.2674958300224588,0.9040336875328138,1.3032777193826721,0.76960592046788
-0.04029231619880644,-0.7160279362693541,-0.7344891184973177,1.2268058886587334,-0.5302544758201659
0.1582724029702139,-0.7719315504396954,0.8097159745269441,0.9569085311030875,-0.34592802210405166
1.212721499981296,1.4350335431353756,-0.773930358250447,0.7190100376537538,-0.6321706057229821
-1.6725156613498455,-0.014371552873473028,-0.8673170277987629,-1.2140255215862816,0.5439000999378761
0.7280565838290909,0.3809647823801696,0.31976536441147274,0.64653146712237,-0.6760753904800999
-0.03139974223060681,0.26652785160042,-2.2691881401205833,0.6620991820711619,-0.8674805282823224
-1.688019919849281,-0.5895772642325505,0.19479839607067853,0.7381388409051486,0.3717629329873667
0.16572883177364703,0.35174508673974453,1.1897651281800496,-1.0735624278776434,0.534919621552122
-1.6351958198073193,1.0672875909049186,-0.042403149213456864,0.07975729041217207,-0.47834621756312345
-0.8386958135147383,-0.5839800102282359,-0.2184149651439101,-0.547238963414742,0.6931460876991262
-1.2769026863322566,-0.2352357961846783,0.7670544128613275,0.12229484553436003,-0.7096435891501102
0.13470708236057982,1.696774099751428,0.5017882024456036,-0.9701251096799819,0.6093745344801307
-0.6315518907357096,0.5986068120858123,0.5766407914477033,0.897799311812738,0.6349935636040676
1.9127432037442198,0.21291760542995816,0.46450501954918866,-0.9114589474516656,0.30021684971816787
-0.06989303688909983,0.3472657925634153,-1.5060734593873986,0.7759490069149418,2.2905217614266333
-0.5591392213711216,0.404782907013228,-1.158415985928747,-0.6766174389614668,-3.5814242436969397
-0.4455635023034077,-2.095483629815858,0.6304218199657595,-0.3738941076608048,2.138128312547613
0.09743866510880893,-0.04872221915245482,-0.41893424808664653,0.41257495191837384,0.6011991792967535
0.7008641610810281,3.921968713999781,-0.15990135785982293,0.19194356639287724,-0.10586119226694038
-0.7017842199636848,-0.6632042909900815,0.7395141015002279,1.2964938727375845,0.28562448930750406
-0.2450369929802396,-0.9027895663534693,1.3798594937506206,2.391227670588307,-1.179326678606726
-0.24118566341165767,-0.9359831712141489,0.6877401037704272,0.5944016587629714,0.13872317378658663
-0.9003431234855713,-0.48959461913218866,0.23445491824377143,-0.034836230039407265,-1.2106934951370318
-1.377182055507051,-0.6542428051585746,0.9448771302035515,1.3023149805608767,-0.23007376763731305
1.7380543029676654,-0.767382137015043,2.1920858075682808,0.40549915877425063,-1.105481646168111
0.25195003579285535,0.7531658514650521,0.7058163620267848,-0.3702792519948387,-0.2930483215908349
1.986592537666485,-1.4673197853207638,1.0694027954142284,-1.5714289866009503,0.5122108627621493
0.5154598337440679,1.2159412149745914,0.07842334882608175,-1.0392769950208203,1.3994244119022554
0.32066654490775276,-0.13798761740843588,-0.6698890299454255,-0.36949273294519763,-1.8331988701249247
-0.04070755281629148,-0.10345380697649094,0.48975922609403744,0.955752039883514,-1.3888141772350058
-1.0532084649733413,-0.31670262036498925,0.16615360177982264,0.37626026710507543,1.15069939889538
-0.35995266511077234,2.1615205026749758,0.35803778998253716,1.6363079273140413,-0.12316932611247293
-0.03707574657177743,-0.5318255676089246,0.10519876951945352,0.5393434324986797,1.3146617591375584
0.6239890882870237,0.39124277554083464,-0.12355382689181761,1.7173097344826684,1.7473678079237327
-0.013462043992579305,0.2761949575794651,1.2505625492343235,2.9952795933872083,1.5122665015066028
-0.32460519172978247,-0.1235304618623444,0.850761379173881,2.0344148950898178,-0.4728985565337899
0.5900275374077805,-0.855439506983458,0.09675641130063493,1.304394870408782,-1.45565539170628
2.3633138318160434,0.34019147351795614,-0.3040099307294942,-1.1560464279989475,-0.11448255099645933
-0.27038619006837844,0.2747671312550857,-1.3390000104143507,-0.5450595606803054,-0.1668149366472274
0.7030283483528101,-0.1829761151725782,0.8005893551361501,1.3084938774294377,1.3067232955806507
0.9043164250440171,-0.7639368174861708,0.33873379648920127,1.1023298467476852,-1.2592623084736565
0.5730527091098313,-1.3737974088188718,-0.5512653021297155,-1.1562890115488422,0.18603689469008733
-0.23467137794512638,-0.2698511170627066,-0.46458427146173176,-0.17698648849499848,1.330066551492123
0.6552232295133333,-1.0514220870789306,-0.31299213659424285,-2.2157934722124044,-0.46721257642025327
2.740427914325887,1.0652035232812747,0.317772424734207,0.238390956799519,0.16102792361203933
-0.002138954823131591,0.7484299486337604,1.2950690644522171,0.4872541383783216,-2.158642542093364
-0.5506765732651863,-0.5428187712666094,0.6968957274682073,1.6035635891567237,-2.4683450238028817
-0.5510206575896878,-0.16732159690927856,-0.20063392650740267,-1.1455980332619138,-0.49421360591792185
1.0172365194984065,0.8562249885219541,0.8172995215612886,1.0028153004066216,0.4721502029428402
1.133500735038124,2.2837441216804897,-0.060790767324765765,-0.9064708177103769,-1.4921977359548229
-1.092442582903923,-0.9533850141464452,1.0400150887224995,0.7557995777373869,-0.18997944803390085
-0.08158161771620874,0.12662419133505068,-0.5910169505323251,-0.39438780630455395,-1.6960906293696814
-1.4695280465546412,0.7174462165224503,0.5863163437011084,-0.579581647461923,-0.22676139586976157
2.379292328692453,-1.0170827770927044,0.715481485808566,0.4414531979557513,-0.5333583319856511
-1.451924420954598,-1.1654093189167474,-0.5641920526122874,0.38810381826482604,-0.32146103306198776
-0.43935149795878015,-0.48333978795302546,2.7430279588951114,-0.5619035066883531,1.3591953546877267
-0.13876863915831153,-0.7559323076922266,-0.003871452462309764,-1.1543305670195043,0.04004794186908623
-0.32989007283584926,-0.49212528101410163,-0.18943128974204035,-1.2409105325220808,2.5688232428899838
0.7489957448079785,0.4049635657867394,1.2005412406861626,0.29062137972839275,-0.07862752571646357
-0.49962265187339877,0.730382073661381,0.5836408592537646,1.043897930708752,-0.6739804130795286
0.2907088506643274,1.3025970966242575,0.9611471067439727,1.645458595087923,-2.393165611455114
0.4274557211081613,1.1149616706810295,-0.6738982889631054,1.5778251298713553,1.787962065373479
0.497464742370431,1.7194389235128802,0.09334917542815022,-1.073856098557655,-0.0453183906357655
0.7260730831444047,-0.4275016182123734,0.3077729699245501,-0.9946264405290115,-0.18515354650448645
0.3377890382807099,1.8435252204538226,-1.5117325819849095,1.1017289835404442,0.5542076731998455
-0.2630660445778247,-0.0942959123501676,-0.18285656617968876,0.5036712417110523,1.586068409248445
-1.3919783595061652,2.0969215128387524,1.0005844384801306,-0.18414360864010326,-1.3899305915806295
-1.8820602460875961,-0.6681718606821382,-1.914803802087528,-0.3461142152570595,0.06022232558249873
0.33202610286385975,1.9933228393836306,-0.5389977290384127,-1.449003733738649,0.033865496038188746
0.579718171801327,-0.039586067639682095,-0.09632441411483318,0.7165116521692998,0.9865651931374428
0.5070927739481133,-0.0022866879767345313,0.7917669861811276,-0.7805925190394913,-0.24376685487868802
0.7926667757306743,1.435098385065075,-0.038876539343084555,-3.182235042392634,0.4429206769913012
-0.1161249794386569,-0.06557669691013009,-1.1314819020365285,1.5517002922844008,-0.37945343243067864
-0.0016626546957104497,0.15330875733907098,0.24270968006236343,1.373613814197861,-0.20914003792321026
-1.3840969141500918,-2.1447215223057343,2.076807328972219,-1.3128768938511923,-0.64209412840305
0.6880425211078314,0.9074456527525447,0.06542524119554746,1.0960118702505262,0.29321296927005214
0.42426960021630206,-1.026694259066651,0.32400915484860665,-0.9071364998936391,-0.27608936785005633
-2.0807551104548576,-0.6709920303441171,1.1509516602735541,-1.4544108533555629,-0.830252609859125
-0.3780748673057525,1.158460330437431,-1.1710128116030925,0.7529937260263263,-0.83599667355564
-1.6274228780634301,-1.120580651825432,-2.3506566992237605,-0.41259621522367923,-1.3156128061837564
-0.3326461792755073,1.2732442865195877,-0.3532206755212909,2.443726570511645,0.7101113671410474
0.46426385139412873,-0.5596494171528269,-1.1234534035134922,0.1880200870877824,0.10186308475749899
-0.2981394426696066,-0.9493535302773604,-1.3412254954701932,-0.00867528139335759,-1.8329924503878583
-0.8541701300876774,0.31269057545938883,0.22807587739908536,-1.6950357029803924,-0.8866276688597541
0.33176291707358607,0.7939678190092007,-2.0061193729656233,1.2715343071144083,-1.919605513541864
0.22361903695673943,-0.8261869692729441,0.34423315949970007,0.5252741874854056,-2.2444213725268125
0.11432663818307319,1.098068716085425,-2.184298315507451,-2.3128493463924316,1.0818768334090525
-0.7100209843617585,0.8239825602258033,2.5754635369991603,0.6336221793754491,1.49611371498079
-2.1587403314953364,1.6121892075752455,-0.2811529763354934,0.0005963723514398718,-1.2456976164971965
-1.1427993611008627,0.5753277583638396,0.1397863235869281,-0.7112592603678899,-0.5793592392836701
-0.762842631507426,1.1185387735333703,0.2886983469563413,-1.593120990796028,-1.378427834456656
-0.1423302336151529,-0.08990828206054997,0.6570031621070543,0.5265939209719556,-0.05768042853316632
-0.08563424609691858,0.84324349363494,-0.4629928727081609,0.831408021336414,0.208090590995055
-0.6009110051422647,0.47936704916239026,2.2354011105323313,0.45068439012182765,0.9843814387542107
0.7572228396083979,0.9132072721142784,0.41514806680602717,-1.0453234201129566,-2.678657400339415
-1.5707867548657581,3.350159710722566,-0.2393267713838173,-0.7752819426100429,0.8575988858968344
0.49695397252580636,-0.8687703432133629,-1.6540020372455513,1.7134302695633676,0.035751255842205856
0.7121911333490862,0.5057846388900883,0.6210898379721145,0.8257778453060374,1.62291758967902
0.4431013207490003,-0.6282804319237386,-1.0203390940152623,0.02463289485483948,-2.3316025746952183
-1.880337871790744,0.3975720909581394,-0.8329019609544995,0.008077623964051138,-1.2870112573131947
0.2880788864768855,0.43155476419161565,-1.0184902143090622,-0.04715455119695928,1.9399384780716578
-0.4775577242958337,0.18143984717621167,0.859759900492297,-1.013440551879793,-0.25672091244036377
-0.9949876129909314,0.5781284786552876,0.6662160092376171,-1.0314974062895053,-0.1582912003033638
0.7609703632527306,0.22605441844089957,-0.22330224480563826,0.5562234242912162,0.6589243777216396
0.6354156936903761,-1.0371948323733675,-0.02627206675987348,0.7370894317004467,0.8706130184256947
0.6309897332048265,0.40956873231681407,-0.4136697472159512,1.1535046774683997,-2.3848987032254207
1.1351828975068696,-0.00898550661795414,-1.4797168267613081,1.2897375053802598,1.3513655097802773
-0.6588440200146277,0.5969867150752303,-1.9703138582523065,1.867281525518831,1.774247900549034
1.90419684546787,0.07442035904907195,-0.3010110115069097,1.9537646328418627,0.046382756225341076
1.425780634130261,1.1391831402021328,-1.1574415753033827,-0.4611844862284871,-1.4264487237142096
-0.7070452856111907,-0.315537253768442,0.6675345462757599,0.25804086233493356,-0.017459567475924996
1.092338512774474,-1.2119340987020386,0.004069623816238475,0.6557152979439118,0.17577412855230617
0.5599630351591414,-0.642088731864538,2.4486201694923952,-0.18171166135799371,0.21875144424254403
0.49937918178089136,-1.0849721380958637,0.8989938785868531,-1.2708017966644407,0.3965294981555811
0.580384935827496,0.2551318122501348,-0.9427139563720546,-0.4668556537822635,0.7098866310176538
-1.6081254494980053,1.6107925997227617,-0.7201669806515418,0.555066009405475,-1.110684964403597
-0.7894971046018836,1.9261292434679682,0.9893874899118804,0.4409795524724932,1.1835821232825399
-1.8058964054795166,-2.145464205660892,0.8524154786388156,2.396432647581122,-0.9503996209384321
1.242274712815264,0.29008747247295763,-1.6856148831607787,0.5574806025619461,-0.31953904218144835
1.0151305002204851,2.767838038865808,-0.7183779826710528,-1.2079553235384024,-0.8418136147997096
-1.1432951441010668,1.901049464277665,-0.7062031840430449,1.3097415798008682,-0.7842741079845289
-0.9045031857400124,0.7362312503387607,1.0598154776744568,0.47041461250982414,-1.0770104224713273
1.2043552892656642,-2.4589611247227334,2.025610376404611,-1.479954171739727,1.9816687334185845
-0.3669025661324074,-1.2095320967777343,0.47815804932049755,0.717477940909349,0.2160964608708462
0.805288142413884,2.567139700455784,-0.12344044011994265,0.3393272783396644,1.3623839287167352
-0.22375516498750098,-0.8582564712560258,-2.3254787713625595,-0.9380455739648264,1.155093205343284
-0.25833343165172773,0.16272514306521302,-0.35744317566608413,0.08612572561565594,1.2341940305665318
-0.17167143079504146,0.1566423911003208,0.6772405944977119,-1.3176068881844478,0.8094159274138477
-0.10397334334488152,0.29795633860641996,-0.39876590699009506,1.4032951640523035,-0.7466389913832072
0.10039563415662431,-0.08311596441295546,1.3291844860090731,0.15506677694654147,1.5358630314268116
-1.1778745989121915,-1.3474005678863132,-1.1124466837733693,0.9357732371429202,-0.9227070162456525
1.0389955299949205,-1.43594938725574,-0.9132937848246006,0.527913180051087,-0.11157537742407511
0.1377611560966573,2.453633801567432,0.11365549081423242,-0.5500508443643576,0.23895744446448167
0.05135550696842683,0.9036169524689267,-0.020321714066378338,0.2985274998824225,-1.3287051397508152
0.1892998265849763,-0.3943920322221375,0.8123996336162217,-0.0976571436462772,0.14571048626407251
-0.2964505208585995,1.4849487765456768,0.7785491830624476,0.998288722781873,1.1947896456030307
-0.27143469531584735,0.9753652611370277,-2.623490754242317,1.8729886864245529,-0.18440668037577776
-0.5090288094155675,0.6127344226279368,0.12938340218852243,-1.5393072663794851,-1.1266998420997008
0.2567756366320422,0.9432083853105363,-0.8675948126677072,-1.0027026056426116,-1.6489943443922868
0.82533255482068,0.6684525851753262,-2.973104763570701,0.773756189294016,0.7654885745120856
1.3830229286423605,0.380670876867218,-0.7265784131290619,0.540777981710012,0.3878586375012058
0.128854236219149,-1.0512726438844895,0.860050734645512,0.11268197961144898,-1.4310395717308866
-1.1243586164451385,-1.321109330732215,0.45553156596728006,0.17582984673598018,-0.7796139388556947
0.028117392621336328,-0.45629599415619754,0.6434463368336266,1.5879970171983333,0.0031718151629764597
-0.5961656437833689,1.4857336766042852,0.6834140113964897,0.11838984798096334,-1.5485662558672433
-0.31106888841273284,1.5493835458331604,-1.0970634562145347,0.782734306264298,-1.2927035366974946
-0.23512350510989635,0.6151288622158403,-1.0213247570674033,-2.0701938760641108,0.395057574053782
-0.05774159223289503,-0.7527450440574316,-0.11737857627815763,0.16350805441093771,-0.9835471697776983
0.8659643343749418,-0.45122900148449874,0.05945902063362104,0.8068686331417758,0.7324617510306318
-0.13378515153748388,1.1362649290644964,0.33056642818266213,1.9049085861708293,-1.0879823879928463
1.2240426763492567,-0.6812341630876052,0.2817696723575011,-0.42047136966667503,0.19174711250264467
-0.7685072761075155,0.5741286631135238,1.1709504485434254,-2.1988217273763624,2.1238717216806946
0.1246363222557943,1.195288050948698,0.06836500678622258,1.6293298287954718,0.052599477127906816
0.3802297172801334,-1.2558009812046482,-0.8696492533926912,0.6409537441242027,1.0669595539988337
-0.2574843171775512,-2.4660132281046336,-1.9286231413200081,-0.6425295343816,-0.3017671888441981
-1.2055449071515085,-0.17864278979212334,-0.2987900822516482,1.7420411728095209,1.1914368464876373
-0.34040511314930416,-0.5824310067184058,1.3534912173332931,2.221301815245314,-0.4660703693610833
1.1777541264401223,-0.6266182974221897,0.1967472275773583,-0.7586762233195354,0.6827158647237178
0.13653800885253922,0.8214612796193579,-2.27904349516336,1.2743695837585842,-1.0581366872344136
0.5630654716493537,-0.18704242479455344,-0.3399835378066476,1.5585604427784079,-0.9407587148373129
-0.8303469756833679,0.5082318918732559,-1.264858003364408,-1.0614872388428689,-0.8304876089610322
-0.9790109679751032,1.141731297729511,-1.9223982891732727,-1.0007368425566348,-0.7941999084162352
-0.6823156497014927,1.127545163523376,0.3249800833164672,0.3161368048023368,1.6316039870137127
-0.9334507611802525,-1.07079861377555,0.36949787937187284,-0.5731195782580617,0.3442185109137923
1.0044854010609636,-0.07803327043817315,0.06143765301159131,0.5369292616674375,0.15287041548479977
-0.6548873531710249,0.5132787135732064,-0.06977839017800207,-0.11272706288735126,-0.98210152011877
-0.6303927451487077,-0.18600968407647225,-0.5329371896062332,0.1175688829463099,1.5107407154407997
1.2310719250020852,0.5506149311753106,-0.48370697122276396,0.5190859364559202,-0.7400214480852055
-1.6347197676544047,-0.6083561274652054,-0.3337238869661279,0.21243296995474675,0.6590200413072798
-0.38074720865858164,0.9035929398909341,-0.6100165078073494,-1.4211748515207574,-0.03098519968156771
1.0239085749343062,-0.0754610213642812,-1.7044652575576016,-0.46004637370850804,1.4488187413588012
-0.41460660347232436,-0.8269727295503251,1.2396423153666272,1.4473117445759018,-0.7866462196912881
-0.33915136953093267,0.7005721717441551,0.13914441387042842,-1.2619461317716085,0.4830273302528869
-0.8102063425761853,1.634495613132389,-0.5755387291369448,1.6720056406291857,-0.36976574056638517
0.15905702886813858,-1.0431873071326567,-0.7411382188022749,1.4454726471394135,1.2430640907098134
-0.27169554800289425,-0.23883871737951778,-1.177239029070701,0.16211174340178028,1.4085502690365366
-1.3606763635363266,0.41133078589431155,-0.820960176837427,0.6661277456322837,1.1106996717381799
-0.952691437612155,1.0504036363297067,0.9151213900297533,-1.135453856243698,1.4256211084702612
-0.02460588560920139,0.5299761793033632,1.0062132698867312,-1.6132072472792705,-1.409170960084159
0.27992397939125896,-1.7076503925070716,0.38495793294469116,0.4769109558368359,0.22858772053239354
-1.373822529306161,0.2591456746357099,1.4250488586733947,-2.42436751977202,-0.8110814944611086
0.9214650623034152,0.42374692195447183,-0.1399482032873127,-0.8770362169120479,-1.2771992685010882
-1.4059495496323595,0.2557346358926183,-0.356766794143727,0.16174141917570709,0.5313593448709097
-0.017499062599371104,-1.2525600979575555,-1.8203034405743685,-1.2719399644361884,2.1523139421981847
1.096875044633459,-0.10729229820088282,0.5717046327364022,-1.003983191024061,-0.409053460425247
0.7142200909121683,1.7825622629073208,0.4682820702455815,-0.8078479053069262,1.6503242313252309
-0.6781762950118128,-0.9439887541310232,-1.361061349267731,0.8462319318660068,-0.4598439347578879
0.48404461611730554,-0.42941889353263135,-2.0850968543234853,0.1521736438356476,-2.789072585772629
-0.6400768968769708,-0.4831035350050642,0.47153128529469257,-0.35237240967728434,1.000095861230759
1.032312134040782,1.302413737392314,-0.3648715079220614,0.7300022153220919,1.5054889710029815
-1.0009164968198359,-0.15910198050745294,0.12807851555580657,-0.5904946664182791,1.4951675929958148
-0.8156112260473475,0.23715831456352532,0.36821729277619747,0.07612426190892961,-1.03869397319622
-0.7083856700639055,0.0513282722186651,2.057365053637467,-0.5435750495301855,-1.0515827511095774
0.4646498891835769,-0.32859287252697184,0.5569552524601172,0.13733959323610556,0.8836029004545154
0.3814008851448442,0.1829859260619853,-0.2451054874384719,0.0403518040795596,0.7481584320726619
1.1236694174698132,-0.16811667013934609,0.13094685569090728,-0.48748659092810265,-1.8929123421213632
1.3835381010387968,-1.8701446142030798,0.48646654883432267,1.9848030558379774,-0.9195273138092518
0.2701005455490724,-0.46257367093553614,0.03737443471455039,-0.44989595771966445,-0.3598620431898119
-0.796849515386506,-0.45312038159402257,-1.1217632779894273,-0.5643085457900633,-1.11834454290297
2.706465418213451,-1.0356548747817929,0.0312638507579985,0.3595628704244247,-0.19596728354019952
1.316746669385994,0.9830421358611727,-0.423363255624228,1.9614224206879685,-0.4152207792342901
0.5128874830152762,-2.1838616959066957,-0.4983485748542859,0.8564209733408464,-0.6856279147252119
0.6135006565309402,0.34483095735127395,-2.2688910921484267,-1.6174835797969753,0.209144051297514
0.0934285838325619,-0.6909015866938323,-0.12798752155668736,-0.6553331087190933,-0.8827160900814016
-0.23483225527290982,-0.6685109663834876,-0.7844862342615572,-0.8319018510863889,-0.04833992403106719
-1.6790018320774005,0.9329120225408324,-0.8018896888527258,-1.1058702903462871,-0.2384085487522571
1.3557222518453136,0.10463049393458064,-0.1652780245776276,0.44397878119932604,-0.14146946117513695
-0.5022451602661703,0.6053612245030747,-0.6320277803763338,0.47756441087717594,-0.391904777223935
0.0519704786530562,-0.30588597430845815,-0.7967295609913535,-1.5518051094208936,-0.006684384868098383
-1.0177750164269486,0.6368159978451942,-2.1571763995116293,-1.2506419967733304,-0.6791938957471593
-0.4405657903509354,-1.5064128905452263,0.18453252566659895,-0.5078518646097621,0.08017320027870761
-0.7676529548344097,-1.3759568340834016,-0.03645473925574116,0.1395477119058297,1.4985077016714154
0.24008369753884212,-0.4876041039086218,-0.1369265604139189,1.3339763606853619,-2.70755488512958
-0.5911539315530294,0.8987912966101808,-0.7451797004675359,-1.9545336460552512,-2.4100674398472774
0.24539318567678778,1.8638896403530756,0.9132182942922189,0.04938270427308184,1.4803111667962199
0.303006826911114,0.06766323104910825,-0.055509106780875464,0.29906720005164744,0.4599202497074327
-1.911451985986172,-0.6279664187857906,1.64729756341075,0.9400585253991988,-0.05439076342769067
-0.5501169854716362,-0.21940332025655002,0.19596565642786515,0.13979541381962216,2.4573541209543954
0.11591339853645928,0.6523847257139761,-1.115088448101308,0.16677089095125797,1.5566940241759974
1.7701424277919404,-2.1208819678185877,-0.4691229772996768,-0.21915577774821254,-0.459505193672212
-0.12334665597781816,-0.7792173515045273,-0.7793629545423788,-0.7930542419425533,0.9273921767031041
1.0605557180444218,-0.31362390145789865,0.5591126313183531,0.4515806250649702,-1.950302108455224
-0.7112665950977827,0.1620036447438449,-0.2646460430336048,1.1123414638918747,0.7132405381739603
-1.4836083983966921,0.8973970448764004,0.2169501403594579,0.8419739900269296,0.7664912764290187
0.015611533872675526,0.780301175056783,1.0232354084296484,0.22503571476156117,0.49494186043075755
1.2764299384022806,-1.0649617010789452,-2.014671253693075,-0.4395232227970296,-0.08915458383656251
0.18274541866041402,-1.9455877816578027,0.9533871555042139,-0.09891322170950592,-1.0688096761912025
0.5461779048670308,-1.084361031867101,0.8259433742000202,1.3701603517842742,1.0632365763675509
0.52389003850235,0.4547275197448188,-1.3172803478720336,-0.08455227184244636,-0.9050008590424992
-0.8589176114984133,1.1460217252487759,-0.7427950280370978,0.8951918979959217,0.6431530799929357
-0.46911044706145405,-0.41422996186254674,-0.567694430060612,-1.260802812837176,-1.527153198902382
0.4770759798763605,-1.0896922770294255,-0.5581689803792788,0.3147948760465553,-0.8352530792151526
0.06580462232527187,-0.09150618896219362,-1.0667897738976606,0.256386899224536,-0.9226861840749115
0.2233495991910074,-0.46541740963592315,-0.5250514007334786,-0.284715188442835,0.46207705508831065
0.7120793422391162,0.21683960894991958,-0.9935601676765667,1.3187543664146872,-0.6157693036711755
-1.563545310657464,1.7508078999573058,0.18268008558092588,-0.8058218733224525,1.0316199212757307
0.49742018330466664,1.052015794311807,0.30457110647290814,-0.234619482035965,-1.3300000264754626
-1.9224961046205138,0.5126159278376535,1.3375018304940196,-0.7936607822868603,-0.32208221273823223
0.32420747254898813,0.5641376514221201,-0.8900766878492861,-0.2796503393095122,0.39915450967029714
-0.5440609955627367,-0.3053163472342458,-1.7178032776491277,-0.6050673457532807,-0.6190710418144239
0.683288763967576,1.2829556284508228,-0.2732716683199385,1.4560448835540076,1.072521114112935
-1.1816845131592342,1.272990882863396,-0.2759438528627612,-0.5613551023101773,0.6030887182243875
2.0858792697133457,-1.261005670736443,-1.883534311148465,1.0732591202807373,-0.8456713820922371
-0.6728029318371723,-1.1574108824892124,0.27197391107991964,0.36719387976514184,-0.21545921445878724
-0.7605801757267037,-0.029275691881597232,-0.41216632751311083,-0.21858841709473428,-0.4871630771773297
0.26725323539980517,1.586921367113383,0.5440336485358916,-0.16778425646292458,-0.8415853037072566
0.2849188795278557,-1.5007322119972903,-1.3306987799270888,0.7613574797687965,3.3908218144681714
-0.2810718841936588,-0.6924553691435853,-0.6963446402480082,0.06708009492952997,1.757471983268808
0.4969449734183818,0.051837731675970646,-0.6211630919620593,1.0212659839452372,0.3349816816154965
-1.8426032746732315,2.0437209250977553,-0.006622366292342214,-1.4127997533881695,-1.4196325710489173
-0.30601346184415146,0.3027578798054859,-0.4174332924945783,1.1401508823194946,0.5479270421906501
-0.4541424455379104,0.5732134313737882,1.1935548582754532,-0.7603760422967802,0.8036516004684805
0.6459072390199004,-0.808795452496521,-0.207630939006432,-0.3660483862253154,-0.20583117232834916
0.12024821683676604,-0.42917669608208775,1.3714106325784345,2.0303520231893923,-0.9230154898984623
-0.36178387501316717,0.17829242962286299,1.363256389192741,-0.483633180286155,0.5815901147743081
1.0834586825967314,0.844368584975202,-0.3229991546929876,0.7230051894500168,-0.24442460964366602
1.5159973577839023,-2.365757694983688,0.2274254353347121,-1.1556495508926434,1.131031900110261
0.28842363836823826,0.5864551765504771,0.6056554982615816,0.7868059089295898,0.4355485166568061
1.951611518170582,-1.2278263081213099,0.9181895727623581,-0.07240611601887859,-2.236011185434064
-0.6366776399084773,-0.8302226656100203,-0.20206733856766096,-2.1322359475973403,0.08071467353153466
0.20873307958879087,-0.38458198708339325,-0.7377060575659169,0.6012015269061378,0.4046668153216775
0.8177676645386964,0.3555095977733668,0.4426823038227043,-1.3070471281640852,0.09574213974251598
-0.5357586570187213,1.2974782888109693,-0.5190593221172882,0.6382144883337938,-0.02051516129355041
-0.29108699015594103,1.8927631372722988,-0.3327260613331227,1.0791882470645275,-1.0558509267993854
-0.894764588852068,0.144093106673948,-0.710844360313766,0.07770914010010167,0.43379372224492757
0.2307204740971809,1.393595788140408,0.14586994745242388,-1.0631619366285234,-0.5498877053501952
0.7278997343828773,-1.1487453215688566,0.5282782214924435,0.5925069909575464,-0.18893549429442863
0.4067424162012481,-0.8065519253423158,-0.9189553328654695,0.3107190621722348,-2.1663473235727397
-1.0872832459249744,0.9760467321101086,-0.6301385597560684,-0.0440565719528531,-1.6126465059265014
0.025922404724924436,-1.458032641306134,-0.45581460620134606,0.07961083505725264,0.699056872076624
-0.5377004445287682,-1.932108531129227,-0.03606902033317361,0.8153789227635868,-0.8567008079180348
-0.48069199957523795,1.3219977223347934,-0.5417272450617332,0.8873907182152273,-2.5615127266554825
-0.22090075890977923,-0.004462631429697623,0.9932084110106374,-0.8905740647998824,0.8625885173538637
-3.3028741666788397,0.5096128398933378,-1.4478037094097596,-0.9063188059900907,0.7696592923900496
-0.002198926460425699,-0.4515286145813538,-0.33964684172307047,-1.121901288477247,-0.39119603846808726
0.5947381957373915,1.445406883095834,-1.5018051114612625,-1.164528358172682,0.19322664937289033
-0.04618033572049336,-0.5534884649684865,-0.9815760170265109,-0.3260725331922694,-0.4622414499004291
1.4420221615794524,0.04373362477275439,2.4449619193503036,0.20559058746920736,0.7825561724780695
-0.337143635499223,0.04641105577359924,-0.203743885875166,-0.6495137441799392,-0.47004961030934156
0.517528963550715,-0.5175510425645169,0.4636020041324348,-0.48747998215690547,0.5306709641412506
0.3285452049801835,1.7695985273396573,1.164102210447175,-0.822246421540338,0.02764843864511076
0.11838174760447939,-0.7360806145818518,0.6111874388372569,-0.3997491524434772,-1.0198377114087631
-0.5811338214759159,-0.38785494610995996,-0.8641193946674147,0.43273726727457407,-1.1692511191902757
-2.691969655422713,-0.33378229931128395,-1.6896179759345467,-1.0319612817326034,1.9660811109675524
0.6861142502847505,-1.1107604665086226,-1.1368496283631089,-0.5243820457174377,0.8210175865365971
-0.1290957282108645,0.3901806656786316,-1.72777212924448,-0.5691379126294277,-0.553303903972105
1.7054233475015828,0.3668667261601616,0.3639261853214835,-1.1363421620773597,1.400677923595753
-0.46862388327226107,-0.637274795073836,-0.6024966731460959,-0.0944897288280415,1.9062676261199563
0.2866721760664523,-0.6712058640807573,-0.48360951058082435,-0.3742756926808706,-0.6310163293966239
-2.315042287935464,0.16226307155483782,-0.9766479831120669,1.6983026598776356,0.1506038087687833
0.4278125403981722,0.11758461907748206,-1.9272006191458895,-0.7135366216165692,-1.742634401334119
0.5264110956898369,0.5350419135083866,0.02281727158861279,-0.18280818059470894,1.5309789991120353
0.510593297158584,-0.5809841913211841,-0.8645120670366284,-0.3973413513073255,0.09104423553296287
0.49418489237580704,-0.6293985401149422,-0.7754249875267082,-0.568522406747215,0.6135981810269757
1.4979616635822899,0.017279483540644,-1.4498752566664448,-0.0015658477463830042,-1.6004771496485461
-0.24686650326840795,0.563046788507673,0.6602102647808831,0.8272675641324008,0.13903976771317303
-0.0944537168233509,1.8506881382427744,0.6915069977290648,0.0948984696087173,0.030497831983505388
-0.7766221079369571,-1.5048435623417777,0.8768572086321059,-0.5121820979859638,-0.20063239074871445
0.33427780140394503,-0.34578676497833105,0.0813196536767192,-0.8763550496337583,0.15117480814754725
-0.3521323064021052,-1.119819838925148,-0.6318439035094552,0.2860733017126474,-1.634188235669324
-1.3199174854623061,0.7950574193948167,0.18513372443312384,0.40092718433039515,-0.6957356989694863
-1.3081542965638588,-0.03818724216477006,1.1809297907488474,-0.27514993247363667,-0.16054603382468086
0.3664548724558485,0.41724018785704053,-0.907228992442782,0.9474545998518645,0.2492505960292161
3.272017213203523,0.18568982189951652,-0.9005320628487463,0.5280942563414566,0.263228784708824
1.195758927298115,-0.5836958776926502,0.012133088350983902,-1.318348289768937,-1.2985218479093925
0.15269545799224535,0.6382095076027382,-1.6199290996789097,-2.3336057047499708,-1.6214499478230149
-0.5186399858357192,-1.512050833015767,0.17169649802751544,-0.5920772406632107,0.7961155440457716
-0.21111686529943838,-0.054982931409191915,-0.8033955131686408,0.4546584518460066,-1.7163763535982235
-0.09268567932921533,-0.02542718631275148,1.9696523145658114,-0.6139200337378043,0.15084849372805878
-1.0188216954393838,0.5878591525957719,0.5210825473303977,0.5973395240268021,0.8090388396853041
0.13573827070908556,-0.1512515726348421,-0.4480141125146111,-1.8000698306395468,0.48334036414624953
1.001342480720376,0.6959238478177232,-1.5955942917884753,-0.23266836857218146,-0.548613462009868
0.9764721675450773,0.8132483584991631,-0.47841449189922347,0.943554090351303,-0.018019944539222853
-0.053653364411362967,-0.4579973966405149,-0.5744495957613154,-0.8104972790837797,-0.09591278071105605
0.2584512718551903,-1.1793773575490314,1.492269613217785,1.4874070415194178,0.657479077541182
-0.4270981410603725,0.46513059180850874,-1.2935114452509295,-0.9214320621624531,-0.9780610941486118
-0.5962194528571756,0.9245975767941466,0.35876372259192835,0.4901053073253009,-1.164909586804111
0.06346220200543362,-0.25341928106396333,0.40923401573544077,0.24598596625042754,-0.43098018049626213
-1.4848808398449271,-1.6716100234244669,-0.899257978719219,-0.6258546644433794,0.23311213448846355
1.6378670293431272,-1.1217628618666686,-0.3625762921007203,-0.5246280732580019,-0.5780818446443912
1.5465912711619358,0.6372756216713282,-1.0648794221591034,-0.8908392411055684,0.5231237236791797
-0.6937073323323907,0.7640980334022841,0.7602477925045701,-2.136003707188098,-1.128460085281219
-0.48710369997596104,0.592656348352752,-0.06789473503902776,-0.19691130431289325,1.424932059176166
1.1830946572324808,-0.46288371631551356,0.049863969648519225,0.8369199431414026,1.4159503672253482
-0.3574981803189898,-0.0179696830033525,0.4715910735694006,-0.6126079087853973,0.2821607993916353
1.0828088226218682,1.2799536064849264,-0.047484153725017915,-1.097085685523694,-0.9825001130006971
-0.28189996392669553,-0.3184438184447973,0.6995904021031861,0.08306608899411315,0.740918901696751
-0.048966140245880974,0.45645417607704497,0.09875415816720719,-0.13375077690258444,-1.1897405513432882
-0.7868227763672486,-0.7028355918469847,0.25419605167568654,1.5358255028019305,0.22496886704527527
1.398781641983896,0.357042210606935,0.21115833957394617,0.7570852924168213,0.2857792378863164
-1.0306183216080607,1.082588030795315,-0.8527872346717383,0.9642845230917338,-0.7219281354011118
0.7407821128194363,0.6929199135670553,-1.2962413248348843,0.4005225168376165,-0.05126639904184246
0.31448745160320296,-0.6414090995062504,1.003344741700977,0.37464605018645125,0.046089599910722714
0.6829072150278451,-0.5070807990594182,-0.7370423241859723,-0.37924466657001027,1.1858288786195783
1.4182347367375587,-1.322508950574753,2.0980365643043357,0.43374570859149314,-0.36219117327516215
0.19269402975600877,0.8302539518309312,0.8500631395165303,-1.1937680354010216,0.3300304738491982
1.7965614383315203,-1.1362930317029403,0.446849983864246,0.293403720118009,-0.17881326364232666
-1.0314002427425755,1.5835241113365726,-0.18354984420937856,-0.19928085037266655,0.8875956086006802
-0.21801948919304354,0.13819064361112918,0.8370300341895242,-1.924389857768914,-0.34592470230296907
-0.3583432673847199,0.5271865173753915,0.13370446769184824,-0.04166115426289774,0.7178082550206113
-1.1205390604088337,-0.6424843537594674,0.6883107385609413,0.28208693420640574,-1.1418503638839337
-1.5835360838834929,0.7531829121023184,-0.07276001723360456,-1.9772862995367748,-0.6056995024336543
-1.588765292736241,-0.037509553098523905,-1.2808154324330987,1.1123034832959955,0.6469755623155777
0.09701867340196249,-0.6633392397768777,1.0668003674076805,0.3748281551855845,0.27425485286710155
1.0355095800138532,-0.3300161965928694,0.3347707433210636,-0.8886654573988929,1.5974438514508111
0.032342147275103886,-0.8065262938070689,-1.257242522751553,-0.5521607724166343,0.7737088087508798
0.6516798143206118,0.7954559974923082,-0.6928522133045625,1.2589161769559511,-0.7324516409545021
-0.1996184123401527,1.90713799704212,-0.6486573989876973,-0.7885546937749607,-1.5096350394219162
-0.043423059701997405,1.3956616566374882,0.9946870767814503,1.5928803753013547,0.604822652898615
-1.891955068601639,-0.2717244993615029,1.1620875058007207,-0.23404750001901733,0.007102298161240283
1.4063399268256196,-0.5678767083220331,-1.709756627148533,-1.3611786354080442,-0.1460839485236562
1.4871976522365904,1.5358769756300195,-1.8941441854233056,-0.32786152131922786,0.027087567542047726
-0.942491466628894,0.33112598719883474,1.4578955362282493,0.3713712035331113,-0.16244502154683227
-0.2594608922663961,-0.7703712501081863,-0.7436978063712794,0.19401142156867016,-0.06825158458568789
1.6220500851848698,1.816647120848636,1.0248461382815726,-0.3116785647721398,-1.8721368650332348
-0.07151325433895148,-1.0387658115413196,-0.8094658315278065,-0.6231542277637001,-0.21988695452651788
-0.3964980362411399,-0.11852024989053386,0.26493411487084545,-1.1337281139929412,-0.9153023330040624
0.5165793180299736,1.1624331823450995,0.3031519736707215,1.101812767395595,0.9242596708473445
2.1197996436248436,1.2386026682104874,1.083279475678832,1.5379869503010914,-0.7963444210892243
-0.09563092125880439,1.6849984345711688,-1.650320332655466,0.8328160724350718,-0.696266701396876
-0.4363572598533662,1.1163040399793738,2.220675095237011,0.2312564341456003,-1.0232734535423782
0.2733179951188333,0.83989497720496,-0.17962621080140184,-1.3987945884981554,0.21772428125233131
-0.9918135537844611,0.47468672808998147,0.8705164846793939,1.0317313793864806,-0.568374053664739
-0.6472171521321735,2.152677101823042,-0.8571092201868792,-0.3704383183154851,1.3904979081370488
0.6005835358431479,-0.45167987306864726,0.7545515174269434,-2.07266795010162,1.0252301764901643
0.470340734776762,-1.201208130701517,-0.5688988237212365,-0.34356771759553123,-2.089478116928907
0.2821365353375841,2.3850874947775056,-0.9938311361272886,-1.0713469618706042,1.3721060258519806
-1.4780898301373113,0.5799871259371965,0.05499773015157051,0.43180458120450776,0.7667271192012703
0.2454322326083566,-2.1321074872801713,0.35694131460742506,-0.5390394909066438,0.6860459535869459
0.38954042120171056,0.1557341043580944,0.1534796853710585,0.033618106881997116,1.2776106452234806
0.6743984830409827,0.7516228370818623,-1.314717088299276,0.5134493879337477,0.7199811449653698
1.9678449255543764,-0.11855319832689412,0.0013424245832957399,-0.3414216620245529,0.7691950774595726
-0.72952582671835,-2.317490243943915,-0.032827887605245736,0.044887639728272644,-0.18132876288235708
-0.16843204175065607,1.8791431154046068,-0.809985166632042,0.23755218017702417,0.31650432866954326
-1.0384682398992122,0.0920690055049224,-0.41434017620760716,-0.39968836734749175,-0.686196534962089
1.5208381688114847,-0.6169003787983903,1.0553237456141755,0.517028303062727,0.9976947809764665
-1.983860272064144,0.17858405664759547,-0.25499575285223697,0.6028750456958326,-0.7078103671175634
-0.4725228331356469,-1.903695270088671,-0.25790218767467255,-0.25657968101193757,-0.429646676420935
0.5270693035557737,-2.343334125901801,-1.1935534199854336,-0.7707390653355696,0.10601433285498121
-0.41351149447791924,-0.4777342671069234,0.1011577751725367,2.189600841813279,-0.3886055112046084
-0.22791396591015256,-0.911589790505454,-0.766610843218319,0.7043049447601136,-0.7588219972546641
0.5931049869954413,-1.6819859499294862,-0.14051373623865604,-1.6814484735723518,1.926798207414296
-0.016941619172806222,-1.3182081973037645,1.4233515578455176,-0.5729923670407447,0.8804130009326974
-0.7154956661905797,-0.6066271108760303,0.13351214359540448,-0.6474775797951674,-0.3678015914716625
0.6101835277993412,-1.1749849485551773,-1.4671830727177646,0.6190177777670544,0.04815372740263716
0.277338134283224,0.6839764658016965,-0.6865240403061691,0.05789446176055567,-0.13565974991725918
-0.7886112662426131,0.5431136279891025,0.5029919455152245,-0.6266376281024856,0.04329627607628056
-0.18307893940820502,0.604307468855777,-0.10621772436146562,-0.8072619494719228,-0.18783343808134106
-0.4443116355346887,-0.4609868106391146,-0.2502965847208404,0.7374586153985645,-1.9987390526648035
-1.425782479551915,1.2574144914728405,1.8798394177876008,2.620449451366412,0.6384847198346884
0.3129470185910689,-1.312512868129304,0.8972477680038935,-0.22938498567490523,-1.1923321331182466
-0.961797660448861,0.18392477965952353,-0.6547020161235372,2.6246381155300544,-0.11119252732168745
-1.6868164382922324,-0.3527574470672331,-0.7654854882066693,1.320741646706424,-1.4874273162997522
-0.26829340970777166,-0.29155327638357625,0.9217994039183619,-0.41670315261479607,-2.133858862740226
0.6075269112434136,-0.4743588921871728,0.23651213122071713,0.1998795001030237,-0.7511536091012647
-0.45578753269252203,0.09817108053462988,-0.7471001289857487,-1.4484028464395444,2.2297395905819726
0.5757659109606832,1.7883485046524776,0.17385116955479174,-0.1585859202220293,-0.14231083974948341
1.1119249981822765,-1.3318894069108456,1.458660329699721,-0.3260267918102971,-0.6063382625752279
-1.2321558727534814,1.7922504593861543,-0.33565652307869054,-0.07477172480192,0.019098892322130048
0.7633156644191026,0.24868152458191323,-1.9090169286604584,-0.12538148610352914,0.37169231384004564
-0.4374973101227762,-0.5127986756956683,1.2408861718316218,-0.829625674191219,0.9417092796664576
-0.19641247286447558,-1.4239425392666987,-1.1792592622872555,-1.8111033690882687,-0.5460411311841699
2.044055198194988,-1.1350592612863186,-0.8765952498409998,0.8815718196827939,-0.8934343939059451
-0.5544688119757516,-0.1965681391723125,0.527730497241995,0.7078824112629283,-1.8743190129678227
-0.32245949729449275,-0.6343896136540726,-0.035373050100858984,-0.6375098916633435,0.9348475525658815
-1.6251342820729129,0.14885872619288218,1.8823149917069752,0.7959223336611462,2.1964190426521535
0.28126059403666287,-0.2707358553837549,0.347040768348349,0.11088062708395326,-1.902427138060831
0.6204147080753335,-0.20831231065300151,0.131248559235662,1.0744153064115713,1.0495151205682725
-0.2483888865735475,-0.4264690661695521,0.7528718647401523,1.3687652859379067,-0.7738510639250333
-0.9992389631431935,-0.47133579028360306,0.20608405572659239,-2.092679354686073,0.8674933813947792
1.7412627050425677,0.8640810904752212,-0.9407413560378726,0.3135828072870809,0.8870901547763509
0.9549224341499122,-1.120275510385032,-1.6265830220328406,1.0278764225892876,-1.3551695206501504
-0.056082783618777936,-1.483553619463713,-0.17888139569108502,0.5252589717702911,-1.0048863948313012
-0.9964099611288438,0.23090544768619456,0.16867663481878095,0.05031285467689143,1.4409464162951886
0.5494766602706411,-0.3131061347658346,0.7300216232735294,0.33265932040327933,0.1174535859813197
-0.1611227403281758,0.5303787852869916,0.6401768031681558,-0.6937394212895216,-1.7693267455056272
2.119422144916715,0.8725691898484422,-1.9289673896301585,-0.388871891549514,-0.6590251969400256
1.784624943573725,0.22793376086828443,-1.7146975124843626,3.156821841540382,-1.1134890014216765
0.5096455217097084,-0.5355884133379194,-0.9099645525739225,0.622657259688308,0.9926154946781635
0.6395420431098245,0.4078213748283509,-0.28598610253641543,-1.1254086229758749,-0.03754709187522894
-1.2000125260441266,-1.1023854339196184,0.5752240437729776,-0.03694371850987546,-1.4617483811170335
0.10097160803366993,0.03453017286081292,0.8678467318874534,1.591710882611321,-0.09685883986422648
0.1238375620773103,1.3142592354312999,1.0507767543526818,0.13752495155721878,-0.913777114552249
0.20152525890287323,1.7829502354120281,1.5691515794075492,0.1112447971368509,-0.4690955245095162
0.6600355073431847,-0.22717759743361401,1.6754663211979886,-0.49025031355608,-0.4248113042967648
-0.1678312512460806,-0.011301099598369847,1.5511478637302618,1.814746392176916,-0.22331505598802628
-0.026354458725946328,-0.378193146537424,-0.13846989656976763,0.7975305789141677,0.21863528918752295
0.5159734509847215,-1.298155792783428,-0.7178783653737196,-0.43096308015211165,-0.7317654563679216
-0.051811464790220696,-0.841827328369917,0.9381322438553725,-1.7569967601471699,0.09723764237722725
0.588431367370509,1.01244220313784,0.47797049599416613,-0.32295169975505644,0.27329334680658596
-0.5562411131997762,0.677825102800759,-1.0374193037064423,-0.7561059787378509,0.507783994375535
0.33242891836443744,-1.1088535163725513,-1.1527701121056448,-1.4708625779574935,-0.45043584106314055
0.3872784291799201,1.5069203505429,0.855842351564614,-0.7113538338504904,-0.13314705051022552
0.5933913644323366,-0.02692695882211443,0.22413378443886578,0.7230448558290149,-0.2128816189924222
-1.472170126087071,0.9897268242498107,0.5594735045657454,-0.5099868636854807,0.7870963842393855
-1.0292141674494666,0.2452493622981393,0.11688038327453268,-0.12980277869609988,0.46317658023777347
0.2973424686327001,0.6215698741697563,-0.03221559031711876,0.467044461674698,-0.026508372272646314
-0.22920118113302776,-1.522472287428059,0.174635495666427,-1.0998239552167544,0.7719753854747802
-0.43522376745832947,-0.6934216713530946,-0.26362369686077997,0.5717586186991931,0.222575527492478
0.7927672262622881,-0.9296153447548648,-0.5447183066237675,0.32748696858829646,-1.0818145168184314
-0.05232825245767938,0.33977641351515053,-0.16312216947806582,-0.6989796067772501,0.6915828357159888
-0.6577317253509971,-1.073108392498064,-0.6464784569721033,-0.18026422913039467,0.6981326347748145
-0.0858269166129087,0.3657319933355315,-0.1782912875831562,-0.3833281346187468,-0.6110357834350886
-1.4663930755689123,2.2527718740086144,0.9792270077807188,-0.22170894364982713,0.7489833140724554
-0.3395570834887004,-0.008699475859950335,0.5483930616108583,-0.5504804746614227,-0.47484372295273414
0.8807922131697768,0.37935118641518845,0.3791255054774018,-0.09333291414345624,-1.250152242255772
-0.29775197068929726,-1.1631214356523896,0.9104664666018927,-1.208394536406523,-0.16936031394835102
-0.4599488947568953,1.3300173185521542,-0.08221198795892812,0.6730809042147549,0.17441971787713662
-1.7466237441064534,0.6046790222340472,0.48952711414349515,-0.5697385714482861,0.7860982380969348
0.20212361997571357,-0.3191161938516686,-1.319622771807386,1.8714999779454864,1.1830633965403632
2.2043864862687355,-0.6090812229519305,-0.856282578483706,0.07319799631617817,0.736998999487727
-0.18579556411378834,0.6206994906482294,-1.5172365919057367,0.5500123362878836,-2.0537958629482875
0.48217815036199585,1.834772657518008,-0.7870368300368956,-1.239472277462266,-1.801026091388671
0.747410512919283,0.46462876367419415,-0.8765792984367171,0.0719508059008085,-0.5422673406219564
-1.9244249453909545,0.2192925011568682,0.44938370579207954,2.040674239718578,0.9301191402405306
-1.1358713238755698,-0.6263473210862104,1.4902231127589862,-1.2641202374060065,0.9552387720841302
0.9156733025479331,0.12862226636268287,-0.4167328467531888,0.8224594417413192,0.5787759491439817
0.6402707725099652,-2.5856649445658286,-0.18358341327141578,0.23891281985669605,-0.6709186626498251
0.9390540812025023,2.012291163653053,-1.3420139074856776,-1.6384624697018553,-1.0303351912575271
0.1368030881081644,-1.3503670119505187,0.32813766446780435,-0.989532568708298,0.7706209777042797
0.8519582707500463,-1.3125541357055472,-1.8353018715148615,-0.17966577514297247,1.2612435552633905
0.11825152073113517,-0.39729059078951545,-1.2946775073270655,0.9143077735230848,1.0029532355267043
-0.7905204798814028,1.6695009682302442,-1.2969704035199048,0.7927570183219833,0.2850197713877597
0.46754675443983923,1.1419901883181065,0.5345454253736611,-0.35205121805091233,-0.21642887801680402
-1.7987856131867477,-0.8799706728375896,2.0417133327558736,-0.1527889151367636,1.2212453336772422
-1.2471679272810927,-0.9251550850850981,0.22993170047518266,-1.346087953057926,0.18050110793279917
-2.4731888985892274,1.3687742283223698,0.923774478252283,-0.0814424687937167,-0.28494935513384106
-0.421375104402225,-0.1891376828614879,1.0271085986024888,-0.6729574073891395,0.7286003318704065
-1.3887196165418703,2.232268629504694,0.1778263969374837,1.366139185031223,0.0003399890128673447
2.0602881400805684,-0.42968598115438056,-1.4920094278067035,0.4746778360824861,-7.875939190374693e-5
0.21816644526347934,1.080632907795767,-0.011539317727832807,-0.554485932931928,-0.5524934455539462
0.7556537576588181,-1.0996639864798112,0.6588909169707992,0.7902465687541298,1.014694698353085
0.785618527678618,-0.5640628380795281,0.36996235186776516,-0.24588515494275598,-0.9125718272568496
0.6268249188167551,1.782687431583486,-2.02641911548796,0.8409172481316283,1.0210453333775262
-1.8261360003729767,0.0854791731300289,0.031215118917580744,-0.4373929963337168,-0.12378945964233155
-1.5304207890893617,1.1716486782080433,1.0806441286773831,0.578509467383432,0.028955616489771876
-0.4227693385272624,0.06709397724682806,1.3799467369872873,0.5423067578221015,0.8287403809263577
-0.8676806956530454,-0.7710903612644268,0.28552083653486626,-0.1819835091972782,-0.012927551158511887
-1.6725726818652347,-2.435409779509132,-0.15086222036889124,1.4371026629716495,-0.3611075587952355
-0.30746539226396497,-0.9297091957379935,1.3758876819392194,-1.115187436168005,1.7591112193755605
-1.3964000008308894,-0.6016828566859285,-0.8495295154063576,0.3723439537509545,0.5454650413096173
-0.9349150726521636,0.26497429937658484,0.7267482636945791,1.2769532237763739,-1.7737946872668267
0.721920014695774,0.7161217318120464,1.3290950144849625,-0.9824992773017405,0.009228406418395058
1.256925473215378,0.6673961137271166,-1.149982836344717,-0.8860461354594754,-0.5215250076305428
-1.7115669878429984,0.12748627090540737,1.5900052622237948,-1.2679700538347454,-0.41238625736412765
0.4905129633915882,-0.5607061036792615,1.514640965197444,0.03279265211022587,-0.3736970711290704
1.7284899252070147,-0.3546080202550349,0.9722575905285508,-0.3405705284301541,0.8064075877270236
0.6395738712799314,2.2555440417444945,-0.41568884682858565,-1.0475130192506772,0.12091031970867626
-1.4223607345025664,-0.5574724583585616,0.5103097126785285,-0.0969445753236317,-0.9786197051184882
-0.7422258946641624,1.1368303045600707,0.4356675270982169,1.0939843957667332,2.2278903879498277
-0.9712315063063566,-0.40379119700511895,-0.8560779742910588,-0.5371473530228495,0.5575259328618944
0.7513023435318856,0.557794509528575,-0.1712650936507902,-0.41503497761105446,0.25024771445079674
0.7542106654463201,0.8791530389187788,2.6293667067150506,-0.19065711724112078,-0.133783041751011
-0.9228024001368469,0.28510710624070584,0.7198152690466891,1.5383913125355189,-2.236455429310531
0.30184480233653393,0.6087217232914588,-1.4157127253280608,-0.26717816049644677,-1.4721118384020044
-0.8794993688923394,1.115140244741052,-0.8038946634057947,-0.443675998804623,-1.2825173887309511
-0.6436581755955855,-1.120295274567014,1.2455877236138668,-0.3666620511328683,0.2577597996787276
-0.7041444187080624,1.3648753628195665,-0.8793532018325917,1.388668848767715,0.8824666157148663
0.3407464670397622,0.2862138394509943,0.5013919250034501,0.19185160095910897,-0.5305725807269333
0.0473109113436429,0.5318501267288313,-1.127355419137692,1.492130752461561,0.6500259809721705
-0.0884201767752798,0.34072382983961214,0.22159302906953335,0.010623546793024914,0.9034623501928487
-0.42678705447542514,0.10459556327464788,1.9009011896153158,0.13984218532689532,-0.5986676109267425
1.433379755016316,0.5199122643707942,0.6492725810373221,0.9127315846971479,0.44959735462806877
-0.5654743947770364,1.8896391463311342,-0.7131462351430291,1.1751182614840288,-0.5717079587382787
0.3551050563205101,-0.3130296133882159,-0.7708016657923618,-0.07941631058660756,-0.05655258801364531
0.24781884259141065,0.4263686544965736,-0.788351706569329,-0.0062710768862274295,0.8908457499831399
-1.184925520118178,-0.38530374332726214,-0.4829499384369049,-1.3589501663164965,-0.7525562070259445
0.2931517996189478,-0.6180344801257017,0.990430757177512,1.4582796052690563,-1.2537538007432527
-0.18192682368117957,0.42708726386610907,-3.355860106948146,0.21166272204298778,-0.17652663696982412
0.325486472548377,-0.7792152263326197,-0.22618342447136527,-1.1520335202337648,-0.7682835293754666
0.5407574487833756,-1.1324591249350338,-0.5469431685598993,-0.5843138156595536,0.9702541928780204
0.8334685948025463,1.7853207750649311,2.239627136988561,-0.0697718410839367,0.2627900404985872
1.438601538542377,1.2202303130788281,-1.1726602301443516,0.2858202218590324,-0.3409971963188735
-0.976743951461346,-2.7053117473397905,-0.4500154340868353,-1.107576223967784,1.9005865734743685
0.20891858156005108,0.42336767295406813,0.6829471621719195,-2.042065690725661,-0.17227663486893707
0.8851186535110588,-0.18900114288957787,-0.5940748159296891,-0.09408918199391049,-1.9323684684231013
-0.06875647649077908,0.7678520702139554,1.5682946444750563,1.1031386617983838,-0.29934877520509146
-0.2292753185101726,1.4068985735977044,1.7689780384176812,0.10021094162261245,0.4817100531114788
1.2619440067755436,1.9445804186023379,-0.27381480737475483,-1.222768981810438,-1.9821721607992795
-0.36650610082370266,-1.9542440571909216,1.784114365205403,-1.6157361671103145,1.508725430377449
-0.8282235869643777,1.5803656766311467,0.13828703909601942,1.6558452929709022,-1.0498506314318188
1.4968700394070031,1.7254330027406737,-0.9398027496183602,-0.23809730443830754,-0.04469254589655293
-0.22868872263480536,0.27784232916716683,-0.25383303633040705,-1.017793836417719,-0.11212403295505996
0.7547633803802236,-0.06267943869252877,-0.05351631994019847,-0.19022255010558706,0.7534743172703627
0.5669537966091288,1.3577397043106356,-1.0021304599649505,0.6751686159033782,0.3660550253921722
-1.5117020961769383,0.5955981672829861,-0.41546088499231454,0.7245620195841822,-0.06197859944040672
0.2986035066717574,0.8892999599820645,0.7232561712772515,0.3080036046058738,-0.7490546482906478
0.85905260684292,-0.8379597202779971,-0.07723304162477077,0.27331987992487006,0.9720930687239084
0.43095541977792184,-0.0052563307747804005,-0.8953803858443655,0.17765115579528581,-0.2883277489647886
1.5435123248742142,-0.8276583914470205,0.16579293866000017,-1.0426985051574031,0.8015600341252195
0.15955371324288614,2.248959271177532,-0.6402765215272168,-0.8969205718347634,-0.46673033128060726
-2.6055379341040794,1.0648061835621383,0.6150572864324999,0.35363633463120425,1.5187176359676093
1.1483351638740482,-0.49532416802234597,-0.04809550578041703,0.28524464949788014,-0.4438153609139855
-0.508379207241242,0.39471741487769596,-0.4207915666942535,0.7544298516658733,-0.48955082539838984
-0.42091049840508343,1.7050411519523696,1.096025230783085,-1.1603942607872544,-0.5112675215907676
0.24091481757986813,-0.01878177016915977,-2.4196313295659158,-1.9544996434274295,-0.43962116939606904
-0.027284380052488965,-2.0391061907204096,-0.6006232940220367,-2.119145507039484,-0.4467412659527183
-0.6232998083004797,-2.106201216775519,-0.6268669670127083,0.1730044347007233,0.07516483513546551
0.0012128021370517322,1.2426208479139265,0.002952312585562179,-1.2533429947466503,1.2144655246770664
0.2965675751026615,-0.05421202651549202,-0.13804830128488646,-0.701605716789752,0.8685932983502729
-0.23181515151011378,-0.4344919868343723,-0.5760874809780909,-1.2968065433427516,0.90518734185037
1.967059594077109,-0.3415740816238879,-3.204253796471056,-7.23837856535303e-5,0.7562013108302144
0.3078600061808245,-0.6349111377481369,-1.2223524517820408,0.045294405272054784,-0.3322790028803483
0.5392525833339938,2.6517292537560477,1.1059131723675717,0.044535769266392834,0.9744424802374255
0.8336214326402329,0.7803086321658775,-0.8192483117213574,0.5734422695575522,0.5730048352335801
-0.08559209037473414,0.46078686588582396,-0.306120510955297,-0.5114038442478325,-0.3535192338835116
0.006774040594886192,-0.3694874753998467,-1.851087671010768,0.8719050233810723,0.83153937720025
-0.08727908863751552,-1.3859125447419884,0.2626135015758276,0.1541951904815959,-1.4839175850672846
-2.3341096521171028,-0.9236965113639835,1.0729040232272573,-1.4301434708813894,1.7931981335815497
0.2461565613782163,-0.08027163619586006,-0.7139784734360386,-1.1691808676060549,-2.740316980150538
1.5331739530504664,1.4377413281777667,-1.6958909014315415,-1.395056060415351,0.45287364259350704
-1.077194324786913,0.7410956314197824,0.5473918617273578,1.0951315299888378,-0.7664845579489642
2.179620903926791,0.24870236384311023,-1.3277153053305049,-0.5769833384782193,-0.6541356965098474
0.43559438502187836,1.9221387060783124,0.11896371461618474,0.15664730788886336,-0.5846657393284539
-2.0893030996228514,-0.16271285728887422,0.01925396480897615,0.09554716363038934,-0.06106631868612147
-2.495294992400271,2.62021757121085,0.48529088155911376,-0.23995258706233602,-0.6305917197378729
-0.5171807730068151,2.2274826051501013,1.130825483774905,1.4203552209279653,-1.9327658702751374
-0.4063634566159097,-0.6994063639904505,-0.8673077698683656,-0.7755016391196649,-1.4946488081351361
-2.0407694573922135,-0.63437054254254,0.18386243841483305,0.9799569567262727,-0.7042180125573145
-0.39802442852373193,1.3278245636077872,0.6064989512953861,-1.290703694656564,-1.805323636603027
0.01825700376563817,0.5294265931374494,0.3857118668528987,-0.8316376701688937,1.297709347239335
-1.4039360088370716,-0.5831847094284466,-1.6992980056534637,-1.1524197223009716,1.3422433062130976
-0.2782011124641924,0.45101506599801644,1.416809382851105,-0.5572578520856867,-0.43754323384250304
-0.07327280412173143,0.689927887994247,-1.0531527303964547,0.22652318165642213,0.046840631272032564
-0.4017643852080342,0.009845443602802356,0.9641209283131656,1.078188023342644,1.6074861963362481
-1.0953109225387616,-0.9570913967192487,1.2077437687653254,1.3756126752794933,1.9936898829375256
-0.4210155399278396,-0.20449984644795263,0.36506985767973,-0.38995564002096333,0.5630180080788967
-0.5355534095253197,-1.6838978296551261,-0.1947241726077396,0.4175202917570567,-0.55879659185226
0.10088978288075601,1.3971969445267665,0.44762465218769043,-0.06035632441598281,0.41775941993372584
-0.7396377136933615,0.7019889165055619,-0.544159341026718,0.7926878253316336,-0.7255611730728955
-0.49244023528908315,0.8646004140416034,0.008840630909180056,0.48227568263196374,1.7740290315475784
0.48990778526402984,0.5220258112477312,-0.19243209062385988,-1.400659134199295,-0.8735993504684618
0.1677523002310625,-0.8394110348295241,-1.6707275032350166,0.9096941451031056,2.336794247839801
0.45155717254495326,-0.6580009927161004,-0.8931895781644624,1.8157210759591813,-0.8498837612130806
-2.443491338112042,-0.7181028693983089,0.7469495917412461,-0.40836747212461505,0.6614426953939226
-0.772222945044077,1.9435548057950527,-0.7070474297494901,1.1899188700874763,0.8113194486530161
0.029765873960173987,0.18790218811033008,1.2058917011879373,1.382516867014986,0.8935017501517768
0.9041699891722997,0.7632773614347493,-1.5365008805195122,1.5804852322912022,-0.2525443831529066
0.24054559991557814,1.5363946900987333,-0.09926723515037573,-0.8742721253186707,-0.5200051451019461
-0.8805412860235828,-0.5427139903729058,0.16784185922520692,0.7778878306125551,-0.4855460693921066
0.25288073261143934,0.4782366713485727,1.137687686023799,-0.8215943118439826,0.5146821744622011
1.304165524910714,-1.056446777960261,-0.11607114116676226,0.3629498045738796,-0.18841936275213944
-2.351331569912028,-1.3142718311836408,-2.310894843532495,-1.2694052907064437,-0.5162633935655982
-2.2083318987081473,-0.971474621358238,0.2725245445961534,1.1616761650006886,0.44679953178505805
0.7120582260756402,0.9557744787496755,-1.7034328756585724,1.2150018548023074,0.3963812701830531
-1.8928965017695707,-0.057161956478625396,-0.022481386284334954,0.5482464004346724,-0.9860890088526614
3.7601590043343247,-0.38303963566952554,0.23809945197727936,-1.3572948137796081,-0.5371686026850343
-2.038145586127805,-0.09579828843369685,-0.590630336609623,1.0254410673703998,-1.1744013065632342
-0.13014791825277036,1.3055848008905906,0.11990443067061048,0.03542486563545354,0.3979159051243903
0.5915080023049368,0.5877275382066134,-0.34033786102769814,-1.5628999178293774,-0.8393586796393062
-0.16921059627537074,-0.9772668524376131,-2.1293450385391774,0.6251258017761854,1.349821443844679
-1.1227580142146545,0.6655046073144134,-0.32865663519602156,1.3058066300903335,-0.9847847526869191
-1.5436794872413917,2.158663958264966,0.9179190010234832,-0.25496255288781583,0.5095146361438753
1.3347201816600054,-2.3876746909716564,1.1382462364506623,-0.03428388649436639,-0.8850446093346966
-0.918139347462244,0.6349074441071637,-0.7364480167404251,0.9316360205984624,-0.2866625440301624
-0.5173354769419305,1.4371374782248094,0.19517358892891568,-0.28971744088069973,1.5533149900567291
0.4221918005918186,-2.2811485168612893,1.8936625305754895,0.7819967291036919,-0.8394262875551743
0.2562358019109523,0.010972892571623238,-0.3341739748882694,-0.2323246386763675,-0.11674371444351342
-0.15981850113252855,-0.3745424955274998,0.9870175617747585,-1.8430971512313077,1.2912974869555376
-1.4490675188158118,-0.05618341025948081,0.5605280600292804,2.074996864784161,1.824056333660207
-0.9087101152085951,-1.267674630485191,1.203755129571112,-0.2997202713321546,0.07519256574063192
0.24556038598637348,0.5664438490192883,-0.08930409359463307,0.43753084202791026,0.9597377238501668
-0.30785044248341537,-0.26642994962496996,0.9302123792572604,0.06494833600905778,0.03294779021154784
-0.960324227786311,-0.27639223572429134,1.3746117517799754,-0.5523811363793957,-0.01915538154866253
-0.11750390788713946,2.1321722616795573,0.6699238670251162,-0.005091519827880516,0.07447256387693184
0.8906959275843865,-0.9675264098925058,-1.2473833923621878,-0.6997880989472282,0.9650021063762994
0.5461875306278308,-2.752085608708263,0.18102219498059832,0.12066942496555373,0.846730076747634
1.220822094254949,-0.9125254372605353,0.8812942260759367,-0.12162679419363845,1.1694132531350794
1.2797584328558107,-0.04344236715245523,-0.6195682212887836,0.5100803385522699,-0.5262714246525089
-1.4896373238560523,0.0586826004721545,-1.0056569800027149,-0.8007047133159375,-0.5741359226773237
0.5315237165769565,-0.30610963019471715,-0.0743096065009299,-1.475412598246624,-0.4695018591281473
-0.8661960944596108,-1.365907086753598,2.0595468818549083,-1.393155237075062,-0.951049533267772
1.0525443240450754,-0.6283339391252055,0.27396323339713285,-2.5668193126117695,-0.5033043896097457
-0.19909362849304296,-0.1447794792578905,-0.17660322439778292,-0.4932076598834003,-1.7892096012744663
-1.6105664257648695,-0.5140482701202951,0.7624561644383008,-0.13579576769693077,-0.9235781936025214
-1.2812313772004518,-1.4430432003623146,-2.1621815009087215,0.4783379453423853,0.2658777468881317
-0.30906624633230356,-0.9151591810121389,1.0436375142078957,-1.887641547262147,-0.04793877587220551
-0.7243724025846985,1.1350203775288719,0.827550582059023,1.9164302824191983,-1.0030785375736169
-1.0251696511194617,-0.5833158756644032,0.37666809342431967,-0.1674105215901141,-0.8760539879511308
-0.6595561751948389,-0.14342332155610193,0.3218588632851932,-0.3332246544640267,-1.3403312462213948
-0.12836706224500233,0.6159229080669384,1.163749102694865,0.03519427262727969,-0.3737742567916525
-0.2325662080002803,0.12455290608632284,-0.6580969450063536,0.8646378966188678,-1.2052851229323465
0.7018295308109128,0.516402205158432,-2.0337326925188384,-0.33726530164952856,1.2599940331819464
1.1835552624265322,0.575230270453634,0.38999994642588526,1.2579246131490207,-0.27524499379332046
-0.3366225357484602,0.43951112640075346,0.4813128004450451,0.20566205576312716,-0.8871710701996408
1.2832589613411034,-2.2688831022520723,-0.1799513576881005,-0.10321876937604006,-0.383765666121574
0.9274028613361908,-1.9181316405792974,1.1409638239128466,-0.24230720795521837,1.0369208454620709
1.1922453902457621,-0.42748308428790716,1.991938058737277,-0.3224863493076186,0.8494117480260037
-0.30618701718098923,-0.9730095825223277,0.2137465087244139,-0.029941790193788273,1.0488769267833147
-0.11524870090682239,-0.8631615205544266,1.0308815242679668,0.7048450799963213,-0.6982436892824055
1.0749188805872858,-0.7696968644149818,-1.306431829980594,-0.5787390147517996,0.3060320139429724
-0.3262098459825127,-0.16623075408379862,1.5442934800056138,-1.268029463275814,2.108769125559459
-0.5323728844245115,1.5204992360263976,0.5389421122293565,-1.3224652036676603,-2.2957120479420436
-0.4592237063528658,0.9678383598444738,1.7952616388107627,0.7777618458265848,-2.0425561335379627
-1.0186363378978778,-0.15877231730220714,-0.22234414446980721,0.5995744373009025,0.4777710915526058
0.8903365715984554,-0.5984448956313895,1.4784369075019272,-1.152608154124905,0.6352580559411807
-0.37113950651473304,-0.3791372679369139,0.5742401310259286,-0.15409890621833236,0.2427917122618725
1.0161991290440417,-0.4800723554102336,1.3428729083264637,-1.4066638307008243,-0.5045039736141514
-1.573143121354034,-1.0765456838785188,1.238352218531057,-0.038110970535108715,0.9633310099833835
0.36653387385117925,0.3840881670766435,0.5283489484906564,-0.6788000653773775,-0.5362021999042383
-0.22040791867928197,-0.6317371848787828,1.3534634726312873,-0.4759981095467051,-0.42725715797982255
-0.6642124509071599,1.0465444719979897,1.3628296961980104,-0.2528466384357627,0.4348040541889579
-1.944892668475705,0.5049652691666198,-0.37276809618313567,-2.2246820641577676,1.332661610508255
-1.338649183788794,-0.004953292112396533,-0.8889144685350977,0.383053324253225,-0.19093681188675876
0.4274824120673888,-0.9151195283696724,0.32635186768690505,-0.4692811033457133,-0.09022699222907768
0.24866694446686463,0.7555030804879825,0.4781552784191569,-1.108337057673633,1.268097613871709
-0.1440169408163298,0.373654363611329,-0.6445680618945724,0.03321198357303944,-0.3385711280212446
0.835347415372737,-1.3719102864065418,-0.009841616117297693,-1.1168756464079101,2.2417926554812415
0.026858405899144032,1.1640764453464933,0.5123487156123663,-1.2172801231859025,1.4875131561149575
0.652089310777056,-1.1559289000873207,-0.19824670024019345,1.870930657433909,-1.6433429033915266
0.444306090152021,-0.5708576295374121,0.600832137424878,-0.626582844464278,-0.38571045869825216
-0.5994846586647699,-1.1402267053806074,-0.16298308885189502,0.7605411274207741,0.5745413916965237
0.18624862533570907,0.21338130103321706,0.1710166109383329,0.1211715265966043,0.40032150037385306
-0.14879004762649892,-0.49183863475631906,-0.6764412629748295,-2.027469641743332,0.4997462486536271
-0.5909143779110962,-0.17710841668794558,-0.928032210049983,0.3133093427176508,-0.5917919783478016
-0.5912918867223561,0.16662332815067882,0.5115481090211197,-0.7611000171877045,0.4112622586392481
-0.5873678861107996,0.569859098235565,0.36883107634332873,0.9461282333098582,0.9137533748463599
-0.9043363920368025,-1.8183675162683255,-0.10045064163130159,-0.7824326318885785,0.4258768034825995
0.6655644018769152,-0.5641058152644325,-0.027961327869349666,-2.409695320635156,0.1806713453476574
1.142403342966521,2.7301159224715783,-0.29405886941772397,-1.091291307803943,1.0171429621454906
-0.5538665877815653,-0.8612144645873961,-0.5649360000627326,-0.17971907440276497,0.669950760975697
-0.1282603760089254,-0.2977885991946553,0.919838730962656,0.2215492952429324,0.30812645954353196
1.291876428545328,-0.5898945157507196,1.490593868375749,-0.14767978518648323,0.6370566156343495
-0.6283944109792579,-1.8179763832474418,-1.4421013880555302,1.3580739254576044,-0.3400434212673451
-2.2952995784196664,-0.5883136647333473,0.4319934551981077,-0.9749339581625306,-0.7739390491699459
-0.17977992425768566,1.5595330573698607,0.0005710757929425122,-0.37319177298174616,-1.5875989092211147
-0.8344983806831324,-0.3472735185401324,-0.09390039559988718,-0.028277724684905553,-0.1968338758908325
0.9404871681409347,-0.42844149749299854,-0.08409723051513467,1.428712289240382,-1.3166190624651612
-0.7030658791764853,-0.00654675146047231,-0.8051698850312686,-0.7894633502005635,-0.9624771090631311
0.7303771146737965,-0.2912608029375118,0.299210022759504,0.719530860377899,-0.5107340543519125
-0.14289370154553366,-0.7700955011128677,0.41443085797623,-0.6081322564842125,0.6834632769989997
0.643203492521518,-0.4760012289862716,1.2201953096822549,-0.8659651533194505,-2.3973710197706106
-0.306542762619567,1.298999801059068,-0.2972068240452171,-1.4320337143538853,-0.10030908254576905
-2.335780178558717,-1.6447026062195171,-0.3441557846859806,0.0859095281603211,0.42540722729176567
1.221666819672468,-0.37220870824281743,0.23727711684611005,-0.4992639277084888,1.8242780076284442
-0.22038215732302427,-1.8044784191503438,1.339634898811166,1.1005550404819533,2.126954009035068
-0.34166783540477114,-1.4203741043790323,-0.2017473060891044,1.0365314400581824,0.40050703960496875
0.4910673963897591,0.6760050468191218,-1.1393322428933061,-0.003563329330631326,0.08693424084131039
0.5816810771145521,-1.0101700345210174,0.9234582495819167,0.27154064930055444,-0.2012545036759088
0.7788147820000068,-0.015402116751575427,-1.8487411424139188,1.0208504365625093,-0.016596172512605874
-0.3664467337189826,0.8019635453131886,-0.38149543135797065,-1.3744631395852058,-1.3125610741409954
-0.4152617352520787,-0.9782192347190934,1.200943987093125,0.49631093284468103,0.3080071562700379
0.14332983822903994,0.5604437214817961,-1.565941587994695,-0.1787367783919773,-2.0075853783942326
-0.5374282108436638,1.106214866709933,-1.2354720327352462,0.024482870687441205,0.6032607563233929
-0.8130432599802667,0.5682792105821047,-0.29109150462814587,2.4573105440824414,-1.8898669615995654
-0.47281087170148534,0.8136824932717647,1.093503461435588,0.6043132880190435,-0.5097502767297376
-0.05924897457840482,0.30886712874686956,1.1441971310990238,2.5658196301742557,1.2234826032175732
0.6166679326482045,-0.4850515303455951,0.842923489365879,1.018909618236814,-1.8972755212430834
0.4220049881355471,-0.7292376239817165,0.06200805518225932,0.672594592195623,0.7358438583486545
-1.1942270347432273,0.055159736576404904,1.9961942608991234,-0.14379290876387096,0.9016076624430962
-2.6326228382890045,-0.30656755396480534,0.7739340932895498,-0.24009336793187266,0.805560726325113
-0.5938474551152918,1.9863486922018605,-0.8110814593070351,0.9947514988392865,0.17267470005476146
-0.7403830489069375,1.5169563504040888,1.1012890738766186,0.2783302788375759,-1.7929144695768675
-1.4683910947991128,-0.016090266032391123,0.3377669115442638,0.06153108894425622,-0.43514280566479097
-0.7543207706811582,1.6868631889067691,-0.9919251688724086,0.4635445200077629,-0.3435901410877557
-0.13107567019538524,2.0233602298671625,1.1280032884629443,-0.19286484013427257,-1.1987865186025395
-0.5362859248318834,0.06855299813180055,0.03570879327491276,0.44105520988537317,0.2532309013295136
1.3627483024827676,0.04848834954598225,0.4196365849484471,-0.28974801061765304,1.0472780371778674
-0.8377177210949562,1.0422672899232555,-0.5875241005968054,-0.42272714830677527,-0.9400759281018787
0.8814776418959948,1.1012964061273829,0.9969035247524934,-1.4819122494565145,0.4859403312445025
0.877179223143174,-0.1070953109335206,0.36844992054472847,-0.4281022101320863,0.9742437918675481
0.27539024680607627,0.7142252995667829,-1.0837882217034702,-0.6109283386867004,-0.36405087964470095
-0.5693159456212501,-0.21766533524007237,-0.15922576645678513,-0.8335702692253524,0.8687584017618732
-0.9122437802325855,-0.08715749359062445,1.6060633252588432,1.1648587712067047,-0.706310261960372
-1.8427412203774818,0.2926843679877257,-0.17663843208631017,-1.5581464825645874,1.6449768967347922
-1.3438986190740714,0.0008676487241962693,0.0654461597384414,-1.4137398528577212,-0.04377080912295905
-0.6527171947368484,2.907198547831654,-0.00404171377718527,0.7884981965798352,0.5013279097980087
-2.0502297742267332,0.8089567629876104,-2.4364538319364435,-1.7413057565139236,2.402437603934763
-2.0637987316579065,-1.0256785178838488,0.4702436437394799,-0.8925017624160582,-1.4287954772536666
-0.6649981514438473,-0.234814356818865,1.298562293748382,-0.3802413723318078,-0.6034818075544238
0.20039369629096934,0.8566979481646037,-1.2324638381619373,-0.4698285540747201,0.5283835913339838
0.9797509802496343,0.5987192389109808,1.6490574470933304,1.5159032981309017,1.048909062698263
0.7743549155201285,-1.9390345525823567,0.39217992294966636,-0.5769737440919263,0.8958459279647496
-0.4558213028405331,1.9361829755085258,1.0697692310574562,1.4817234145362963,1.4364237469461667
0.4210130829715359,0.8138862096397849,-1.6007707204359838,0.9406893888427599,-1.7592928999426019
1.0884818634448117,-1.1087393299430492,-0.7237503163162741,0.4375641311099586,-0.94330395087566
-0.0930313790001195,2.030700785967003,-0.5516431886218458,0.8686231101156776,-0.4428922493207973
-0.8396834558061561,0.07148480422049863,-0.6462045233467528,-1.1074954469534433,0.7682256108449732
-0.15197705079916257,0.5475366954080692,-0.5589149376427835,-1.0570861549007766,-0.4744762961714038
0.05277149906456475,-0.3089661109784884,-0.4997434452102909,-0.6742797113385607,-1.1148171567681264
-0.6700112920970672,-1.2909780082355249,-0.004589040762795715,-1.3973673250049112,0.3148121384291445
1.636882935968444,0.8155551321852396,1.307116792525902,1.1482444811324595,-0.7410578775239492
0.5817410828514157,-0.7918599408639303,1.5008555401042682,-1.161450114767595,1.0298630165131748
-0.6529176550167416,0.1962812574526921,-1.9348670026192605,0.023514846016213144,-0.5877251201216347
0.368948470349546,0.41699104047184926,-1.326064369519777,0.12274462736502109,0.45348300518062407
-0.555543900325712,0.37055895475164385,0.08334215216840155,0.07620407763477928,-1.7560980466985734
0.2807575568155105,-0.7651842194986088,-0.8721291095879599,0.32369925376295244,-1.0037786231151795
0.2602211440811525,0.16121213284920674,0.4568658771984773,-0.1662654563880234,-0.25198736569192043
0.024089324481837707,-0.9299921454713618,0.3316972708461802,-0.9244551110763068,0.8180967079505554
-0.879118542605359,0.7194517471224959,-0.4029290025632542,0.33307454841920225,1.4834698857433148
-2.645004200422418,0.25853393676288583,-0.8299101547254656,0.374777762170097,-1.3849306683105957
1.368372339944765,-0.5846894397486158,-0.5510660782034751,1.0414031090715665,0.9765599093829032
-1.064635907369857,-0.3713808176713289,-0.8272180864985305,-1.1093091368615209,-0.07363347917599539
0.3065361110653699,0.05921888810226333,-0.08744675939913595,0.6706093607381799,-1.066051820370816
-0.18157659328356368,0.2919307050243588,0.9045867016811131,1.1912342780690341,0.14395442088696908
-1.312330867371932,-1.0852536116165878,0.22010401512338787,0.8126767347586863,-0.42921726619724393
-0.7224384563054994,-0.03276573515601208,0.0948586342601336,-0.7152966238641493,-1.5677076183182481
-0.8113137012432562,-2.571179616632354,-0.49671359964158796,-1.2032232504087983,-1.0904577646776312
0.6160228566654202,-1.0561535439290886,-1.1648807130600833,0.6826567810090541,-1.4173433154334623
1.1715783355640197,0.20859435188578931,0.6149282666382438,-3.209761882415049,0.2256971214634292
-0.4241759183422658,-1.2714507405392894,-0.545263889119442,-0.24287584510297022,-0.045599381005074845
-0.7381620469660295,1.8757589340419278,-1.3938828889089807,-2.232067898217715,1.2740129632055914
1.4221185334589872,1.3305488196474184,-1.4116732460177013,0.5459621293891667,-0.6199517305592794
1.3020331410479369,1.4860924807429097,-1.7458063567488513,-0.23648581077596206,-0.2699992880321294
-0.49060146012197003,0.13586067463580243,-0.47802460753442944,-0.18872129699132573,-0.3572652829938971
0.6234118999753114,-0.024524198587994563,1.2367132157619598,1.1846870784613055,0.1514434031747447
-0.056730742324625175,-1.1596928617745894,0.3935137833603607,-0.25867425409044326,-0.6545347824771315
-0.24385112464197214,-0.40136538489069684,-0.8191213141187631,-2.5066704917403735,-2.3430705019818796
-1.0779999905231785,-0.18491803490799016,1.2038272818805171,0.2856245822514758,0.2722296322738711
0.6338217370512153,0.9360906781320877,-0.5172697390994987,0.7651872382621508,-0.6688893869017017
-0.5120920451102284,0.4778231146694775,0.09105950694682112,0.8432187991360504,-1.9991551524893187
0.04652388086885178,-1.1813447034876552,1.149101964146796,0.5737842815420053,-0.6728015557558167
0.31175574391402194,1.0964052233219996,-0.16931888016966154,-1.1217645244438224,-1.4351657407266947
1.1051641873205158,0.8076747856768208,0.21031912629242241,0.11531785384484007,-1.3177091840861654
0.1750400267158391,1.4921462007668778,1.1555253408795458,1.060879219306036,0.6163993794994973
1.2019663066203319,0.5242956829933607,0.2562989959263651,-0.24350379507887135,1.7019676411071656
0.7669240497617761,-0.9879411460348301,-0.837728523330607,2.358620624687015,-0.41739164879488355
0.591180133376525,0.31112847182379905,-0.5134864646623376,-0.7607586841348731,-1.1941427242261664
-1.650958159700187,1.3803001585888501,-1.0476603755958407,-1.5995360576199733,1.3776078041779554
-0.08391760666440615,-0.9759433095701298,-0.057260593007544304,0.0964592105900877,0.408183846422705
-0.4212811825966277,0.7276779982327914,1.7082283817758908,-0.9685965631580266,-1.0303524612279815
-1.33062667359006,1.4941425040505147,-2.126184318477927,1.443155470911516,-0.33464002055276176
0.10530324153619228,0.5614752095897858,-0.06414251023851243,-0.7303170714472003,-0.08435969296310675
0.5966811821862834,1.2972943992114192,0.513867043041557,1.1536084726167315,0.7452828734985412
-2.2295246438125504,-0.7542551985252587,0.9141662913266642,-0.04241192492938763,0.5510580698187069
0.3837388282851705,0.5216547702364934,-0.25508731392942724,0.1339232778734323,0.16126988538258266
-2.018393605924234,0.14939219387995137,0.7398346430226845,0.48662257076556764,-1.3277816405346248
-0.7406248414196074,1.033749008280127,-2.012992593808502,-0.36868333091334066,0.7340975012522108
0.5491230935245482,-1.0583073773538088,-0.29021177917281504,-0.7978932266887309,0.14520449267661456
-0.5582924867358072,-0.8985974063563021,0.45780981607469967,-2.030586578548565,-0.29825268328389204
-0.20101221580069553,-0.5824907332992518,-0.4390880740772721,0.1829204091048151,-0.7617728877712898
-1.6329264340950016,0.4658919084503275,-1.2175562510336255,0.3185708376405452,-0.8068179664381658
-0.05361269825155673,-1.111948982231619,0.3158501595982813,0.24101693707166114,-0.21583225409593174
-0.4126406264945703,0.6752189559071138,0.2854906042793135,-1.1282023178041294,0.8142783355671531
1.4175517632891455,1.2419325935442964,-0.358862469947426,-0.12653670198430442,-0.0838870312021668
-0.23009301718686123,0.04662585779776578,-1.347566305684752,0.6240097664789683,-1.7814510636588954
0.8112811670654074,-0.27985313329960093,-1.327862401875715,-0.7123223347069968,0.02037662267865661
1.421473786018672,-0.5386908409148029,-1.2064950082627115,0.5592384419172134,-1.1122312945671569
0.4154224165185808,-0.9234793005758645,0.9955698041517786,2.037520647709629,1.3288936044357855
0.08364129647791367,0.09737475178902563,0.2502844943533975,-0.17612689165207254,0.43845961684017515
1.9400624448252033,-0.06415760864008173,0.3904524074762273,0.6844320557874912,2.5321007818828867
-1.3363127811307263,0.6426154755914597,-0.9619054424083134,-0.014643375607628854,0.42795017801111024
-0.4986000982327739,1.1781118570452878,0.24054199052175743,0.8031989143414443,-1.6613332038556075
-0.25973590110512934,0.12450171971997472,0.5955708666730533,-0.7515423341456212,-0.6590350613264786
1.0507353102031851,3.3058454437103335,-0.4031396577259035,-0.8099041997564647,1.0631622918931194
-0.09286586364831026,0.21407270762437586,0.006045390762815544,-1.096270751715754,-0.05334787173829801
0.6472095435873287,0.0494313421747049,0.5005255919083456,1.2645183752921132,0.8730284707018023
-1.3287029761311975,0.18695081678368652,-0.814752337828834,-2.317102072208197,0.21845598621361884
0.34153170417477846,-0.8794282095510711,-2.791529790247624,1.3562635712223357,1.7357389144760293
1.255791271573155,-2.186536832565292,0.08524622517576715,0.5457183928128292,-1.4261427191404492
0.05348190550108382,0.28760151191907457,-0.0810805646099049,-0.2840296411037363,-0.21832433868516352
-0.764388006015586,1.4973462612363089,-0.16601294686199128,0.09209256002749563,0.3249792888781224
-0.46385529331887393,0.24732951423194346,1.102081378647324,0.41105628144694295,-1.6811687593509066
-0.37949120365102595,-1.1071298876746472,1.527763501994462,0.810605931187726,0.9473809166892119
0.7385519327124734,-0.38804134411902247,0.3504761762245506,0.7551493118367115,-0.16509219123086483
-0.06983405117496057,0.4564031977310616,-0.8749257089166095,0.47189753211299545,-0.028138310076628707
1.7013326541784037,-2.2009976382475767,-0.6756776157175751,0.3779460744125333,2.754372859787206
-1.3057882896600463,0.1534957886731434,-1.2293794648326803,0.4912275836646634,-0.5638048606713569
2.2228113823671007,-1.7466483437218863,0.12268283894969212,-0.23315684272343917,0.6283765723529041
-0.04910730763969543,1.7849945151259017,-1.1260888730006895,-0.3211060531395235,-0.2920043600229801
0.3599820351261807,-0.5279519419706354,0.9170907340351591,-0.07387305525859424,-0.49352352265189986
-0.04402709188654386,-0.11378370127508433,-0.14708088336149563,1.0992293039009813,0.7582541867829574
-0.44660624648799324,0.7114377304403349,0.7891628132906219,1.7079203296881946,-1.9451121366740036
1.2537472494948274,-0.17806571317094283,0.2891735472529618,-0.8587218693428146,-1.48261265316145
0.858918544696669,0.2805296982059193,-0.006095054533440142,-2.1963789669612077,-0.46179398475464556
-2.119567421380584,0.14226188359159792,0.10321853553054318,-0.8164989850919055,2.669539405791514
-1.236662886119915,0.23850237134786248,0.07634439557733362,2.0328250839988984,0.3573618660724623
-1.0972719937757462,-1.4958067347056931,0.13574388413044008,0.47883358465133957,-0.5870369507816848
1.1881487954864718,-0.0041413794297544765,0.15610194895626864,-0.9739420002725278,-0.634071080229169
0.2842329933099631,2.2123209981857546,-1.6865525464996682,0.045803688052299854,-0.5180080218366887
-0.10115964872205532,1.4119117495171212,0.21282328796861438,0.36066508933271396,-1.620536000298079
0.47429713789820077,1.1711999457593094,1.1808070382839368,1.2104322420031202,-1.4535018397448918
-2.5957615028891388,-0.14679456978801275,-1.643010343571301,0.43184209420857617,-0.2524949587389971
2.2828032272071246,-0.14745587569056692,0.7449752124186451,-1.0423712625439219,1.5377180527152805
-0.6762673015898905,-0.09558691641303343,0.22678743983459573,-0.22173689915181954,1.401450986303321
0.38677357913240523,-1.693862297677697,0.4815124090340939,0.05578562771025789,-0.30707218099162
0.6164843445662648,-0.9258698022387981,-1.1850859933513729,-2.1069858606104206,-0.026504244301040668
-0.16498581402420062,1.7339756487557174,0.31958835545339154,-2.857857685089365,0.4174442602072168
-0.35462646401680037,-0.5344636392705086,-0.11402240019998099,-0.7000729659683944,-0.9500372631799263
1.3965064364678126,1.2729982507512034,0.1382116451639167,-0.24140007207800804,-0.41495741984990153
-0.0876548967108502,-0.4270911323051713,-0.5284473413783418,-1.0323306564047463,0.05900162506427662
-0.8223972442826787,-1.1268494083865173,0.08253591246789044,-1.6001069613188397,-0.389611044259943
0.4035632240895266,-0.5370960313940109,-2.1031441231472923,-0.9712574617607719,-0.4682219795970021
-0.9382121252711073,2.306115723172431,-1.3892736172342786,0.1345107772272921,-0.06348104250524403
1.16246063277815,-1.1449423942715269,-1.3787270248217909,-0.6043786375025828,1.035778134806269
-0.12767203306683034,1.9289650668236658,-0.6460463144817663,0.6205628690952518,-0.6437528151391666
1.9926420000046963,-1.7714928927885616,-0.34942788839494027,-0.053083273812338266,1.3312084192370781
1.371294432697888,-0.1856052697737661,-0.7634434320897758,1.1973069105790812,1.3082741587150104
-0.5048523953430597,0.6351696026771088,0.07438268260964408,1.4495498363106565,0.7403761787333643
0.3595132610863142,-0.2721854217502868,-1.165797314624219,-1.6883023060719333,-0.6323554077347581
-0.7809761209131829,0.516364931927305,-2.103360966417448,0.8639560745110411,-0.8231514398987922
-0.8839010202719698,1.097845155553296,0.44653455730013186,1.6590123935434822,-0.4077486073165691
1.3994188233209988,-0.3070743564292661,0.3124825376935336,0.2328790987666017,-0.5748514446747167
0.6775620820456922,-0.40371983471758865,1.3799115627532257,-0.13757422876423783,1.041345080515135
0.36068471768229415,-0.5872723266272181,0.8781767453335906,0.9755991867651261,-0.6680491701348653
0.7857721965982608,-0.30583200134875876,1.2054088578077207,-1.4637900460581594,0.5509245118949747
0.6864850092583115,0.44945801572279837,-0.5908570137416632,-0.3572540314686804,-0.8579376298091034
1.3510325206174953,1.6969565971563516,0.4587978509471705,-1.4366098685071742,0.6751389951827037
0.44937672553805563,-0.38940664741421127,1.811845838332731,-0.4676077398336181,0.6767989706900459
-0.5426162723736652,1.178298255934703,1.8352406427676395,0.8603408934941698,1.9015090525021205
1.021198455400204,0.22374341800995254,-1.0183077614176956,0.265944020743884,-0.6797774469368135
1.3943771025113612,-0.6353497774234242,-0.7082053621716151,-1.569604658945417,0.26509570658464215
-1.3463832819600767,2.680934003729755,-0.9333443878541975,-1.2626749367650192,0.112882101573707
0.20153264327297513,0.2255268944794962,-2.8949862494743828,-0.8660796382795044,-1.9344729908427023
-2.0020459826361097,-1.2199909706507601,-0.30635541015764345,1.065521787034747,0.2616273363476503
-0.7859561190647871,-0.7391856934825735,-2.271510713059542,-1.3959927905712048,-0.5014607128968954
-0.4575338730923345,0.8299326179486333,0.38947897356474326,1.6489510149894586,0.22160019603160666
-1.570272606466839,-1.0811038054112971,0.11337054441781624,-0.7147618855706913,0.09141292213885233
0.5639533918970882,0.8085316320100131,-1.218982864648704,-0.2052005638371568,-1.2127102113262
0.6258006780029967,0.7243143730669032,0.18335585511872787,0.19449503908810856,-0.12261710622003377
-0.15155659879007877,0.12730033287794998,0.5211920776075282,-0.2127881999664667,-0.6346187059193884
-0.7158046594324949,1.2300598233628712,0.11731468465490728,1.6511528146090386,-0.09468783548723374
0.2133970523447966,-0.36341786881046795,0.07068673324726568,-1.2786156326066618,1.104894167777272
1.6598047181143332,-0.7990668362736016,-0.13532297682782746,-0.8226133591868287,0.7025389034476676
0.45624191387198176,-0.6061622688471685,-2.4770854817202004,0.08464426150414775,-0.1541801086192082
0.33043086673890804,0.24592832344668242,1.7481764721269695,0.5447791423051049,-0.2861407673623398
-1.9565738213794734,0.5140040505838577,-0.21001274955903765,-0.801831420660999,-0.13832020179667268
-0.5191489402199363,0.10544090838345822,0.4741361813505849,-0.6243195875121551,-0.40390422948153876
1.894517831766464,-0.4301525506156988,0.8878757179486118,2.2170858889522407,0.9475309287325048
-0.5895152084962964,-1.3077232856115963,0.792369630003072,-1.7422573172940738,-0.041367297804021645
-1.62024693284205,0.48059624025987513,-2.266945548430891,-0.37916486617988,-0.3414555442792583
-1.9549229416216456,0.4591694044806915,-0.5586201611821684,-0.9908666992220517,1.093479776749302
-0.5032758063632837,1.4008563864449575,1.0409605711887941,1.561347109335231,1.0276037140731646
-0.22622023719018022,0.6727477713053596,0.26995667508107574,0.6619738857688474,1.1388657468707044
1.2638767038000167,-0.44572189786972793,1.1109959801668803,0.43862303320226514,0.16502681586257667
-0.6981377253079094,0.495066193179944,-1.9238460307251841,-1.5587482251189926,-0.517943084818956
-0.48093291740019045,-1.0630250161086476,-1.008786929372183,-0.7855494930622176,-0.3127747565642798
0.21938320779794893,-1.2006022726169323,1.5807108137889427,-0.030656201425272405,-1.4195457587608986
-0.9175990239689679,0.6661110024645394,0.4135027714627854,1.666369907081905,-0.6165541145129816
0.13979908744598155,-0.30764231831253175,0.029612008923413615,-0.23287651352406724,-0.16805049096259148
0.05542600250045801,-0.18126714144318645,-1.4030485372486015,1.5619753180642995,0.733057430969477
-1.2250674671734696,2.2085711409158892,-0.607400237708092,0.4741800864857875,-0.1260647932066052
-2.522149731359158,0.19249069869871993,-1.6446757737072621,0.6742693406331046,0.9857497750604973
0.05161107410433409,0.6283682610963253,0.3810194994103297,0.4663114757959893,-0.4971333182947333
0.18848012399294678,-0.8572846541428141,0.706738741798974,0.174137080042124,0.15913937978540632
0.23748531224092917,1.1799648026797893,-1.6831453059191501,0.34121235184830184,1.3095342697253856
-1.4834019316300833,1.1407720874610205,1.0859207272798759,0.3824088518029457,-0.43053399060362096
0.6492279232671438,-0.40762001595137753,-0.7183918945894793,2.6065334613158977,0.4565977946674678
0.08534139732425088,-0.08323760919091877,1.0096725128900073,0.12604952103337808,-2.227123128937146
1.1970504291410238,-0.3950431153633595,0.7218034874938424,0.42079212270792465,-0.5108610138874493
0.6583858560022311,1.8433584950728372,-2.1704307461287624,1.2147720857634539,-0.8428010967474773
1.1894440179320427,-1.1070050504557476,-1.169343727397104,1.052535360462959,1.299277074103524
0.887629119166707,0.06854949598636217,-1.0880936998449846,-0.31444617264576347,0.16166397414420097
-0.7310311009607355,-0.07710862600694678,-1.0976436554199622,-1.8326914639303888,0.8764505816493037
-0.7349363109809026,-0.07838794396963396,-2.1203126469973888,0.5462387153050607,0.3904595091822813
0.43085362361007484,-0.004869361291211218,0.01255085497548111,-0.38133124998529155,0.7029535239567359
-2.335893816100207,-0.916474614478867,-0.24597172317738553,0.6288269050752271,0.04843594087855969
-0.1261727352131168,-1.1909498259478617,-0.9260516463898142,-1.7437047782415613,-1.1471152217715703
-0.15789916742132626,-1.5472853671126356,1.088663809507593,0.08988524701843117,-0.663800531508793
-0.4945195565800667,-0.9530998182584718,0.1683093514681346,-1.2320590650733663,0.5048417982378416
-0.6312486604313573,0.2946297941846438,-1.4102585202530336,-0.46938857288941194,1.1071566961588826
1.0726892013859854,0.1992250165331988,-0.7847326386983645,0.8579632228912281,0.6222688613403288
-1.070617264612932,1.0888764153247668,1.5589788177760573,-1.5026174342452776,-0.44313903399525234
-0.26458696208465105,0.13614413483968588,-1.1399244129836015,-0.10241542066776411,1.7018156746396107
-0.3039091943883273,0.7890581589759369,0.20129538283222717,2.6789986292139782,0.5232141803804627
-0.4966367891652876,0.5377851315972547,-0.11144164431402237,-0.723899342077103,2.049901075580991
1.5918683628048367,-0.5805568070361701,-1.5615511197585195,0.397854703551982,-0.11745938665719424
0.2371377678635614,-0.03555734054576961,0.30530950335945944,-0.2063128442019933,-0.8091237913886113
-0.4702648520848893,0.923032615881124,-1.3902886551195408,-1.675686916785793,1.2905530336172977
-1.2791742337495189,-1.2273124942913665,-2.5841515750396136,-1.5531642222075075,-0.3021237164221376
-0.017053873461600397,-0.1986917576124273,-1.28855568411904,1.5084936761231094,-0.2973070735967747
-0.6392563073578884,-0.6890507334746794,0.2955148061925226,-0.5286333295514398,-0.7083320522210568
-0.24317504926017533,1.1506060475443094,-0.6257354155527962,1.3624373484228247,0.7103482423114656
-0.14742620080599517,1.2041999055994816,0.1368361271038606,-1.2928229708542975,0.4640421864222929
1.10682104755874,-0.15089278434688214,2.3080514733519775,2.163065382903942,-0.9738191137657003
0.3349814870973189,1.0805881083152318,0.10373956887381997,-1.7847569880261211,0.2215827175379527
-1.1866105170360564,1.0629170450425347,0.23621179688679322,0.650045794188978,-0.45678026833083296
-1.0541845513553436,-0.5756184082500027,1.2134175032449264,0.6132006392779988,-0.8039451723612986
-1.6316523224401178,0.5559090273559282,-1.6986435289660995,-0.07250291141125643,0.11431066295260003
-0.7371871611485195,-0.7914167139010438,1.088326247892634,-0.5258982598088555,1.0047867480359312
-0.09450436885929576,-0.003565581960026378,1.2917206314763974,-1.3105161018835836,-0.286790930647593
-0.8243489829120978,-0.6797502933277217,-0.5810263270448075,0.49573153832702627,0.3363148347822394
-0.39207418311573666,-0.4119321007891139,0.5326139335995391,0.907879801798497,0.7991318973630533
1.8970005384058757,-1.1317025181232596,0.28121593340348355,1.3878639847996832,-1.5856035650666316
0.30682754533356166,-0.4079193201319977,-0.8232154815632372,-0.5120459973803808,-0.8153322725173363
0.12683644781273742,-0.40047275283274103,-1.1722699584811664,0.08616441451750073,0.41743951351643416
-1.2780534405632813,-1.5606335571161614,1.2737450144875242,-1.1746657656644923,-0.12689956594573973
0.24008521005015548,-0.4817523207185333,-0.042250209555932616,-1.6034574172398697,1.3885317197585576
1.3716359493542867,-1.9667086107915421,1.9526132236103368,-0.2560733505999214,0.7347135798290974
0.33680050486134494,-1.4360278259595418,-0.4277392635159167,-1.0445644942471937,0.5187464102814249
-0.1587022968106026,0.18544820821040275,0.47040580599214127,0.3409633562809545,-0.09170557718148929
-1.646178378656098,-0.8371981153118104,1.5880111197905449,0.06364077277025862,1.0093043995367956
0.9806787964497348,0.036188482399935044,-0.501087878754496,-0.6705150735919347,-0.5540554035524433
0.9350885246532658,-0.6916579243778473,0.2971258641483222,-0.5998363626832764,1.1377449806844129
-0.4823750402510366,-1.6913496533742531,-0.7268584300315835,0.40188620058444957,-2.7237261033876634
-0.359773354258391,0.034242000337878206,0.7623702008622291,0.04303490349949605,-1.2019160090603547
-0.12734408413336956,-0.08881438435175958,-1.8591472044534383,-0.18839545055138765,0.9967938218213135
-1.4152549321429095,-1.485043155227071,-1.0964672515368412,-0.8895084050922946,0.9331261560954301
-1.0984400098541092,0.34046643871137683,0.8374420686482476,1.4037402513259796,1.7342538033347268
-1.3591054108772487,0.6346109985304038,1.186219368429347,0.23000363562978351,0.7572072916095842
0.6640261505409337,-0.24940784612449637,0.855131616475855,0.7399111875282367,-1.5201519567659374
0.28759678856073373,1.304304216485386,1.1148904798903565,0.03451438487297009,1.0424567594720464
0.901887136540161,0.7238006765819056,-1.0255490342067437,-0.6333949288719599,-0.20439672380577947
-0.4181885113972528,1.8488563361506674,-1.064437856817616,-1.8691224617535531,-1.1150177029001653
-1.3264651588891365,-0.7360099744645784,0.7963940818975986,0.4417636280233658,-0.6614041043833377
0.3351656315577267,1.2675429065825827,0.5830757826084384,-0.12515261645426692,1.3334643909838821
-0.9507690988278917,0.30600276748186256,-1.8172120712764295,-0.27780836173329065,-0.12302447744854367
-0.13989548297849277,1.399710511399956,0.44033380840669145,1.3092722476264542,-0.8800656195713107
-0.47078296267906833,0.5994656055678946,0.13784925340901763,0.46558974094072175,0.7665612401329737
-1.098411755393264,0.06087024113258779,1.330418091239429,1.0460115903590383,1.4213553277471676
-0.5747751963080219,0.02649257113968229,0.17183341805823915,0.8250554763044874,2.8867656836103275
0.899869085263305,-1.2305491413253546,1.3461148968396857,-0.018665962746643467,-1.4127273891135994
-1.1498581870985713,-0.13678865442506258,1.5259165079982635,-0.7554154372627152,0.2196512192113684
0.8666672229312119,0.04317297320166862,0.02475653542309588,0.9055135914690844,-0.25866301160068333
1.304286977016555,-0.05869408533922391,0.3498135432990633,-0.06336997454292626,0.455409945147068
0.5326118533541726,-1.2794160454143688,0.8616473334067334,-0.6809666873089077,-0.4152999024382851
-0.4044584401509908,0.45103265037613777,-1.3766780934382676,0.5090853909821219,-1.2020833134024675
-2.015336963335025,1.032184714367366,-0.7120064145875459,0.2612457145775,-0.19271216274971967
0.7978405035752225,0.23774317320094937,-0.7965734565636845,-0.9637678494138826,-0.3101623163985755
-1.7456096108771728,-0.49365632835146545,0.5725414068669441,-0.08146636819927182,0.4871285663150558
0.31332326740413347,0.6863606411068792,-1.581965934112186,0.08082172007019324,-0.46482156651514017
1.0844084350894918,-0.8567431234789739,0.3223958960948011,-0.33275637545980236,0.3788550114038681
-1.042724068002062,0.768993349679802,1.0024705617268503,-0.7388327726103504,0.6318313981772541
0.0036874569361043386,-0.7511784341577132,0.08166327332970405,0.5290787621720033,0.08613844139123346
-1.3959000706524114,0.002924765104034361,-0.8511690345655989,0.3744541826024995,0.7306779756790566
0.6294322182851606,0.7455546634035226,-0.7523125142437156,0.9635308481355556,0.6557189753195264
0.09253175877810556,0.28394798578020963,0.0770644475690208,1.3111604977034332,1.1937134267125697
-0.06778511337843146,0.7815302578277091,0.16142527379923022,1.3212861240309965,-0.6944799084550847
-0.8473793087876553,-0.7917875321530398,-0.4708856683188429,-0.8906901126155432,0.4470570095258314
2.487793032309927,0.8349162454325169,0.2666715116261128,0.3679151294282206,1.2860757954012978
-0.26559613156499506,-0.8411949507978107,-0.6560592117401324,1.0107757649446085,-0.8203448181453998
-1.5178471382695857,-0.20556130568129857,-0.3360475288484769,0.30576567183357084,-0.6221968491159137
0.24456589760463904,-0.1708111775170241,0.159757115610466,0.6538260182997708,0.823959628037658
0.42359473418990407,-0.4115995128710778,1.284877831633355,0.5855189988738255,-0.7717305119689796
-0.12653419739153685,0.7943815285670269,-0.8798514996464656,-0.03125414164083621,-0.8122646773998068
-0.3210587122424967,-0.28292949235214365,-0.07992162674084305,0.03529770681038785,0.28424986823733095
0.8530862565447974,-0.017927078269058542,-0.3643386568206582,0.9214119998293661,-0.08724823574750443
-0.5739092378148739,0.07295326723703038,0.8535480164985381,0.2933624534796991,-1.4143228982821827
0.2531730541597341,-0.13597970843425597,-1.8051614037896824,0.0708109675132814,1.55103594002269
1.8026788233221946,1.0530545762715178,-0.24819141887789803,-0.08238117098449492,-0.7408867305261932
-2.331876130780331,-0.3027653965726826,1.2741476951828536,-1.2621006891950988,0.08635742558057856
0.855025277762476,2.4534104498273166,-0.324609912891224,-2.0607936114858427,0.40618041126784915
-1.4531976053230147,-0.8889380847738332,-0.3129997248218052,0.6355688060895591,0.4877090292527159
0.5402011399462378,1.535555872687713,1.108951722618867,0.008183994816507948,-0.6737356328226679
1.5621473876451728,-0.01846787781926266,-0.7595586710194739,-0.14165538469751637,0.7364370181548602
-0.21794784456033478,-0.5392311535379698,2.0011615049216287,1.0742211701417708,-0.3294393703642703
-0.3143399150345116,1.2886843554222351,0.38550347752209535,-0.11624468193227358,0.757920384772577
-0.31095367820540554,0.17828162985717802,-0.7209928138645627,0.27296392231200406,0.7721458790208662
-0.19021648187722817,-0.5916293672895669,1.1463828908214888,-0.2597211521623334,-1.280989436002124
0.8321094029485717,-0.07862866053371928,-0.29486672851909673,1.4397724382911066,0.007435856642032877
0.07430160710026398,0.8751871062348278,0.6801895356576179,-1.077502803531106,0.0698617056716093
1.2100291591683383,1.9821908532927062,-0.1289618182942156,-1.009504969269795,-1.0790658731943188
0.011794026855614571,-1.6627489804816873,1.836347239121098,-0.03914402732367093,1.1333132750229986
-1.3686825808286975,-0.15996169150444406,-0.046304817256881896,0.7051376146186702,-3.374169215241349
0.43341628175890723,-1.490446940574088,-0.32794966537119125,-0.9531880165279967,-1.2709359976395969
-0.6711765110504587,-0.3515809364305483,-0.9520825897721205,-0.9404078095259757,-0.9630602326027969
0.43620814426689564,1.9670563776888947,-1.268454210549103,-0.23656686324304352,-0.32922992712262256
1.1503514542705777,1.7184828801667367,2.0043509991331936,0.8379625721391617,1.3475330557268221
0.1354219737031467,0.43263607662235676,0.657838513044014,-0.21627252166014188,-0.14928557113388793
0.0703120636528479,0.5120312474975927,-0.41842673818143056,-0.6821936818719139,0.9367187832049186
-1.0667406083703315,-0.29696397807284175,-0.34846987994414835,0.9581866857587867,-1.7322420257595943
0.5485392336813627,-0.31085991113714806,-2.593128396987621,0.6534121329330989,0.7846892641075955
0.08135201101318086,1.5970173114722266,0.310075279515055,-1.0939274312202585,-1.1825170625323462
1.1026344911560955,0.3046577915468824,-1.2926688054274498,1.221881868510889,-0.4409766262267894
-0.31178607553555954,1.607990482028205,0.9131451433129552,1.285585844434816,-1.0724662821618343
-0.473642950443847,-0.7464516941733214,-0.1967249285901683,-0.896011989710111,-2.2791844744747194
-0.023116465836862,-0.6567814999260726,1.1306751312596044,0.39159514006706614,0.16217531629338555
1.2841276677675486,-1.2812706905658682,1.0512808258006912,-1.1128885392950891,-1.0248126347064355
1.1987402074229287,-0.8490974262786871,1.530729400837388,1.9689464227958269,0.8766994098588087
0.16525289512910304,0.6236553220431041,0.8769517653675212,0.3586500609068504,-0.7884126578613497
-0.7416925834866842,0.1905236011223706,0.5217874086792944,0.2657263194590628,-0.6869430515415659
0.8322195506215673,0.35901512243470957,1.382329641347935,0.20337904356088135,1.2829085327456202
-1.2814161664982424,-0.14740757180259306,2.427903132186707,-1.6409139409158888,-1.1935854008415545
-0.09017116749131854,2.9866329170875834,-0.8628011453263201,0.10910754692759798,0.6367110260565589
0.0473016028184128,0.8333663675067925,-0.4631496718681677,-1.8524014247995533,1.7738906533990182
-1.0870397830110199,-0.5177583181615864,1.7656871829121288,-0.8344393362275127,0.1894157594303089
-0.9940639136105964,0.78879756678722,-0.6451382277059245,1.3143758467195088,1.4380155674804618
-0.6362160296340318,-0.9811423601499036,-0.8699125885297303,-0.2871963567708293,-1.3289294940341478
0.19753939334856743,-0.8604604489962961,-0.38734570553251696,1.505764611685179,0.1741675470717389
0.516774104913817,-0.7309765806511473,-0.7972894845666428,0.5278843192274649,-1.9214678389895121
-1.316852225653294,1.202058524251511,-0.3578488316716328,0.9464407142916756,-1.9683797891033643
0.8253861743952916,0.3285513177681572,0.5952376239047109,-1.5537595533784723,-0.512223513650233
-1.0553348128016986,0.7678766399328687,-0.09305486887823196,0.24006570246895606,-0.46785332549056574
-0.7175070560608983,-1.9112985221576275,-0.8466169011053211,0.4096187126482432,0.5922962229459122
-0.3643008632869698,1.3733969783592817,-0.911509029399358,0.2873420884387179,0.8897887380534178
0.14747174324767345,-0.18503758430748937,-0.9774015643785192,-0.5973028318733167,0.7208011339150291
0.3625401587587783,-0.9256197826848058,-1.4057431076426719,-0.05581218023048598,-0.6747827555410378
-0.6169343018736971,0.8361289689868333,0.550861754615822,-0.9110717464613424,-1.0533725368688396
-1.2826636807347502,-0.8704713234071189,-0.7424486875474968,-2.1324158621884046,0.6644316601089346
0.2461324745274585,0.7478184562056693,0.9560351000401976,-0.19023115697621729,0.8879171360948268
0.8374984071783712,-0.16291885558045927,0.19312442615769806,-1.4564790037219013,-0.6141695851061417
-2.1421857021718758,0.22774715293874787,0.9205766634359642,-1.5615030982646905,1.467697714531311
1.0963525927464783,-0.17285720973667854,-0.9110845022338905,-0.26109917549765954,-0.024906132647539096
0.6935645326628778,-1.6952954422262052,0.28038673854754564,2.4497226125169083,0.25189560324225524
-0.3276075943819705,-0.956278103600169,2.4705626946956203,-0.420531687445046,-1.1567892996440745
0.01549500190564007,0.5885915151022029,1.175814631450619,0.48000647151611103,0.9010120344546302
-1.5695946520361748,0.5442259345171911,0.988698228673324,0.12087736270245465,-0.6870313229925025
2.086510320302591,0.33868472015868384,-0.13079164754191955,-0.4633089753735879,-0.511088795741806
0.08435325627717628,0.7285915153349216,0.42212929103713376,-0.34969191431484514,1.1415588833001722
0.7063203276181476,1.0673457508485802,-0.3685367588802309,0.4043736340763114,1.295610333783964
0.11560056660296286,-0.28185202261033543,0.8361196745804526,-0.6446816142192305,0.6985248981318262
-0.913409503321671,-0.9539126996585574,-1.8466460625865404,-0.7169933983254441,-0.2622321965028506
-0.11909657684917245,0.8988206181881013,-0.9817293122713779,0.6693905922402552,-0.6691012156365321
0.13933719001401101,-0.7004873811893523,-0.05891716367377577,-3.1182091771740366,0.08143004028641555
0.07940566310880201,-0.704606989389287,-1.3231258677559081,0.055903018924510856,1.259489359653311
1.1505816818122072,-0.05684163194434889,1.4163799664399686,0.9517408159046562,0.7907338719618469
1.5128381644854814,-1.126935610454166,-1.2674164618081802,-1.765456779134746,-0.4961293905219883
0.23790859889817273,-0.8357168550377253,0.2619379203212502,1.3740814908254386,-1.247189999985194
-1.4182607183216118,0.5967010784227289,1.3400350376598922,0.33833565274431676,-1.045395452610073
-1.1393495791090615,1.3836199814406163,1.124220601270476,0.4457653568823373,0.38831044645117513
0.35309037626715695,-0.8460463571738394,-0.25363287483809094,-0.4348694032954821,-0.010770578116356462
0.3479123134725303,-1.6592354590382583,0.5970160976716302,-1.004534419721013,-0.1397924369559837
1.2425950421126106,0.7585943163550964,-1.7256307893854712,-0.30891130857988475,0.9004823578351353
0.20992941034937423,0.1379342079770938,0.7777950233522164,-0.009171929771988748,1.3611463418511434
0.9501270391405046,-0.8808689540801342,-0.47387707172571525,1.753823820079896,-0.3467993596200125
-0.5625443880980883,1.7075888644011865,-0.40788691123857956,0.8598694553093396,-1.2891334995776846
0.34754119123444416,-0.13819200747730448,-0.1266774881193414,-0.4729761015954916,0.5059761835215679
0.7395378678023867,0.41186113530152596,2.127587452768975,1.2331605065668898,0.09901255590409132
-0.06386487430213778,0.609862202839442,1.087113915645052,-0.616542696542816,-0.7815383486248723
0.34904016631078477,-0.42422444268130977,0.9110479212747713,-0.15613774666758234,0.8911844006697771
0.4608870096950317,-0.17767489342160317,0.3385966055782003,1.22074839689577,0.3014878370894792
-0.07378389060464761,0.07363140863460302,0.09982267502297634,-0.7233575455354349,0.41145791165493334
-0.5702322919026047,-0.4318601485858112,-0.04763156806693433,1.271829277303763,-0.9239424734040987
0.8011698793780099,0.3271953852398343,1.1767086853735524,1.5049525547105047,0.2714807566198708
-0.08462002477867944,0.9834717565872615,-0.2597820747523923,1.4504673065336307,-1.0809954909599746
-0.2935136093075456,-0.039828932802370244,-0.8088360234704156,-1.104680479887426,-1.453972387821712
-1.8220864243610286,-0.27671806371364494,-0.07307324345544786,0.26222336682741615,-1.7777577728160727
0.3641397609921196,0.20323627093273572,0.9112646258613599,0.9367864419460624,1.7520566415979701
-2.2657100713568425,-0.742389350128529,-1.4579161008847485,0.8137668652219886,1.3086978357884274
-0.3751078418134504,-0.2906864531099638,-0.13519503470985897,-0.5033894128836143,-0.255691405320883
-2.914870172847315,-0.7114335215135675,-1.5383465100467513,-0.7163736048178146,-1.5008500725638951
0.3722890967727556,-0.22875925402907546,-2.069962574323052,2.9552873695937176,-0.2624640239639186
1.3656155378126795,0.779750858448405,0.5468942879809725,0.9189253241943485,-0.12695789599053758
-1.5887907624336772,-0.7370824429945335,0.3378344206222527,-0.14010247527500963,0.13895034548967508
1.821984631287007,1.206182225961717,0.8395063099433459,-0.17112275871970867,1.6099878142876949
0.30754827735399387,0.2321248930603348,-0.46613351259834596,1.2063101823670923,-1.1255738024315336
-1.472362729106301,-1.1635526238299132,-1.3220124370720574,-0.8612866564350595,0.4373835653178796
0.72163561724607,0.3522778602913283,2.158401765179736,0.7990970713487414,-0.6218643925374367
1.0453407851515055,0.1710775123950883,1.047223996490801,1.0684405987864871,-0.6478218902487781
1.0476077749453763,-0.3094680580929923,0.11073598398352343,-2.0730627618974706,0.3827165640794073
0.2792801478118086,-0.14013272042785002,0.31194187765444353,-0.9730144580230866,2.3785690349168465
-0.804000245920097,0.6964796705509375,1.3171678662902506,0.6041189697181273,0.21138675608545285
1.6583661769305211,-0.713281048291345,-2.7727245334144794,-0.01251614401929786,0.8398998647806714
-0.15370461322792325,0.6318039009560721,-0.12947008905081278,-0.760299398528003,-0.7288667764530165
-1.2505506166799514,1.7820873234451378,-1.087451632634261,1.1946009577425725,1.00179884945779
1.2591006999969376,-0.046507733753078664,-0.658958545955437,-0.3280587909450224,0.4158208333306149
0.3586712623505902,-0.7472460364100776,2.274064542468432,-0.5741450236774452,-1.4004235803485194
1.1129753870395414,1.0728033488387632,0.5537227938113259,0.48772847658601765,-1.0260514910945657
-0.1239782260293711,0.6040127611725228,2.186596888833611,0.4521995549884719,-1.9318887281059063
-0.2890266468240037,0.02711394217039524,0.5147233512832661,-0.7568632227795902,0.5445369794195548
1.120462641751108,-1.1547982030972084,-0.605939609738285,-1.1436074464838424,-0.8988346349934823
1.253403991364512,-0.1809399134492694,-1.7769041289792313,-1.8508120478348395,0.3202109596046295
-0.4317043575334659,1.193461551253404,-1.5421458004046384,2.472325270249462,-0.0034509558222157364
0.11545878846744495,-0.0014676831487891928,0.8042856286026532,-0.9897128675710329,-1.1209124072462904
0.5585517285773581,-1.4685130951491174,-1.8125660665690086,-0.49798147989739705,0.14892946060271114
-0.5892641321047231,-1.7531291731278844,0.10430658874211667,0.38471635098358287,-0.2762769409265958
-0.871073755257443,0.26202109984115485,0.37637886798993847,1.0257817557290625,-0.9371295689679514
0.18935799060745137,-1.4811422134798775,8.926308365008435e-6,0.06519688182237929,-1.4082984493241586
0.00680186744868203,0.6701417151614973,-1.0186815621171463,-0.6533550878535651,0.2616265415784238
-0.6872702878218597,-1.0918569841012247,0.003399096810794256,0.7426178383417255,-0.1136064438402128
-1.5270394586431824,-0.10273421586088695,-0.9972677021791125,0.5368104983065842,-1.3025632190405319
-1.2190172224748168,-0.4009615880114755,0.3123729147307993,-1.522248344653474,0.24306821916217947
-1.000360021627351,0.606261550836067,-0.16107526431013636,-0.6741384563653066,0.15524486250423467
0.6282223916858695,-0.2998419528999908,-0.21707046439747182,-0.3076766837498071,0.2187308824224514
-0.1281321159139525,-0.28810591828943627,-1.3331123204201725,0.865767012282526,-0.6537242392145164
0.39744982623293634,-0.5502743779541378,-0.14149639701792935,-1.0424166504270518,0.3756383049328549
-0.6652700342018592,-0.31624440707609125,1.7500828282012997,0.7998486289466111,-0.7287974394505948
2.007060312218031,-0.27086404374744855,0.7195935677854061,-0.4920122970233625,0.687188392653245
0.28183473795369135,0.5881970836814641,-0.23381285180729952,0.1367991526608385,1.5908947148142376
-0.31051470692056815,-1.8253079170407884,-0.013993818650044529,1.0213408694209534,0.24560001986002514
-0.07932492424241011,-0.8012228278361853,-0.2123966410604763,0.3445976858515983,-1.6381890184652763
-0.13215628045406508,0.9066474599401074,-0.21326445842055405,-1.6107751793295333,-0.5198106843868697
1.6589990520116689,-0.323590710158318,-0.7683077197698204,-0.2039114410279509,-0.6793345873054555
0.6217182580483934,-0.5915362652658221,-0.37951389280923625,1.9158723324056575,0.38015906888387585
-0.6019366596068786,0.1944004639429586,0.6438532153694841,1.6406389534129633,0.45165014313192786
0.20480883087633256,-0.07413766457625343,-0.021780780226934523,1.8676756881281928,-0.8594994996511672
1.071987707782228,0.8093866061406325,-1.080132004277641,0.14686846172497825,0.25688483496520553
-0.45712325981138174,-0.22276290810707852,-0.45067508320654887,0.007989129377439466,-0.2717660274751728
-0.6775848503192935,-1.16098878417257,-0.4663172225004884,-2.644135085569563,-0.6562949264114777
2.2158315448945545,2.4210275416811786,0.7386174935249851,0.22292537134272267,1.4910684436197983
-1.3085870240932866,-0.1220089993803331,0.9600763719817844,0.8580196297424662,0.35595879063831853
0.052443540064126964,-0.15345015895353278,0.981712070980138,-0.7699614191575401,-2.6287137144827
0.4526348864970378,0.19293404912318152,0.37479091138554993,-0.5306144355607109,-0.5282059086247334
0.6656793910706795,0.35309581569955334,0.809289788838459,-0.004319502565023782,0.26415265478629296
0.3951457605188771,-0.48058494730633305,0.9626829265664683,-1.1412526206196305,0.6420700375889523
-1.079662454112471,-0.5341650850408286,1.797342711058846,1.409958152497488,-1.2937773519552407
-0.0983928124475367,0.10303053412348298,1.270751499014775,0.8060238494893422,-1.5918346772447711
-0.46816039342517496,-0.43712679383390785,-1.2560495603128472,0.6631535173719292,0.9068223185895713
-0.8851728009648061,-1.3808992808555012,0.9569366509248182,-0.3616778205493696,-0.148783747546559
-1.224502461106608,-0.022139097953040907,0.7227310962290256,-1.0882399739614366,0.15079805026941273
-0.9128167709435935,-3.2849525778225166,0.5794033221935967,-2.2815608453202674,0.30749639151713354
-0.8452115496385816,-2.9933955399011447,0.46367909470117596,1.2149266123188875,0.030815854516691065
0.32907275377059736,-0.43854674692111245,-0.4073492467797842,0.5922933355450294,-0.9049679832914039
-0.3083326296057976,0.8300226946459124,0.8805422487449969,1.5470798319223864,0.46266586412027827
-1.0287078874927684,0.467454714686254,0.473076432212252,0.7322704088789291,-0.11003695882810634
-0.44069038791339077,-0.8934422910210901,-0.26842892653855177,-0.5378913726652,-0.2555014493922644
-0.3331957554255723,1.0547340006252934,-1.4829664062313619,0.02738331375819851,-2.1569745799570588
0.6776237698370813,-0.24387580476368995,0.6810422432130399,-0.22412620068991446,-1.252806263256738
-1.0357857851372465,1.0150285176665674,0.17606099289094085,0.2570089409835056,-0.8216533908773518
0.9085565456701821,-0.13510478226268957,0.350348232870589,-0.012023615651825366,1.663844536966845
-2.094126139077951,0.6861494728296692,2.2222662417011207,-0.7590339358635905,-0.7850975542234074
-2.2932526835907843,-0.9184643970490667,0.35019287915381847,0.8857741099955323,-0.30569811824316523
-1.646049406689407,-0.01120350851117439,-0.9913848480342574,-0.40535654886044553,-0.36538547318881215
0.298227560594461,-0.4162457076228951,0.10518169507691526,-1.0401239249612626,-0.3131602295382812
-0.37067581435184993,0.9317846607042632,0.9941995905114015,0.7445529345075541,0.13723811361518137
0.11848391412960084,0.9913524525999541,0.15813908023175335,2.194026434946168,-0.9891104105579144
-0.987877078853321,-0.8588058964983954,0.30315086217598325,-0.23010425275029495,0.10746954697692382
-0.4843039269524227,-0.11899546756936284,1.7772150388604206,1.927408210171623,0.69440094837054
-0.9607807164966521,2.5392348436842407,1.9466636297679842,0.35575260018116023,0.19748240059760144
-0.6601209435691847,0.7523912144995634,2.5241126473585433,-1.3412593942198952,-0.4270724183874934
-0.9135613826811894,-0.2959100627552119,-0.4587769539696758,1.0963373963010976,1.7802935013381527
1.4715514638265867,0.127554518006169,-0.30337254662012914,-0.44097693304002783,-0.9877071599798157
0.6937432899210719,0.45867523380429004,-1.26353308458748,-0.6114604648630295,1.1859326966333288
-0.09050739928081938,-0.3146205662278326,0.9898928884216507,-0.7961250985498679,0.5700919860509087
-1.1409094708359235,-0.3042078049279462,0.7658643236332212,-1.5061608269958189,-1.1390099274407153
0.47609806408126515,0.4638485738679782,-1.334414201140061,-0.6597685613452228,-2.3985857649128306
-0.32932233871797567,0.47633175869740857,-0.4619420810450229,-0.7289185666949963,0.4301422515607429
-0.5707697756748576,0.7250021348896668,2.4020411387166813,-1.9000876569401368,0.29987111008124434
0.26585004146918045,-0.37761622323356353,-1.0500542494029692,-2.334855577404299,0.4374778381467398
-0.19832253368927033,1.7882125415438639,-0.7105461509597701,-0.3523843715404835,-0.6136190367101867
1.4790230325432554,-1.3076285698401324,0.25368898622435404,0.3749499632303217,-1.099486125805087
0.15241085321827139,-0.09396934683311942,0.3186803602353257,0.603050466924437,-1.185087230562501
1.0156342057058012,-0.41504291238375707,0.16772218730773608,-0.8418659500434716,0.7309123817404252
-1.15234249567554,1.1651197117924632,-0.6533475541261237,-0.5908263540971234,1.2382192853940013
1.2891825619617179,0.23968506059369793,0.787656028952487,-0.07829201851970342,1.6391983523972047
-0.4618381549349578,-0.36949380928013464,-0.3649591162314494,-0.9733077161493044,-0.2223374115040234
0.4609808317863836,0.050361089315742645,0.722557993902978,0.3713475763513166,-0.19816643283421606
-0.7371492071463264,-0.2983462132866158,-0.5132909937571417,1.0400621023923384,1.507974934221466
-0.9069544342086713,1.2655693861098687,0.898142131743098,-0.3778712387744761,-0.7190716932644079
-1.0487070259822178,0.8462013089348321,1.126335284707742,-0.38167221973989,-0.06171167762430368
1.0697493617426517,0.8483951210133586,-0.7411998644528828,-0.40388344454525044,-0.2500606579717888
-0.06479646031529585,-0.8276222467449952,0.3993945945351895,0.6892143174761741,0.4582649418082801
0.5582247568822692,-0.14993522894865674,-0.21342299000284565,-0.1145660436507437,2.280277646098985
-0.990156065844122,-1.4650611806108886,0.6543482514248908,-1.516530077089633,1.4703389742883688
-1.600535672649175,0.454911804563913,0.6226662164865555,0.32246025724980937,0.02757336782128378
-0.567405267200427,-0.2704779032242748,0.01010640604311038,0.657750245297567,-0.3260652266303776
-0.4628261271888586,-1.1255569111638386,-1.6433108580064866,-0.559810778681031,-0.30807484614735653
1.0171912158631915,-1.3144626661276713,-0.1301747629075112,-1.238525950869416,-0.25939090798360076
0.8334894797851314,0.42112731810147935,-0.39505820870923886,-0.8498127909243425,1.8096498308801667
0.43791213887002983,-0.8339590783868942,-0.6156124803305842,0.2905062523474193,-0.3581277764139014
0.16256547177649885,0.14820935853687423,-0.38749465726076227,-2.732842315171593,-2.099243225025337
1.070188158803904,-0.010179816557668336,-0.00020798070417686964,-0.17977443872072582,0.9204968888666507
0.8646999476525874,0.8450406576342115,0.7484943472305244,-1.5226067291435044,0.6321387903966916
0.13611939864397918,0.5645718783320907,-0.20311392192736627,0.1505709511744043,-0.0917281570749274
0.22440507159272977,1.6804919620925312,1.005754637381975,-2.295698489278967,-0.2319689517242851
-1.8851127024334464,0.8529885673460291,1.1050427712557722,0.8753058673833963,0.39356990695802185
0.5027917724609845,0.6125086756211541,0.5838438736702094,0.7084262254654506,0.34644485813505554
1.7174672524111232,-1.1304144865978438,0.821197513669856,1.592072585855541,0.011077328832502403
1.7866590456521076,0.4254403409641368,0.07587693501440389,-0.8959115692428432,-0.8148089539656869
0.13909090593381598,-0.8082402354271697,1.4266804065308987,0.18001865869290884,0.23243402539261823
-0.6982912846949754,0.20085837105841392,-1.5339829640062457,-1.5966926440425175,0.27357522888062663
-1.146204390003916,-0.6322989451140878,2.398938978535302,-1.108007714280186,0.31011983057505776
1.5976525507437898,-1.7677190632099942,0.07699197063783646,1.0770340588440126,-3.012382564310711
-1.3747038261157978,0.6352212001645041,0.05071624919835308,-0.17149883572803093,0.23471578985906316
-1.5193481721458684,1.9094867153625292,-1.9979639601914456,-0.16236676306832468,0.9011618467606171
1.0153330143264176,0.6723578320980063,-1.5286256758481074,-1.004841955564112,1.1024640579792848
-1.655378443916148,0.8265867676001275,-0.7601187693844548,-0.8542227360567411,0.25353791034847467
-1.0588742642104831,2.3312981690127548,0.9942389056509285,0.6774076501366452,-1.622120913218203
-0.22452524873493435,1.1568244724956176,0.7561625417916333,0.2297269543481053,-0.2420822974226469
-1.826881866594512,-1.107426686687326,0.844511040601756,-0.9057940943787672,-0.777132455396994
1.5824677953009367,1.68300196310602,-0.4044519521296777,0.2511533972497378,1.0621761033761998
0.11990601759376063,0.5813163216475414,1.9236110419817138,-2.093035009050789,-0.25346317709699145
2.4033620246950544,1.3533318992312622,-0.9662582408960718,-0.5201125153865029,0.21690143664443923
0.9398020153626545,0.9300241585640977,-1.2180051331194512,-1.0999808291890194,-0.3688306115332715
1.1322695693341243,0.41159991108432137,-0.949365989244577,0.032549265532154564,0.25488794847811197
-0.39393013534403254,-0.44924546898440115,0.687301463595908,1.0405313936383975,-0.3151742527487077
-1.7260272013287452,0.6481832262998432,-0.8761075961432683,1.46485258489237,0.31865442262531984
-0.28472688001477925,0.45682863224659764,-0.9572461731139744,0.2766798969144302,-1.7363979113431645
-1.4872400686813445,0.8410747273404271,0.21971652999639607,0.4705459142263933,0.07380534232194487
-0.09899821204344324,-0.7981265368828885,-2.286868447375536,-0.9876700302301138,0.10514336148837565
-0.6731694127042362,0.3683435781027613,0.24508706223359264,1.6982592252624478,-0.5441446273104956
-1.11737807813522,-0.5723925672218764,-0.2300924629704925,0.029451246936653828,1.1876937860809522
-1.048268983302123,0.983534110575627,1.6476949745563598,0.31818613918469785,0.5725990700319534
-1.0907105608522667,0.4985936802968891,0.9117853362047285,-1.0231527410691674,-0.6804012814540212
-0.7421611568669298,0.22904092830463132,-0.39884372644217253,0.6760135281234785,0.9876779089969336
1.0702822396041989,0.3191519899302907,0.5888534168249896,-1.2716544550576943,0.7022081409768962
0.9626966233939219,0.47040818251279487,0.1545785254444519,-1.1326899070706562,0.25489401683962754
0.8214802838623328,-0.3724627660969519,-1.4843663029792744,-0.7388014833858018,0.12267127455751381
0.16288037767922947,-1.2230134508615862,0.6857453583202012,0.24236122723938355,-1.3955183025094209
1.3315400202312557,0.5868253719553272,-0.3578546228053398,1.850645526123655,0.5189527193940523
-0.9128414229951999,1.4795451020028743,0.584304950268431,-0.8598470821967364,-0.03376155715278265
0.9078397439857182,0.36016351546761766,0.8229026051393745,0.858135668062638,-0.8029245517579695
-0.903928443997514,-0.5302308098041668,-0.1784487591672363,-0.5016346542625802,-0.0611629705512379
-0.5161840423075512,0.8194136990204586,1.5005547287139918,1.9206834829025767,0.8997937918278663
0.2706951520606691,-0.7213116798856968,-0.7750760434141176,-0.2930811962830419,0.08287820525116137
-0.7005941657147109,-0.8844066792170928,-1.8220683079578588,1.6321886591532602,1.2207019690577048
0.03272672822504024,0.9854324588569201,-0.18657688021833183,1.544581549039953,-0.692574452142138
0.6633156388789131,0.5203301836325547,-0.2169597382507481,-1.915559703853805,0.4022437640889488
-0.4078184202701426,-1.248294515194838,1.327482809019415,0.9840495001986519,-1.7305393005700869
2.0079055191691473,0.8831203311722443,-0.20638455450739152,-0.670634267844849,1.510528794757312
-1.614916771493963,-0.7915036469314346,0.10409129731003768,1.5920954464925166,-1.041093641250055
-0.9251787218947625,0.3587876389376717,0.5877955005248509,-0.10231137268168612,0.4961043091265706
0.6512910005852741,-0.123614169313999,0.11915984475915618,0.5617976166335165,-1.3602591886374515
0.5023364867216301,0.1595732134273838,0.32577999128640145,0.29986204748048406,0.834710155437131
-0.6349855821400664,-1.3606969881223774,0.02345366365547147,1.4396699568914342,-1.2322668652736093
-1.2009215801397684,1.2670031546271046,-1.1815175400016265,0.41662051922614585,-0.512786640397824
-1.0206151245055675,2.496507565325439,0.06153410509625854,-0.343251432633621,-3.0197648090407614
0.3431253008795353,0.30535363714415414,1.4951523482436733,0.010707099002624398,0.04131730756869646
-1.339743342918464,-0.1839060798018771,-0.06350365284159598,0.07751927871090127,-1.3821703921243196
0.5990789700632305,0.33134581082442705,0.7978353923832369,0.9090753036509237,0.8939373231166289
-0.8314793425674777,0.444091728022836,-1.0163537958737865,-0.6697346264891871,0.21397424252011044
1.5285585612460102,0.37500111803670566,0.5372816897153689,-0.23766302424210753,0.5448944809114568
1.5825681554287585,0.26768510424605035,1.1864322459341625,-0.15615827511362732,-1.1761281624700142
1.320290885587119,2.1249130978012856,0.3371153350361333,0.47401573845273015,0.7088238272785694
-0.6197795777834818,0.9581681306015682,1.5726118444513209,0.7772371187435431,0.6356012208738234
-0.20913103398189156,-0.1453104868939725,0.7774789706031895,0.07309721019805823,1.0427105165593702
-1.2979365611725298,-0.18711423414769263,0.5028665358182753,-0.3033172041733038,0.5873301813844796
-0.38165640505677867,0.1833932216289584,-0.44792648415810077,0.30720909476937364,0.19068240065874162
0.24488737180298395,-0.3912535900073157,-0.4833471360459802,1.9865816858531276,0.5187324235322551
-0.5407401833254777,-1.7550286236668304,0.6317185844077127,-0.9598330053709081,0.2646658887352077
0.5516631447706661,0.26783485460869205,0.007596414527383664,-1.8677695290939826,0.4931033339993414
-0.52242334460429,0.058167749505281564,0.8375025805238363,0.48005219975135255,-0.935271301726973
-0.6683206047814184,0.5642132002641375,-2.273880398855723,0.18887975495545695,0.9202792672139528
-0.643650717321631,1.2350556296948745,-0.042983231663399846,-1.4535931516685507,0.26626574948249365
-0.036223902432854095,0.0643797480673445,-0.4118576650009568,0.2596846723604241,0.6623782063292608
-1.1504910740275978,-0.0478096538613365,1.0630919409910509,-0.8027302200190475,1.6869994594285223
0.8316306715695544,-2.6341021377588216,-0.668954895046115,1.8951101940944102,-1.0758011482049699
0.17785395429907658,2.05354995596747,2.901674864943872,-0.30877913192052014,-0.11436006201868924
-0.7259850341422679,-0.00799851801643603,0.5619528621812142,0.24728139298571614,2.6867145021800027
0.494643497176084,0.7498795508684223,0.7106268905354056,1.4649411014521956,1.8232654340931962
-0.36646136936756213,-0.1300462278240394,-0.46199961848023036,0.615186911091949,0.8642700273543162
-0.04557584227129747,0.33907681363909487,0.48171582222414466,0.5613971196180155,0.49651963534566546
0.5847036132609245,0.3167662394051922,-1.2123139674120071,0.2155525379379602,0.8773710292710827
-0.956630277347797,1.274967403292915,-0.7328757935739674,-0.8580912257720554,-0.16524654110646117
1.238246745516556,0.38680048235190284,-0.6617555781221666,-1.6122804132101138,0.8407483683443725
-1.063609798630675,2.121046679679095,-1.0759282787703555,-0.11352165224815718,-1.0890011436536766
-1.535641077206547,0.47257607775916516,-0.5890186764771915,-0.5063794161508054,1.1103619757049303
1.1057522462537748,0.6641188347360512,-0.8890232875234435,0.31819744043179365,0.03439827315126422
-1.7494413353798894,-1.2060618258413114,-0.055273594108421524,-0.3839962600685696,0.7454665630807357
1.5436029126218425,1.124010838134599,-0.9691566122151848,1.1944814713459968,-2.397969116272673
-0.6753795588112553,-0.16323387247399826,-0.06608087353939068,-1.9003786286318864,0.7823870277614968
-0.11806730014913175,1.5611558169439343,-0.13162087497318142,0.7779428606644603,-0.22751604380099302
-0.3382844910988958,1.3392879618084412,-2.5450051230171398,-0.029063836695013938,1.1409289568767447
0.6033610670726144,-1.6996830363124125,0.005813445966422993,-0.9333028014093556,1.4812029500366426
0.18488176355826838,-1.9632048557751156,0.18261998783694122,-0.049318186666336604,1.0393554034519927
0.1274452613509145,2.375731243501086,-0.47416340134947815,-0.08645297955684181,-1.0532107538600486
-0.251906737553929,-2.1696351763608006,3.19039437636716,-1.0716024829517183,2.1370814727900878
-0.4455357663753307,0.12408014157465574,0.810127589133418,-0.6680568054477888,0.033503924175961715
-0.4549881442378596,0.6566310056783621,0.5106656979393941,-0.6825929660243759,3.223918669581166
-0.4993537728636733,1.1738142621096028,0.6582677446961188,0.36493116181457885,0.18713681512952085
0.07351671164512913,-1.2663621528603386,0.4121349831052494,0.6614908443269608,-0.9947374853389442
-0.6293476280834639,-0.908192106432538,1.292831989628877,1.4041821192138997,-0.8584699059701575
0.12224502565415712,0.42152095425720115,0.7378409186479399,0.5488578615974569,1.0618422078552354
0.8774014086869747,0.3321497723147668,1.0048154856625278,-0.4661601133426515,0.35683373303189825
1.0693770498198305,-1.051715558315236,-0.9319329608699947,-1.891024610105456,0.48711810091876007
0.8871790165800626,-0.9608232011886312,-0.7006394156205434,0.04426745754873409,0.612396754882845
-1.3825844806291983,0.725502770530576,0.16385373260649394,-0.2063156219037488,0.24308111739667349
1.3940039342364239,-0.44152731935991735,-0.07053860169972782,0.35855442594063847,0.29149878713074473
0.2647480443822091,1.1365932586506593,0.11644331731335375,0.8671527664101604,0.13977109289454648
0.6842614469256549,-0.4604302694901075,-0.7901648242552515,0.674945392139745,-0.8972309474546029
-0.9287993899317238,0.9373004543687161,-0.6823005586978229,0.1772436261630214,-0.25437035843968214
-0.4203064730003972,0.5929858164675775,-0.45269459218411545,0.5959676446655225,-1.1010703319447688
-1.5870842918008832,0.6173891098035922,-0.9080756381763732,0.6258006515584115,1.713127593881329
0.8754329459401071,0.06904976615424543,1.1041274255757696,1.5941492044166021,0.4862835447376657
0.22190173469475866,-1.0827289397537894,-0.2240074027921016,-0.9110233924783955,0.8153259247317268
-0.2626338193835982,-0.34823697947379967,-0.16031434005380954,-1.0188011569168964,-0.5502934920637055
-0.27220781929947796,-1.319005196276143,0.8408073821631082,-1.3585939124669522,-1.0460990540510928
-0.5915305370391065,-0.7514183708206168,0.8042281147545239,-0.010687049603115454,-0.6615782408563486
-1.2144994890039806,0.9284290057869359,0.9889527971144623,1.6086717415987941,0.6635190272429523
-1.3618952705728231,0.3606270062609396,2.2426797192597885,-0.955344554862909,0.295350116328713
-1.2210811901013399,-0.11787991220527905,-1.855486676722298,-0.07017322287796268,1.1184683173614391
-1.2840650688412107,0.6786130508585112,-0.46311153899256313,-0.11435991846926978,0.9153119957279626
-0.9677665033015057,-1.1311588982115546,-0.48463265315083,-0.8006217020479104,-0.7229582458011069
0.23855108753774906,-0.5237319773156311,-1.0600013579582581,-1.093076141163776,-0.2093623911895194
1.3744267404533463,-0.6430921493025731,-0.5022737276039193,-0.34283591817984793,-0.9824946339438947
-0.3576866380704331,2.0053284361528196,1.4905606769978024,-1.5422636058618155,-0.10672068669596918
-1.0753280312162856,-0.32387898997128717,0.6473056245391187,-1.215742318751752,0.13892237982716998
-0.5744334032803,1.2998854754845799,0.00393867820520945,0.2626707615583338,-0.9961195311836691
-2.219770492964606,-2.038997591156661,0.6442069831025596,1.3378693323007604,-0.10016190025206037
0.8526418515979078,-0.22838187859068923,0.47235706213849243,0.84832926424014,-0.03785326386239094
-0.4534113980776117,-0.22236736672324808,-1.7585488714055733,0.7353030839203712,1.0940587898771916
-0.5121049162778236,0.06130828896548575,-0.8034787023125683,-1.1091344926334814,0.5909128858717517
0.0007353380283332641,-1.3113127501999322,1.6058406806415113,-0.6748404170046185,-0.8029501560393948
-0.7125736766737842,-0.5467853235815223,1.6629785552965386,0.619285928467393,0.8316430186519554
-0.05736395850732137,-0.19721478567101566,0.018261749027729146,1.849067459549493,-0.09773857167479447
-1.4626850416596582,1.0442848443656,0.7183398182589872,-0.861081275520775,0.1568010205078304
-0.6946404679449152,-0.27863945264005907,-0.0892437556532314,-0.5058337128963641,-0.3128373647719668
1.2510598480303237,1.5765590157718907,0.1707329591774824,1.3296401995182372,1.5922036608595984
0.3826518038603578,-0.969474602051484,-0.1256022354689348,-0.764007331766456,0.3104316427953375
0.5188639832679238,-0.12502537847561762,1.610406756037242,1.1710641866724707,-0.04544332208960399
1.2787595118669726,-0.9873428486920538,-0.7780810904673794,0.24930103563514816,-0.07439570753173033
0.8227350134322767,0.2276428219743367,-0.8720925711541088,1.2856146879086137,0.2022802127548746
-0.6464288924407341,1.3218830362796143,-0.627647878696433,-0.3583521240412004,-0.700159983569158
1.3708500298952484,1.5482503483219792,-0.662533608674047,0.8695068737611433,0.04665583445139589
1.6345693544231497,0.8743664024921176,-0.33940638463802264,-0.8475385538992838,0.9016303161588025
-0.09265784504294441,0.12688124242391705,0.275716492175892,-0.5478972462851629,-0.9582176861610292
-1.954953799737897,-0.28040548233341667,1.651702711663763,0.9868480041614403,-0.17501567139374766
-0.3782993797871195,0.6376303396522541,0.14324097793349336,-0.8472984311073114,-0.6054225864539431
0.9416852213098118,0.48811389702426206,0.24952292647540908,-0.06682783087784208,-0.04813244573977277
-1.3238580517129326,-0.7520850159829253,-1.9174902453774996,-0.7019843222873383,-0.0015495297106648414
-0.18512583857865492,0.5939650085694431,-0.37255799558052316,-0.16091564616384987,0.047409244680820105
-2.0241939760151317,1.4045491036367617,-1.1694069832748322,0.7887158224887438,1.471080204201033
-1.5321118069092485,1.3944865395003172,1.220144114602283,2.5250159441148337,1.3198499433232485
0.5986513649525919,1.1969370947918887,1.359051823056462,0.5501716376266315,0.2889648531992919
0.44127066000664394,0.05552872741450343,-2.6992791634326934,-1.3789211118906775,0.8042944777275981
0.07445156783518948,0.3246645438741184,0.18415474746155747,1.4421431813506977,1.1543801206569546
0.1507107046815008,0.37341139874519613,-1.1636973210721093,0.25431623551448745,0.688338376399011
-0.9319283569117968,0.5697215014738432,0.9999042198944812,-0.10319971083111236,2.7685678058893513
0.6757125214057115,-0.8204210138885496,2.570824813698563,0.23896426455780964,-0.0018660899272399992
0.4057585266539043,-1.0848420686579467,-0.45628315105682626,-0.3872661724080619,1.894043941402832
-1.2502627368325803,-0.2754363968773152,0.7964316110226132,-1.537316115995922,0.6127978597823348
-0.8294314977594232,0.526947755979972,0.008228069889901157,0.5871885981922434,-0.020801351763994374
0.6568142765625857,1.8483036029253677,-2.769604877187449,-0.6721751060039173,-0.07358559177036614
-1.363448396951395,1.6880590932615425,1.2415225079814953,-0.3946079894804156,0.1382614950526213
-0.3691444729187695,-1.0220040861654067,0.5625570099672755,-0.6811957429070205,0.7278559763918213
0.8439319987068045,-0.5434045666417134,1.0221210161585856,-0.762105011453999,-0.5462535610234508
0.01567832491352743,-0.717575828586112,-0.035911365167190616,-0.6531179569235254,0.7662025997956141
0.5865126217171504,1.5877621928428218,-0.11814784111642129,-1.0330429312656197,0.09297302697681546
-0.14674443918864613,-0.16297571976442807,-0.9523453791120836,-0.0517896551075745,0.5069825581743344
-0.6736973531449377,-0.5456539258851227,0.27929964572366167,-0.5698450524195271,-0.2802673039170889
1.5055421067522363,-0.271913047688427,1.0607550194408182,0.18683658898418554,0.6440140921222308
0.3799800766673557,0.4448685057929314,0.8918952187873337,0.5120206800007159,-1.310709866398295
0.9246741476790894,-1.0336538824017438,-0.30581932834079695,-0.6267485721916687,0.08616927061027922
0.16090423559153463,0.1335127758046432,0.13443932630041533,-0.5233255604604742,-1.571246612842428
0.4910512042681229,1.2035459033853828,0.010844237557715533,1.81980947517297,1.5583153223163597
-1.36819114289108,-0.4463260268183736,0.1748267703210061,-0.11307448569357238,1.0989834242031167
-1.0897333520534376,-0.29052442885570157,1.354875584700628,-1.717294154015184,0.30168201353636664
0.3743859587212483,-0.4219347848878943,0.8836782375570539,-0.9244521814156974,0.5626695430668267
0.29347382842749775,-0.3527258288120016,-0.7493803359494484,0.4632477199138126,-0.05251060674474535
-0.781717703369477,-1.1697204166346495,0.497006067607489,1.1338799728220403,1.6934011159719085
2.8928808545859233,-1.6888016672603356,-1.460215105956338,-1.0005681746099682,-0.5016571568038051
-0.38155134403128904,-0.4729128643806991,-0.2849399564207035,-0.6554453455760682,-1.2616793217427984
-0.9207289881362412,1.205631204371503,-0.6318590924620778,-1.175728413966324,0.018929251248948915
0.1882407566104914,1.0046463134633234,-0.06021656522389908,0.8352121063501519,0.16921802005699088
2.0001577012743015,-0.04444762815082383,-1.3544118380054837,-0.463539504774843,0.48121987871007477
1.4102281322745653,-0.06361831765107168,1.3672713590941068,-0.6250378136508242,-1.3567888408637965
-2.938592114673318,-0.6112352109289151,-0.20892751297042317,1.1255955941666338,-0.07049349773944058
0.5287191094908822,-1.3602377172398277,0.6343379395334185,0.40169085097996815,-1.6409375392091199
-1.3023696184089733,-0.272847005878993,-1.1155991752842283,0.6776166344256255,1.5650048431119044
0.2522733418444117,0.24907262129178034,0.3604699427597525,0.3699854232327514,-0.13577054400049038
0.8769181583884698,-0.6357399638982485,-1.0380494210167523,-0.3405293866577471,0.4303309860562154
0.5154922434266392,-0.6740127211794663,0.2570391409100873,-0.3344942730794962,1.4767445294231627
0.011841712344065324,1.537958287379367,-1.5848997620440828,-0.6113465841110015,0.10752197621692684
-0.21775939002648,0.8708964949599394,2.167736178182936,0.473610964372778,-0.38608650740322276
-0.21269571745262666,1.9481355358548704,-0.8876405796103226,-0.5516393092011835,0.7857664566825068
0.11426873148585323,-1.6027468150910122,-0.12591378894489175,0.02421330390897119,-0.12603814297304378
0.36156834202710975,0.21812234349299672,-0.31524795981777737,1.1214000424897261,-0.21961448843524578
-0.4143245668070099,0.4600330331820537,1.145611058943491,1.4541025655076596,0.6608396503138191
-1.0564708987350049,1.1745221917042532,1.1353867988725674,-1.020292335097078,0.718855929355142
-0.9926145554380769,-0.3486310241964669,-0.14613080002137652,-0.16012962970462946,-0.8102722058602579
-1.6201926967676135,2.125597614674987,-0.446803771238877,-1.2267659481076225,1.1463966973465765
0.5351660277073452,-0.5638958157170679,0.9367310615482612,0.043879505679125866,0.5607111464950179
0.5203792085850374,1.4387346083987753,-0.7469445282896096,-0.17238956209914924,1.1575999623966946
1.2908525791934171,-1.052228291572154,-0.38949353490097854,-0.12138910821223847,-2.5459398668849
-1.6154713083154821,0.8509528505995141,0.42727730743104114,-0.2948148263356063,0.4038803347056308
-1.6456206828931543,0.07444312715001145,-0.21220984703288023,-0.1497319714355868,-0.2201325112457967
-1.1448064633349113,1.4563601715594297,-1.2873692843279672,0.7870325658264345,0.0254014689001999
0.39748225081982413,1.715476462754455,-0.8775343624934518,-1.341184845096726,0.29842004390600624
0.2635217135766691,-2.057742056018726,-1.5626485001220491,-0.3054693577599637,0.9139738754720388
-1.5726437236180597,0.44164830094535895,-0.8097598869774986,-0.08063029301542105,0.05271769590907344
0.32184627433452667,0.0030772944738118014,2.1032521556864654,-0.13643366442460322,1.6870508244775164
-1.0410253079264837,0.4572264469272371,-0.42118266135254334,-0.2791039893392644,1.7362715631261518
1.8562671407410007,-0.4785173523548523,0.2490638466816969,-0.7359925178412867,-0.8303173481833146
-0.4431374021088438,1.0518365668228622,-0.26616511922522806,-0.35178173029046494,0.540786442103656
0.7209256467125623,0.09169631763776251,-1.4044356094324404,-0.3712520751407508,-0.1035163800428664
1.3161969728573233,-0.18184066457845846,-0.3205551811681645,-0.8973016537299218,0.46390261022854773
0.0943134583188385,0.685594965772338,-0.846894842389695,0.6058720909726371,0.16323663240103936
0.806905571274458,0.6558401137563157,-0.18180049320768582,0.7930654578288351,-1.1956306981276192
0.32413168615147714,-0.567444076063458,1.2428966264349668,-0.4151960489730211,0.49334791143891127
0.6816526975681897,0.2719303001174145,-2.1746138124326357,0.9340518126115009,0.6918635871164036
-1.0524027853229883,1.4583889556590426,-0.8095644281914652,1.3757730586795494,-0.43101382488775924
0.2536056480795525,-0.9710150439397963,-0.357603973879328,-1.280833868089392,-0.4691345029817755
-0.4813395280763946,-0.37229818573380385,0.8190275871904564,-1.3259604254650492,-0.8832200675151929
0.346305787304812,0.06086668243054268,0.45870925016296843,-1.1618360890448554,0.3919574032983091
-0.11370960742180171,1.1630944023481962,-0.020314159058704075,0.6051000802661228,-1.6040398428983842
0.10600563846840291,-0.9129333818889132,-1.315569707917141,2.4761354136883225,1.7847902638998698
1.5209979657495047,0.4244913739439674,1.0694358252931064,0.15959024126248125,-1.130196336225475
1.75295611322531,-0.061982201841676875,0.28192622436439263,-0.15848763436045607,-1.192635620038675
-0.5768048840423903,1.2303931470694207,-1.6585303997506204,-0.8523587769734726,-0.25794046555697286
0.4148082590507149,-1.1860553506874578,0.16907608512496997,-0.5271217090754753,-1.6823628959502135
-0.19015041642867275,1.4052773203069218,0.5451788573131396,-0.6435000418463788,0.5427125083732346
-0.06915580931024419,1.4994045238447185,0.3963513822385968,-0.9110885787207502,2.1392749457141287
-0.9149058501033693,-0.5286152067029901,-0.8430321888768886,1.3332431350283598,-0.627283251699208
2.0829308839788805,2.006961463604591,-0.614086369037659,-0.4255684338800156,1.0878763086083454
-0.29901939734777566,-0.7492754015001507,1.002630267277482,0.2711083284136563,1.1493522546963784
0.19653098804445787,-0.9876818709949607,0.10510899273394304,-0.8320191508179899,0.8661967026029977
1.4648470867733123,-0.33833687524802986,0.1897328103750541,0.5011006644929686,-0.08590820972295596
1.8094582205037664,-1.0824297836301036,0.5074672787258601,-0.0738500964474793,-0.08918494493988229
-1.8468588519002664,0.3651066502020966,1.2114472357421944,-0.5413299859656924,-0.44094042079523715
-1.0100197656613814,-0.08763624652794322,-2.7067190855238206,-0.7563026710076922,-0.904465889991611
-0.338558777942716,-0.08593653498218096,-0.15463385880425667,-1.000362406587304,-0.04264580619024696
-0.16789180143269095,-1.2854763331603465,-0.9610762041402316,0.16945554170020818,-0.46479235413400605
0.7830444108639791,0.0739630861118068,1.3888667689283718,0.260972000163467,-0.11937799185918266
-1.0714613018738766,-0.42781775997041493,0.6647491562393097,0.5014534857674359,0.47757181545837485
0.7296993690014526,-0.5663158214864973,1.7981292864824452,1.2760699419309112,-1.0242067431964974
-0.7711708827903668,-0.6019244508378536,0.6569690581729908,-0.008828205249062018,0.020581229517102242
0.2162577307332222,0.025912072215177998,1.6220980210971985,0.6367583238510223,-0.4903582923802561
-1.175827042961672,0.05341492061082164,-0.6970814885930393,-0.8772882180844881,-1.1877589071514962
-0.13230669343081297,-0.5059816200577183,-1.3237885526489994,1.4787258660958165,0.7672889522278284
-0.7731235491917681,0.04264234345545994,-1.034969752687799,-0.3976139546729314,0.07280639271026032
0.6673100917219648,-2.5784346219697314,-2.4015424928727547,1.141906162432862,-0.3173943034839327
-0.1463965636271249,1.3819830526894665,0.8373755690410485,2.10036099272722,1.1134439204262445
0.5370066188683814,-0.5228143962129228,-0.0276920895363187,1.3061779670303766,-1.9019997440525749
-1.4821713393154865,-0.7952586703332082,0.23052282239645844,0.837008621750776,0.5288278097428156
-0.7635082559108202,1.1957591446051865,0.06429963968972573,-0.9328201965503463,0.5789897595360796
0.5206310803962947,1.3738831494044645,-2.109094273537191,0.0953922522227729,0.9688865719629776
1.539364685492805,0.5319842975243528,-0.29270295641464616,-1.6200956803925446,0.08822787724955393
1.018757165306088,0.2775288414621382,-0.3318106895750864,-1.6159561367585225,-1.8255694167026362
-0.05473859391187917,-0.9888043475101371,1.9256210569252687,-1.3268665362804553,-2.612172070126267
1.9017502530441404,-0.7531917936087978,-0.5305400993140817,-0.21515744373957366,0.1109353756434592
1.222363209493497,-1.7105989872438976,0.22415004798681104,-2.5185579242718683,-1.0827526411977335
-0.839758787891436,-0.6033231730976417,0.7444009255553827,0.06559230902469237,-0.7396780116322977
0.4877866191919224,0.22710785117592563,0.9737090148415969,-0.36411613147985206,0.3841056639730735
-2.2993000048459677,0.46298463936064527,-0.165085090396851,0.16089919115910584,1.2017589569337237
1.1561515209493514,-1.1126749977833659,-0.0066278883581024324,0.8785046261877172,0.7114105531608971
1.3656774870080073,-3.1498792660805095,0.22105272862319658,-0.6967207034254765,0.45802176771523967
0.6655062483153238,0.12545248675523507,-1.2716191943802635,-1.8417776004471766,-1.1079660259116222
0.7636135673628898,-0.09615949172510667,0.009111360581107068,1.0005257521098805,2.190738899714264
-2.9576120389040894,-0.8605517274222552,-1.1744985856737087,0.4127908405914825,0.710349932197166
-0.3428863461088302,0.01309771768532162,0.20759746387919253,0.3609114931291627,0.02859984544838676
-0.2226153467225939,-1.3780838963757196,1.5758759862202372,0.44702750607329633,-0.36266274910224566
0.9258962938707799,2.1583066371434483,-0.4461813839205885,0.4380636454399224,1.1642254966242955
0.5227531743233939,0.9030898800780724,-0.9188440363701542,0.7017609465619475,-1.9595415457402439
-0.6933942982462609,-0.7703937820244356,-0.584645518685533,-0.9108424520407434,1.54781189934695
0.9829627046512993,-1.2294582629742126,-0.158202848913389,-0.2513319170887202,0.21723271375454134
-0.6169176244782065,-1.0671699603060663,0.6977717480014551,0.9504820442416311,-1.1565332474630596
0.15540123939651604,0.48982782792065777,-1.292935521747014,1.4938389522290474,-0.3872685698734327
1.344844246088061,-1.3447203090590558,1.2902474200729634,-1.8022275019532086,0.4337672085713874
0.9904715387794877,0.46348233722047244,0.14537323555632115,-1.1961009589967837,-0.6460606289314088
-0.6932113870789706,1.5288514456119684,0.7981759902182544,0.3000320589040546,-0.4199533880272476
1.0158801959582802,1.418157003953229,-0.5080614953872808,0.11853675049923208,-0.7095216861931741
-0.12024693492681592,0.016108049682613312,1.0869079936187862,0.08206175752691974,0.6671429728245245
-1.6219330746368363,-0.5898374811898329,-0.013332407410770445,-0.7557113609455133,0.8710435619316453
-1.9196089906754492,0.6913258879551226,0.1253961073795326,1.0810019028301447,1.2228717652072474
-1.8159986970148263,-1.4320115695101618,-0.8847659268564855,0.35203173437165336,-0.9461005190572187
1.5514789912848372,0.07012619145991877,-0.05974710420715387,0.7262637615059316,1.0373021908856908
0.4139056789836005,-0.8380879123506569,-1.101793678811727,-0.37472985587473623,-0.24074662471340472
0.758676191118627,1.9958516602678393,0.0159399836088112,-0.9570660975685695,-0.6318442731784016
-0.21475746387643227,-0.13007268682974196,-1.0401321351114123,-0.2882842731654707,0.1868943209602219
-1.651032075596764,2.178579712610655,-1.0349007205600493,0.6016076461157384,-0.4990769532205388
0.41231108154325535,-0.6780125911735413,0.014702239053811739,-0.38339261346272063,0.5780240629650442
-1.5820860223429098,0.9145714108297998,-0.0002558367929584078,1.0768233562980098,0.087953893840826
-0.747984035158201,1.3621646248565484,0.7986686713033001,0.5493415691841882,-2.5887123024485432
0.5942767753943072,-0.043406052234326975,-0.47701466934921277,-1.4873817498249589,-1.8361848923628323
-1.6083578615806815,-1.0359494520600767,-0.49187299186699346,0.8220922525399221,-0.7902456879662897
-0.40334572560800513,-0.8929365454803722,-0.019035729160060574,-1.1988156701773367,0.588006578466319
1.6843373100119838,0.8777059878315773,-0.8167578420881185,-0.817112929553814,0.5355764856526406
1.301595542797402,0.06091552691099213,1.819283256098301,0.6351208499388242,1.3735872927280115
-1.9477881936881905,-0.18066314486363597,-0.21078953596220665,0.03846856095102135,-0.9074467081897866
-0.47760354217830386,-0.03361097359198649,-0.7113329168840209,-0.2677817757324582,0.734206632123882
0.9963141813319637,-1.1836826669344387,-0.8108583118550822,-1.0198792919590731,-0.09654303010533985
-0.48500922711106903,-0.4599697160979148,-1.0074333822116193,-1.2436329546684617,-1.5180863900618733
-1.5370445037116378,-0.3230647530046196,0.477342375204785,0.25181646474866765,-0.0501774731711102
-0.1901637880624804,0.35827926149635964,-1.284588427256019,-0.28322303072223837,-0.20720052238276523
-1.53991004553154,1.4811786993791949,-2.1788829492462014,-1.9732719311049298,-0.11416474825129172
0.4083659951313035,0.05202515775467979,-1.1652665508388522,-0.8236214368463188,1.0180897884159843
-2.4958292709957948,0.5919866827044347,-0.03521093029271927,0.8486370175968024,-0.3910326651097764
1.5548082301502728,0.2820386045193162,0.7873702531741361,-1.0530385466123753,0.4450471847160318
1.7148591130651352,1.195232056416451,0.9619560267919988,1.2378302097058422,0.5586234130861385
0.9976798694221111,1.1433792148314716,0.622316889968877,-0.6957207179787079,-1.307364481117559
0.34406557624585893,-1.1167515964486487,0.11259440150705398,0.005271086522270053,0.27405782098477793
-0.005980847799586108,1.5211298360002066,-0.3796736540980752,-0.9658321145409722,-0.34649125967980554
-1.2368404279363778,0.0982669453563018,1.5561292523728116,-0.4852415379713481,0.21429341981145583
-1.0827190401496225,-1.292667286807339,0.8395295528157438,1.333560324335317,0.3245782078610844
-1.2215698227914265,-1.43008531449391,-1.0186257662886253,0.49624107271323203,0.842994742001474
1.8116023411849596,-2.820780878744342,0.8445025109848859,0.6545354915315985,0.6279038282649654
-0.44682750230076934,1.1381045507514211,1.2735688748305787,0.573004145790287,-0.12360693497178042
-0.35359482589910507,0.3688209686358028,-0.8900484446358842,-0.3434415018513377,1.2211067275479188
-0.48545925405300305,-0.40355333961225087,0.6508328161976292,-1.5180297471661732,-1.463509634428111
-0.23737466905038543,0.7866129895143094,-0.3135445690246056,0.5700686401698584,-0.016572610945609096
0.07807834894583776,0.4983051110631468,-0.9982621247626063,-0.08029325424016281,0.04565921639369794
3.2476837138181764,0.3431679145751595,1.000517094137937,0.7532235713284818,-0.4153273554316208
2.3857572759984267,2.0645443885087973,-0.45698044185749626,0.6776363405144886,1.5536472501548881
-0.3789035435737283,-0.18222835408533133,-1.4586486912316967,0.7884045770960795,0.612574721872935
-1.3163760274485732,0.17432111212879042,-0.3756128085747651,1.4854209902705797,-0.4046768299681199
0.2416439363291298,0.21292531668418113,-0.9992811599218698,0.3065036852023237,-0.7139390687144083
2.166447220367165,-0.545372171104937,0.9934272127833502,0.25375287733349855,0.7607314405176927
-1.5768732923483997,1.585626629066753,-1.2437392595504242,1.4310850853535202,0.5750898664861034
-0.167273614424284,-0.8814846977791633,-1.3892885437910454,0.8273862486031064,1.3084047939416514
-1.4586702421833322,1.3709547789009915,0.8448644471435643,1.654892306491979,-0.38837482096772474
0.4847238298023421,0.4540271700396269,1.7116562739753722,1.1124677505724518,0.056242653452663584
-2.263569576216892,0.7828751457902243,-0.41393852698675276,0.8389227294509464,0.6418352203472222
-1.3534013432706216,-0.30821972351114096,-0.7360247139462843,0.41774260601660823,-0.04816544019233353
-0.3886237915219308,0.2664868548856216,-2.844576398443605,-0.2512939477747168,-1.8601796529107022
1.6764724147147094,-1.4257197244151185,-0.13773064406322466,0.17465968494013914,-0.1183397321642942
-1.3461982844300178,0.5068616645762896,0.2661767397322256,0.563710817851103,-0.11484377768943083
-0.40276115614573993,0.1877688647789135,0.0156899026376312,0.003961996926948044,-0.6796361589622473
0.6522890258495992,0.5470360195152936,-0.057130029076005465,-1.972560748653138,0.7699586519372923
0.5321865602630211,0.4065758427109059,-0.4571715546525623,-0.03382504616738254,-0.9381169214369643
-0.6182588005408535,0.8279684076661421,0.8660538626625268,1.743914330863604,1.6469741068870465
-1.3161463280447925,0.5492341973348683,0.3088247376743724,-1.9296635528904318,0.9325828019603156
-0.6287012908529905,0.7148001808841762,1.2134351085759212,0.7720104722377668,-0.5682287020585761
-0.11237650623097555,1.4181675378148333,0.011849530015891903,-0.9407472468624154,2.267795799798998
0.4536024295331452,0.3866190871263617,0.6558758371135319,-0.14716793063266206,-0.776690388273537
0.7506959352392644,-1.5197497282765862,-0.17728431674463874,1.1355765899271189,-0.156408987215617
1.7768646823355976,1.0307991337688982,-0.3792126045965167,-2.6983020588477404,-1.3860638454192182
0.7462492748648644,0.9899881655727107,0.6533257117500954,-0.6246115082677522,-1.5067545450940554
0.7768305419505883,0.6662499681735505,0.3710041403058701,-2.1319074894241594,-1.1308512142603933
0.21192344832784224,1.0314337836033867,-0.8008499509225534,0.70955120113873,-0.8653214144885102
-1.356019130571225,-1.7894039234032306,1.3552580284440254,0.06080214185006357,0.40555214336115075
-1.3018822053104515,0.3911401346838269,-0.680309091586828,0.029358900515060016,0.48627840036561765
-1.2496524847546235,0.43425106583692086,-0.3833675224250522,-0.11715769080898276,-0.42593360316928575
-0.07883920834210545,0.4012196778290392,0.0595636176940972,0.06266883642348038,2.231109464545446
-0.5319953053789128,-1.8092755765913802,0.477946081435353,-0.07673669363405616,-1.380490918999778
0.1877313313474863,-0.3635330552565766,0.8134718368968106,1.395466453703963,0.5794556765450793
0.6382570606829111,-1.140172019278217,-0.5059770658542282,-0.17988878252497548,-0.00022962905151238536
1.2744920347413353,0.10070956996070485,-0.7781200143209651,-0.04763299514768771,1.1645252557146804
0.6252170246946809,-1.1225485665198351,-0.42580418619735694,0.49905502750745884,-2.545101152587485
1.0743558980738412,0.250086414130458,-1.417493242737307,1.4707036888031637,-0.7456461799787707
0.6693949548470979,0.804312953222378,0.3460684453190236,-1.0872423914399953,0.141176778183438
-1.4531507986307686,1.817074660588006,1.5319618038945357,-1.4894245569650573,0.5115271992647688
0.5263320652598784,0.8143280908529144,-0.4382901867258797,-1.9493358333955793,-1.2355991734534095
-0.5285980935752,1.1399829946242717,-0.6315970520784534,-0.2815236115199407,0.8727187102398934
-0.0699403389815609,0.38545675981317373,0.4782658884971245,0.8211982262712564,-0.6152777998630502
0.30195924913891947,1.9908800356888878,1.021318722844857,-0.10485860917974195,-0.04734321286101259
-0.45490581158121896,1.3932612284176553,-0.7835479834584224,-1.2542761577017123,0.3983813150156117
0.08017230359846804,-1.3858433673490167,1.1340071936161724,0.670006281606207,1.235810288509676
1.3121666470175262,0.0699929580821777,-0.10490213929916986,1.2911397085919094,-1.1465594491337687
0.7299804674583762,-1.7451599753221638,-0.20525595880611483,-1.665504097979621,1.4665974695765915
-1.7607570182192427,-2.7494523363896963,-0.5072959694276594,-0.4912786000448635,-1.4210732929526717
0.09057277239872745,0.45844419558702343,0.25348557218090495,-0.6189140673455695,0.9311917194219264
-0.5901077988385598,-0.19654785423961812,-1.3061710459670601,-0.9800985945129422,0.862313790660611
0.26612767476617527,-0.09777814659688538,0.16898289980463455,1.4267097780556846,0.12874272409701867
1.1947165669839808,0.5887737462079983,-0.24412772826298237,0.9979016303979742,-1.8760861724778803
1.0555617729199567,0.48529617476783726,0.32596282349163913,-1.1249767848875407,0.43643066322069574
0.11074385789257976,1.1192879257846555,-0.6012624015543574,1.2708221446612196,-1.4305647217730362
-0.0926820218319653,0.641703161983101,-0.0058920994149890505,0.8208487619117745,0.8179753663374705
2.77171749043283,-1.8201967142781839,0.7945484418749695,-0.27628917453231366,-0.40492732374049445
0.8331910878221689,1.3289496944285057,0.33079272895386874,1.2153359364139347,-0.2973534584713425
0.43755423694635764,0.5497550182567768,0.7296844438427804,-3.1939396366717254,-0.02191532689994196
1.8270875938290467,0.5349289784806472,-1.594236431735255,0.7450484260148168,0.9499984783698323
0.5923934860819959,-1.1173733101446781,-1.092668161799787,-0.506167175677103,0.5871844263825635
-1.0029573807241403,-0.44508058948503293,0.48076006073092065,-0.8718119901621894,0.7725270316225293
-0.40149639451036356,1.8701525443070852,-0.18277957765196498,-0.1487078021559935,1.040243684737854
-0.6288701054190589,0.953105344089257,-0.9199982622828284,-1.1697664255886815,0.2503042388232862
-0.08810871501642005,-0.8178100080449259,-1.1464769046660515,1.748525193893552,0.31068984502692876
-0.810112720170226,0.14955688610243761,-0.5108767885793978,0.4865001682483612,1.0063026019476582
-1.0744989540460559,-0.7878349412328279,-0.020264915105350983,-0.519476084866452,-0.7119177746900439
0.07411842196879562,1.0051456328962511,-0.40837622268430046,2.308112041600096,1.3359998584516481
0.13334711912704558,-1.1105169134956934,0.3101495591205012,-1.0264170668644468,-0.5395650115311819
0.04577640293212641,1.4415671776691845,-0.7087644778917739,1.7660192093803027,-0.27888085058088796
0.42721410382811814,0.9239151706232817,1.89906065567172,0.3103036536021178,-0.6493840666562928
-0.5504264745527805,0.3796350454755111,-0.5578091267368729,1.1314222488535317,-0.5856118882765043
-0.8168990796826161,-0.892591107818709,-0.5897131231932995,-0.919888509847824,0.19734750884789135
0.6289799978314305,1.6844101976553756,0.2814652586450176,1.422479721009611,0.6545990574222944
-0.4525239238568148,-1.657659399565051,-1.2382535986218028,-0.03720474819399165,-0.6698016337572229
-0.6637255403796695,-2.3808751028547426,0.2887286312263531,-1.0824344981733203,-0.3268888520103297
1.737693451378683,2.000879564496185,-1.2206770677161543,-0.3054456767747881,-0.6324689951876107
0.392623084389707,1.3810473812151507,2.2108708277134705,-1.5248266713586363,0.08912819597588117
1.9755000124413176,0.5637151498287476,0.22770971257658307,0.10256784646520667,2.695868449811043
1.253517668384448,0.3393261376340151,1.0411636652180498,-1.9907591181218822,-0.126242905989058
-1.7705916070354077,1.1825671172104435,-0.9342767752823861,1.3970195328601116,-0.5775242984282317
-0.13318337141243652,-1.4370779494099277,-0.07046393896307748,0.15183565303639504,-1.3901634741100188
-1.0457899706387286,-0.5006729121542127,-1.6829544929102664,0.9511566705361014,1.5772969180608252
0.18989750655646356,0.12216293235321599,-2.8700800675426033,0.2059444736308025,-0.319707466024594
-0.45768494354186506,0.48816445115533075,-0.871801449294459,0.5560056116685947,-0.07453375183733957
0.41441780689070556,0.12944915638260296,0.6900336414120698,0.5914541159379401,1.7856293557414324
-0.6279086044776206,-1.28714778048239,-0.7691157986067306,-1.606288658603689,-0.23072250820921858
-1.266626866974609,-0.8871056807632182,0.48924755564440553,-0.382549976240593,0.8874674579998449
0.4318408283470583,-2.2545318481135137,-1.3282064970505634,1.1653972821753147,-0.8939675594234626
1.0523650682990688,0.5814122805478295,-0.8322858866489051,-0.8036170381915385,2.431166376219002
0.8803059471209816,0.28867132815407653,-0.570132780405727,-0.7992458716679164,0.23446567330997664
-1.011255021635703,-0.5519414459217824,1.3309165832070375,1.237071532046527,0.48094580154301825
-0.4523389343824361,-0.08858849930214935,-0.01670660721486801,-0.5268517662797504,-1.0803856200324549
-1.0708956011253796,-1.2097239063761371,-0.950384095995681,0.7386415785950955,0.32410663498105635
-1.2224506731952862,-1.395959207302057,1.2871368541633876,0.36728949693878826,-1.725356747491939
1.8620320474868235,1.262086907528831,0.1180031165601157,-0.8079438667071555,-0.8249329327706434
0.20095285039789193,-0.6576186635813994,0.116646921680302,-0.14102824568592864,-0.8350593770915171
0.39545396094386087,1.4264595903528432,-1.7115625537984154,0.08091979056670008,0.7896377657047022
-0.7664617469445395,0.3130500681348718,-0.9783618774978443,1.5461114007512555,-0.41761511904203097
1.343037499640962,-1.6827142491851521,-0.031217457597252533,-0.03709169129513909,-1.5994279602394113
-1.837699079942357,0.07278949789023896,-0.9756710779686878,0.17522201953636748,0.5606249257402343
-0.08894772793857901,-0.1159444481540471,0.9023261150100476,-1.5985878455746478,-1.4870456483422467
0.508768781762527,-0.358292620247286,2.2200984085023485,-0.06702189641083074,-0.5785324181928078
0.34454877773942677,0.7999170985642046,-0.9534796763862231,1.142903674540843,-0.48599170175754286
-1.541503651054101,-2.1690022212944133,1.7856834955790493,1.1184068075715212,-1.850261877108112
0.258478734775596,-0.060197427784960116,-0.1168840454893351,-0.019556122832809227,-0.05946668103742927
-0.7818501799192444,-0.9595557425746124,-1.2173338701419512,-1.5316566067104083,1.07640020603589
-0.5072771135854475,-0.6020313133260145,2.6261163642058536,-0.018010210332748244,0.20464958271727485
0.16810226492505964,-1.2763318665964798,1.2070543857766234,0.5504312376934047,0.45681733724164203
-1.2357289209376252,-1.8071374986222164,1.3637441417518659,-0.8637011724962689,-0.4601394197235604
0.44407218962626743,0.4622444923820511,0.3701580089599911,-0.41592024755875123,-0.12833287750197764
-1.9016109270669144,0.25221697567589063,2.2765726871946783,-0.41616730413777603,0.4327457330221947
0.12021564264802101,0.467017313984202,-1.174701266618553,0.7591433597755302,-0.866237032689304
0.19470038850296228,0.4396308411416998,-0.12725107764431084,-0.28000716692686595,-0.5616007634730176
1.5136576910864337,-0.8966499768748557,0.8722048839110179,-0.4908239330790359,0.1379504369763359
-0.5590028258640468,1.1133115850023818,-0.31403716246812935,0.6982806048269024,-0.6827465587752435
-1.0404481298072685,-0.5176427802607451,-0.1784311117228925,0.06488062847444805,-2.328777238919725
-0.6985415392001595,1.6490489984707806,0.6450338088310025,-0.5011691708336314,0.9442106838207969
-0.39487310903770534,1.1211631328094778,-0.16038067704018974,-1.9260879651424676,-0.11197939274486542
-0.8506942463081958,-0.7013104858607017,-0.5357511459255566,0.017082284143646875,1.8365560036477786
0.9846010078712418,-1.0919349809068886,-1.190675342435766,-0.09319335472477455,-1.7407396759785867
-0.28901489552080667,-0.19623771369867957,-0.39608381582041463,-0.32616450350263193,-1.0938080952553344
-0.9010679450354349,1.7994505109769015,-1.6287572426334496,0.8003056054094758,1.5821138520505367
2.7691574885994896,-0.937979727978013,-1.2618944134481958,0.3487558538476603,-1.8126263347286298
0.3271131288922104,-0.704611262955274,-0.7140559560016931,-1.2107785709022065,0.7906630734834581
0.9078543492803124,-1.0622052240159385,-0.7057102662781038,0.03279416103245742,0.47910687493651893
-0.3474277549183927,-0.5338637157650584,0.29262862697536934,-0.879057670425385,1.1642186075981311
1.898576888986485,1.4454539109934368,0.11422441471736045,0.41178227859814515,0.2774685711510997
-0.16224835273783492,0.4820456692632844,-0.5083749692196919,-0.4907505822497584,0.5549906999962766
-0.18920552814066777,-0.4432583153884745,-0.2070311273743365,0.053159712034321585,0.48690468087524524
1.6502859495860027,0.20714876309387303,-0.5097936414854429,-0.22239461597462878,0.849790590673835
0.06477584843782148,-0.37998310063288654,-0.5022936813344885,1.2667490903649408,0.5214396171719528
-0.979914879196667,0.91448927969412,0.4443814345548434,0.6757931082471786,-0.514770165149594
-0.23872315062998195,-1.8447451853218242,-1.7434175196289476,1.262889632853569,2.0624283777322354
-0.7528513356900612,0.7618569601470596,0.04490167612732876,-1.276433017614535,0.6289031579882354
-0.3018322953955733,-1.5539639772809992,0.43066634102583307,-0.9866410857990163,1.1184595162210986
-0.6251715262740025,0.45966259836320583,-0.07654856931509588,0.5602610313917776,-0.4305758619098794
0.23786753077289388,-0.4410630936813601,0.8876656514725201,1.285158241865474,0.7679026973461396
0.09685708945261752,0.11303809607519867,-0.654941340690467,0.7190018417152039,0.50011230543269
0.8249313234074951,-1.5168786613535654,-0.008221920985291092,0.13228545917334517,-0.5401918420054359
1.3493063685601492,-0.499150544461327,-0.06457656066274199,-1.403127921681285,0.7803638466433839
-0.058081619015972676,0.45039009264292434,-1.41484527491896,-0.8140976205022251,0.40919811079584495
-0.5389151637272758,-1.2838456078052254,0.3942137237488201,-0.5489153348191289,-1.6286148075852571
0.06400259169247763,0.09837475387625737,0.3378144712709065,1.265579632478067,-1.455321890894746
-0.8157521054460793,0.5720717702989988,-0.675108671782394,1.3809916432175495,0.4404189472643452
1.2252292397279942,1.892552270483101,0.33873450416191886,0.36606702626084575,0.35943460913357284
-1.2371201664440776,1.2100537635234248,0.5228205838121405,-0.20751463522783548,-0.12640099224120135
-1.124510648441315,2.2596526399544388,-0.11542225139257861,1.7729847917755353,-0.11705998457230259
0.41368391731628845,-0.7652782518594379,-0.1651941905431008,-0.29438444508232187,0.7519850946396957
0.4834913875123919,1.1329928444883233,0.8356571638033918,1.5487824232095744,2.572083106781094
0.11969285359910856,-0.260010811213292,0.6113440355768258,1.0379623413535737,-1.0304731602655655
-1.686948903432929,-1.8276962769540253,0.5167648602081149,-0.6156348807996721,0.496308064506429
-1.1614888693992143,-1.9647370210906439,0.884611473271562,-0.07299751189414015,0.22572767435045282
0.5128873861404739,0.3009030306903597,0.11639348244238165,0.14555807203659404,0.2624026221939768
-0.33183819650943475,1.0863714047022681,-0.45084381592074435,-0.005573510055990081,0.8789112999350286
0.45355304178427236,-0.28520963565052926,0.6364932889587253,0.15124302900107636,0.20088580247043775
0.03928004104429873,1.546219438221848,0.003962840891655418,1.8761356662696462,-0.6040721528313647
2.3774672136330386,2.554825864801452,-1.3417792778313231,-0.5882794383218699,-0.21405027398292034
0.08082570940102517,-2.3359513221260046,0.910155230860501,-0.2246005836835563,2.228790971787998
1.1131139991033863,-1.4673463528471815,0.5731106276931313,0.29744393548914694,0.09370690788725568
0.7622894566522053,-2.3027989328375167,-0.12595523424639687,-0.2617209900086632,0.5841578819644053
1.0173627425294824,-1.11260817704488,-1.6248085925654145,-0.6449744554692391,-0.2555352416406768
0.6171713752399636,-0.10588357424901422,-1.8528990164789625,-2.118740262802773,0.07398283475793876
-0.013811248415052805,-0.6835578966635519,1.157942484263441,-2.170630304035264,-2.4197852100438464
1.0855509020976866,-0.23486685888320263,-0.8786618132777263,-0.019435662678569207,-0.22559239005997758
0.7235905710715582,1.0933626943378119,1.2065260218180165,-1.0030371641546239,0.9297136561195366
0.2142990536182071,-0.6039530500711328,-0.6744900526904934,0.3786227470633302,-0.47504228221845624
-0.7957380017603533,-0.4611278668859323,-0.5464041563701207,0.4499826464330576,0.6846292066643528
0.23032282863075595,1.4182389812993506,0.7762312035580331,-1.880487932973373,1.1034612090205915
2.068976552354051,0.47650056528588053,0.42754141563673975,-0.5373827181278251,-0.3880451607306162
1.399874442835927,0.170796376836617,0.34655862891339245,0.07415266358446526,1.8843669952184658
1.0277099464442936,0.14165328202321312,0.5491607045121801,-1.1635203798131164,-0.9754458271051051
0.4946861255257352,-2.2006071489214323,0.3923789875598819,-1.077639072347333,0.22989605459942633
-0.8151212120259639,-1.6289174960315929,-0.9425000829666684,-0.589931952770272,0.15346483827668897
1.112017545657605,-0.4988391958549096,-1.0721363658200298,-0.4677929309855761,-0.2949409491299138
1.0917637251371615,1.003628775504323,1.0312541401919395,-1.2863211389279987,-0.635154653321636
0.9298316850845126,-0.25494993386425147,-0.22859464960257778,1.3155408072544625,1.2777620115787387
0.6882595267640668,-0.715617135651842,1.3523216870135013,-0.4140044604894685,1.6702612084361066
-1.344832654136671,-0.6097696973134851,-3.1026990030813395,0.2510533055061377,-0.4996724669810038
0.5405793691968134,1.4203302048679598,1.1995649175420036,-0.11198835218867458,0.7762687960481511
2.152888942696277,-2.1859738827017745,0.578271832115768,0.6149424165313199,0.4423091705431808
0.5303978690446971,-0.40440189357992373,0.29423026205992625,0.36310717660944264,-0.4501095573643059
0.81410127617693,-1.2308080824399028,0.023827015943260837,-0.43250878011036464,0.8022399065053278
-0.29312232748863465,-0.6311682219989236,0.7610640274681748,0.9673827299711212,2.328061758932804
0.4313137340303922,-0.5919423126771357,0.7234001888390182,-0.5420397212008454,-1.8207133547111816
-0.28272387013204286,-0.36450600198684213,2.2457771617576854,0.9830414689849158,0.7813920807306947
0.6555430399074307,-2.7794806722023297,0.510857689615678,-0.0894798067267938,0.47603488030829255
-0.7249499005154543,-1.4332483224332848,-0.6819327265494277,-0.9263650709111735,-0.7112350615465979
0.6431371518976167,0.05380201716597778,0.6322853691658092,0.9722922393740908,-0.21430349327946152
-0.8134657486472308,-0.12829909576545287,-0.2041141368209025,-0.38215022397561593,-1.4543332662263295
0.44562965504628904,-0.22788487635113713,-0.45350203985391624,-2.395192711717684,-0.33377259445391905
0.12614634265735525,0.12200421230457172,0.040482341023880646,-1.8658105200411597,-0.7207282321217034
-0.4035001479164987,-0.11841675898875019,-1.1901902326566898,-1.2770844874246579,-0.4497575155178682
0.8261265188435625,0.30932802855253305,0.5970010030762956,0.08548327363835648,-1.0249290797675432
2.1094510789677163,-0.4705437553171557,2.223244930084634,0.203081387886377,-0.6342880221498931
0.678422756471399,-1.3212232199288032,0.168886755490805,2.6727450239561423,0.9554258758884084
-0.2831056185177958,-1.1800098033104407,-0.7047985400531432,-0.1979226943088361,-0.48712678496581224
0.44345742606980987,-0.7109465333247891,-0.2944741089569055,0.9065901571846569,-1.4299378437856032
0.8030955260349399,2.1813859750687015,0.15030809707840714,0.8510128713500569,0.20446937466755613
-1.0589592283539337,0.07267263880267094,-0.5859900720742569,1.1495740475984884,0.45769861623992886
-0.5501116531871675,0.9051209966372558,-1.73260040074758,0.3596453939987659,-0.9503379459950936
0.3634062940251742,0.5545243780644752,-0.9344041331860087,-0.5089123167908726,-0.6113652383057668
2.102453274171179,-1.8999847494837172,0.15293700685106038,-1.481537033036132,0.09408024241687407
0.3360053072962363,-0.44881156916831844,-0.4672563678362463,-0.1045457383680985,0.4127371337420345
1.8489090566912845,0.4799040563347604,-0.5665361940257295,-0.2801564740143533,0.44872747562948256
-0.34966531383731203,1.1793674887703676,1.4632614638039523,-0.6233032437401211,-0.224511004624369
0.904574773204534,0.4364017658873132,-0.08871359725470657,1.3714484365489976,-0.19258442319234914
0.14623489579839435,1.274576817849918,0.30547841991028113,0.39634868192292344,-0.4333331035539254
-0.324515223974087,-0.3357493826418477,-1.4686007742964715,1.6123298566547757,1.3056993651660491
1.1502817313870222,0.894588487694124,-0.5565875704789038,-3.245210980666193,-0.31947868370257626
0.3421985684162772,-1.8230487458813764,0.4248737684215654,-1.3210705328432855,0.773359365054956
0.5697636664323034,0.2250839708109868,0.09143721490718172,-0.03497355718969135,-0.05688861493215799
0.9717549078952115,0.943710024477101,0.33073225218710595,-2.2565197722344856,-1.3016750885350186
0.7125476457267695,-0.09823425427996392,-0.8688012790242166,0.8470679963742943,1.6361006533356892
0.1838033844773068,-0.7299153956834815,2.210665763427594,-0.010671752406695365,0.8893540893718269
0.30804932354733744,1.1966204128220186,-0.35923282561431524,0.463947494448082,-0.8354359362882094
0.8405174979452043,1.2621464125960549,0.8535445462277246,-0.6413771880449055,-1.5505483982282569
1.4715954157273088,0.003862573909032819,1.1190169903970273,-0.9801784304100163,-0.1851096527494673
0.8422118434252441,-0.37311669805001524,-0.13446645105610583,0.46131176958431336,-0.16456799184709459
-1.1115647704319591,0.10557820439059101,-0.8505058516294385,0.4569373896103648,-1.6891272789738372
0.6468774886529771,1.1261040831677591,-0.8837714276321,-0.2677772654971853,0.3383438246096683
2.9622143077054095,0.2889214609565866,-0.3583851880218631,-0.20150932283169887,1.304953076011386
0.7691579619728288,0.8285015327832884,-1.2893238372277707,-0.06609633530364749,0.09141753976947294
-0.11198372985413346,-1.529937988015724,-2.3203761456806506,0.34039576427579493,-1.8398085895268685
-0.1666951683232486,-1.2712228745947416,1.0549530929696438,0.09519029405043718,0.5036356665396003
0.5749898513144337,1.2115010211785053,0.12160887878162131,0.4251046363953077,-0.3148693339191638
-0.7958498669059336,-0.08156010608925321,-0.9231064570271675,-0.4114748852103432,0.4958366836967965
1.1315020961073188,-2.035772734820975,-1.11968141785198,1.0721898896535915,0.4077365913141117
0.04766243019943006,-0.4301268813324458,-0.5613944573103238,-1.2796443869281486,-0.0884913564190947
-0.2381193666358409,2.2816218933129857,-0.5301098465467772,0.6590634511420663,0.6743991899306083
-1.6137215241282326,1.8277636411174736,-0.4346808994476263,0.8544851884456697,-3.1509006299715536
-0.4680986583402973,-1.0629804978325748,0.19322853829809272,-0.842511176924023,0.31595973728691573
-0.8301003811226112,-1.3509792118515682,-0.20184190486779174,0.8881308539273791,0.041306737518428095
0.7427000754468401,1.046651866687365,0.33218277888251185,0.7161425267324396,-2.1701776771908023
0.949375059776918,0.04038538899668388,-0.4443103640389586,-1.1370532188193483,-0.49318126392936046
0.3549555022312541,-0.8971311274608149,0.6598689212176683,1.02997357936885,-0.9442096362568212
2.415852102619108,-1.4775611111371822,0.8328334345333849,-2.0623444959631065,-0.5235223838450042
0.7326603578082183,-0.043499834738189615,0.3628503406561181,-0.8225178405145204,0.7647532614272893
2.1554885108069164,0.29205709167456834,1.922052276452392,2.012144547921647,-0.18868696554979209
0.468406343912078,0.8429621382310403,-2.148519128735929,-0.7985755414025197,-0.03532874175169905
-1.2684087412460099,0.03723553363902221,1.8394653324868249,-0.7373178179466131,-0.8825273239817795
0.7677864893599463,1.0167460575752445,1.915602734023622,0.5981059688181838,-1.0460472805075636
-0.04417661058763651,-1.8656620634702041,0.7441730641892942,0.7668591105728502,0.1884586761995917
-0.9850345486418469,0.8898847662000616,0.6575550900180577,-0.33081859096009336,0.39744734199468246
0.8162944806475171,-0.5186784861026664,-0.35298576662762143,-0.19821992636648023,-0.5588724678974137
-0.4724383825237704,1.2956927224674184,0.7891833685397718,1.3472564019183344,1.6890266107495213
0.19415633888052816,-0.06880383162593436,-0.8183055284592464,0.9769848411803215,1.1850316881025127
0.6470375691854517,-0.28436246123882036,-1.2815025487887344,-0.0837121772769371,0.6292274912091224
1.2211720504784014,0.36145361926293296,-2.330739271399788,1.902342106608352,0.749998806219486
-1.1856952622891042,0.27720880777146517,-0.537686945223204,0.11450538237351629,1.24670580236307
0.19241774346211837,1.368024648948344,-0.39955028672464676,0.6802757217089869,0.2740198705159337
0.14441438385155242,0.443438565859769,1.4195488930473479,0.6475673116760589,1.218781000642138
-0.24106881431664115,2.1810984179709543,0.37164792170942973,0.8943801262910884,-1.4950403793976668
0.02633597370120825,-0.836517110652081,-1.0610814394679486,-0.08417546130267484,-0.04031556303020524
0.990830360412251,0.2289676116152781,-0.510020362621519,-1.4400622217093064,-0.29209000847425054
-0.029489001597113575,-0.34006623179197754,-0.45958399374157166,-1.2210657250412915,0.8549411705930288
0.8686861295180149,-0.24732008927632881,-0.791684146856274,-0.08010014265795,1.8258520916444776
1.085050667963326,-0.21397613066964816,-0.6957673136715246,-0.9598679523489551,0.33044899505061776
0.6637334319843647,1.5831980012149096,1.1472170915292415,1.3071806563489594,0.34086915995254724
-0.9087694390960914,-0.5613313275241489,0.7344480683661969,-0.4126587329067169,-0.17471575307714057
-0.5403032283695207,0.7662613314943236,-0.8635709407727519,-0.19159530168221192,1.0622948729881436
-0.45278374224139456,-0.11455275433445938,0.7635946579634797,1.1897001279037758,0.7426357985406761
0.5343531014834367,0.8905971231044576,-1.0066669635395984,1.010857827141592,1.027855411956935
-0.2686630418988651,-0.5844726893161916,0.10093387741168815,0.49810582264154196,0.16379128523947523
1.7898302674495057,-0.5828140280877632,0.6015385325379868,0.21674558636694588,-0.3690434391086964
-0.6311093547381622,0.9636802683941111,0.45092640489602553,-1.3516633809709708,-0.8622236230443451
1.0597312414362805,-0.5383808384867582,-0.34663726457526906,0.59251027353976,0.10804996174088254
1.4081518702364342,-2.124188906595617,1.327569747008279,-0.2928477446185485,0.5713339834502239
-0.8106590183635003,-0.11940337835277523,-1.5803688243927723,1.8747456885965783,0.10533600998915661
0.01124282778627017,0.9481186231337108,0.5257838938087616,2.412699532282707,0.09467149277058376
0.5232813127479363,0.8542185215924837,0.7492897351695664,0.5942126350942217,0.681651568668259
-0.4145143291742621,0.11916929080109588,0.14316339322856292,-1.0735722747818057,0.8721614117006125
0.47358774017564753,1.3283477679626108,0.4414101049450026,-1.726084250532973,0.966646025852556
0.6553312496038233,0.12827960337851343,-0.9967274704009167,1.027683580507238,0.7163363791794511
0.5188861434043178,-0.5918471408317547,-0.48291349163396097,-1.5876948253065695,-1.2087592294139433
-0.42821423266190245,0.8800939852044655,-0.14221586182647053,0.9747241187849385,1.5883254403333318
-0.41576280648412556,-0.40664076999593013,1.6668500451201094,-2.7752755935515956,1.040089540604218
0.6589559326624786,0.19708918591105576,0.37384612983455423,-0.7532970107778756,-0.9399099935982126
-1.2634818786912814,-1.0105591326724304,1.8407222043062756,-0.2230106354179292,0.7895712677598278
-1.5232280202767539,0.16057590241785205,0.6856521831818292,1.2112930405916822,-0.6452691366471773
0.6170868068405451,0.19885420669664536,1.5327952974494934,1.2018203208731788,0.5576295535666143
-0.6293075522970735,-0.05127657049951475,0.2821698141925663,0.2434006381926039,0.2505347736364129
0.6833745588316322,0.18890734543328014,-1.0223233411610637,1.3212457795452086,0.7264851359065374
-0.6045746843740243,0.44393557912917103,-0.4646283529242238,-1.5230372247773554,-0.21491400487110449
-0.438567359629197,1.8263710640713147,-1.2365101365976754,-0.9640342790258442,1.2101095939017013
-0.6955499910985964,-0.43001991746336476,-1.0538427699942536,-1.0933187041366865,0.08461751930363388
1.634814542876349,-2.140571292496652,-0.5306443078159548,-1.4664893642636028,-2.804622502721919
-0.5222367775486014,0.42908687871577506,-0.32499670171205053,-0.0770379705849476,0.8420048032772132
-0.19868919004032962,0.3992902658788311,0.1759810164001379,0.3937211650907663,0.4119908223389908
1.0960585172378654,1.465255295790058,-1.1200104182365527,0.5227698309415197,-2.1583454221994516
-1.3010625107518905,1.0219762596171624,0.2606948431048204,0.5531414822749205,-0.6446075767453099
-0.8973817268951171,-0.611050272254285,-1.7398488410034711,-0.020930733398441415,-0.6381116271383623
1.471769608282297,1.89117798111688,-0.7357433009838633,0.9281746349269667,0.4705271627360097
-1.1587508107670121,-0.9629020920499667,0.06531129244320495,-0.25392475069899606,-0.5391196431355875
-0.9012024729180312,1.367512582811138,1.5383421522916445,-2.1158954032370594,1.0607669393693502
0.7963888530789854,-1.0611219891879244,-1.085193322182141,-1.2010473843130054,0.6987713703299293
-2.14618576404376,-1.4695922636759342,-1.5891044465287865,1.179066417427511,-0.03889196619024306
0.861376627766882,-0.7438104849319885,1.6159259405367807,-1.385652640226847,0.19453822929179682
-0.0765796680181857,0.8282751586684699,0.3006207546433824,0.636523989976623,1.2974904698612466
0.25878761563757274,1.9021021209497533,-1.4533289542184236,0.497492605328152,1.2032915156791706
0.9385625159671928,-0.5209531839961975,-1.2615317005475593,-1.056098438688717,1.0039542312930274
0.0947986090473102,1.1334223944996948,-0.8056681717717981,-1.0535544630589886,-0.48240632478601037
0.6681345853946012,0.8588333185514834,-0.6968146888498336,0.46790335909645464,-1.117259158618768
-0.21844605291597766,-0.11792387087676723,2.630075068568252,0.17274325379062866,0.4289219066598502
1.0613903035071126,2.266177165671026,1.6757260255750115,0.057930238841779766,1.5966941486108475
0.6538240976396296,-0.5305761486096817,-1.6410014667716366,-0.48038113460512205,0.30782559905421064
-0.6225862340580348,0.21419783612170323,0.7709223349333236,-1.2485967913346927,0.1096379895027714
0.6439165669631203,1.4162582461500797,0.42404316697175837,0.13134784342037628,-0.005547479009349759
1.7933358365765972,0.7727026563370873,-0.9340668565204548,-0.3603135672400243,0.6483036430012001
-1.6232043008274812,0.8250485493719047,-2.478527932883516,-2.1526525443564313,0.9036676293166563
1.7320477712688005,0.7472911981640079,-0.3250485267939799,2.1864051751042224,-0.04694368994120242
1.9432781558533658,0.48496458670373094,1.999198835448317,-1.3146016978282111,-0.1912834938706675
0.6537781706300793,-1.5221580650033453,1.0083621048376965,-1.5090871740698644,0.7060990441925917
-1.0453621640826782,-0.8350835673466659,-0.99073525425105,2.0731937693548903,1.9234014166399978
1.7734269362099082,-0.582256436160977,1.275570981456864,-0.7462917202589366,0.7035220279842965
-1.1005518706468524,-1.3872604451700676,-0.0031957661277244704,1.4405247165762867,-1.4164667384396488
-0.7746202908177968,1.5859220219871955,0.34579364078253433,0.743698671737284,1.3026430953958867
0.07827837243936707,1.1187832613507218,-0.6216915549371226,2.2009012802680163,0.11787597104532614
1.817158318193341,0.38050585024111905,0.8746653389237721,1.0779085398627986,-1.5205630656628495
-1.0925903011981435,0.4030814726187496,-0.12260002471775582,1.2885324207619833,0.23730896859761882
-0.5014683366158095,2.284703465674712,-0.8911360939745819,0.4933292814228413,0.013031308291312202
1.525724090124729,1.1609871739744926,0.2541135328782811,-1.5948760698286044,-0.2873052702846545
0.6690475937261211,-1.6286631416878983,1.6629387540123934,2.5811801106129506,-0.43178738764801566
0.5989799720709144,0.13175160885961856,-0.4270599875918072,0.785959696709617,0.9334476523655446
0.813740547350273,0.0982693066989745,2.1089786574941267,0.2614782878421189,1.2333199507578045
0.17859521132244371,-0.9192953549305176,0.49608825477172847,-0.7849078032339832,0.44895295953102754
0.015540267268106022,1.0791179258430283,0.8591675469953903,0.5435541460971807,0.6087506705665872
0.2633940237854565,0.4414466168675309,-0.7786838561496073,-2.113161738400287,0.0648070380344333
-0.0638739007724828,0.5412658711673443,0.1637911979450705,-0.3305093795152668,0.047909019988633644
0.07045743592490748,-0.3294032299261239,1.9277673253559064,0.8366346020330111,0.43562697860026756
1.0818766243898679,-0.3874653624397723,0.9670565332796192,2.357691246737076,-0.26564025726423723
0.9005366327207575,-0.38037031896194606,-0.24811567352910371,-0.962723193519356,-0.8049269140797499
1.4351772439903703,-3.0055660399757302,-0.12166256464952291,1.3678043174177283,0.2860730768000216
0.22153140325170065,1.7525662165153675,-1.1812136935696163,-0.4857078832092104,1.8025262071314037
1.657938202952865,-0.13896139121134152,-0.518668419261675,-0.9323591158904672,-0.4867341890657114
0.3455197358160798,0.14257413671391395,-0.819717154544538,-0.7350688980544797,0.005388774884315074
-1.0664886394986859,0.17357300191661995,0.9168288840198116,-0.28874502569416705,0.24357760457813743
-0.21100142391735258,-0.21525736761977957,-0.6511293407910327,0.5657025094114352,-0.10377812991380374
-1.6131873939654946,0.7124776619796376,-1.382756782411058,-0.5657223215954723,-0.052013317280913914
1.3635158571137265,-1.474695193446442,-1.6591746124925375,0.7524316801806968,-0.22490228162753864
-0.38642703126741723,1.1939575778540517,0.40935973122012803,-0.7726066886022092,-2.2445547103293775
1.5965774634307308,-1.1858034548471854,-0.16906901441332892,-1.314512090192667,0.3535206100384053
1.284724810198945,-1.3924494389277524,0.5189591395851405,-0.6145883367969389,0.33772067053103244
-0.8690268203513831,1.021885155907334,2.1868754377745994,0.536185542733368,-0.2630306443869361
0.5428843433403431,-0.06478086002506585,1.8089668207560887,-1.5477674672536523,-1.2985854244978616
-0.6625798133531106,-1.4357188909942535,1.2291376394876443,0.33777391959273223,0.25772542492146067
-0.8523901454426781,0.7512303452562231,-1.0281624554072697,-0.12657992946149413,-0.7767435833402728
0.7499993602747669,0.38160198842484117,1.2771759881368066,-0.652023722081225,0.1485893084853314
1.571355781850779,-0.38370850359703157,1.4224287075243354,0.9620898234711852,-1.512844939588926
-0.006544826250791663,1.1999864243697045,-0.05463578386334102,1.372774558301613,0.23775297816744528
-0.18433935260074252,1.0637473995425135,1.9281702629934252,-0.11595974077777343,-1.178757833218066
-1.337178890473044,1.0105994921993764,0.21902536932331096,0.09866475577958762,0.5407139830200298
-0.9018600074868212,-0.4571057203843505,1.0827126983548798,0.10691466906946213,0.8751852710106681
1.2433970125310134,-0.9044128875682291,0.46378272539873144,-0.24893014008259373,0.07830464179671066
-0.7210978590632144,1.5159579659146079,-1.0336910153969245,0.5084017358834526,-0.6618227090076054
1.5247782222064759,1.2254273613655047,0.35570331063719723,-0.07276909998508307,1.2550180879121158
-0.527818578306431,1.260145594683272,1.0972425788423974,0.9715174041315372,1.0317759372032285
-0.2082157774381377,-0.48180027947804815,-0.34329541852518564,0.8774667813060413,1.708223625185468
-1.1662861813778733,0.23988257703998345,0.16093146910332368,-2.0433042015660225,0.7060223474400467
-1.1783655798085408,-0.02078655549811134,0.050028365942641345,-0.7462640322890793,1.0263037865873794
-1.7619532164451515,-1.9961680790440515,1.4690525865243051,1.8658301929774452,-0.019324504962606057
1.2320033176030003,0.20507959897965122,-0.5432308464277659,-0.8238781064296716,-0.30176569982026386
-2.140342270450135,1.81461644685682,0.7287477928185536,0.8108531973390198,1.553910349332899
-0.144939084484107,-0.8704755728609231,-0.43488398245313725,-1.1107325374659622,-1.175210767210487
0.19866631369531343,0.868654933354656,0.38745421997149126,1.3401398215119111,-0.4707561372402583
-0.8979243770082722,-0.22186477510481123,-0.2046247525835756,-1.010466263179121,-1.2407904387847573
0.9579654946326496,-0.8415147389540654,-0.8336270959460244,-0.4720102329224671,0.20242005924852458
-0.14139409809453254,2.074154985124969,-0.9496964114562588,-0.39903076152518346,2.25769669187037
0.5729018873967493,0.870680333681788,-0.5131327053006122,1.3125006363999856,-0.023120409356466132
-1.6805193888198189,-0.48222491524794614,-0.7366083988211068,0.05393458855694438,-1.334743207397853
2.410672851704123,0.23371162584834862,-1.8537058292239208,-0.09699230427522294,-1.5974128450798701
-0.08965378426115932,-0.27319909370496714,0.25633371196950866,0.34084385525910976,0.49320948376218215
-1.9798992236537936,-1.9125910856893549,0.12411400642595007,0.24101188952011998,0.7600034212977531
-1.6675428915027959,1.9029465419267368,-0.8719920946485773,1.040982806814537,-0.9565814003986515
-0.29530745883922743,-1.1622379143853525,0.24945615543753885,-0.42826023975745703,1.478338424922448
0.22593581239452198,-2.4870005919680085,-0.20305186113945264,0.2987243438369321,-0.46285340576774103
0.5809998703346833,1.1736269040285996,-0.11296032853271169,-0.23143112894793844,0.31655475651899945
0.9199076372418845,-0.1096280590433029,0.793098127319828,1.1913947175142983,0.01567279232407857
1.4552244157093468,0.03445088058186334,1.9527724181680766,-0.6002155911297447,-0.33062613316308265
0.5674113506826586,-0.0920034892334589,-1.0373185116080716,-0.01374513746499354,0.8087766267978436
0.17473628011484485,0.8325586539961881,-2.7337901586454003,0.05118818192580404,1.2077156222879577
-0.39789653843031075,-0.5851805756091465,-1.0798560161800155,1.5328832845835956,0.5519450445303897
0.20991211240502575,-1.2929233959369213,1.070330961714942,-0.164188707332199,-1.7413784880064753
1.5321437382368892,1.5045129137972426,-0.6207017304810216,-0.034805187684799746,-0.3947986954226465
-1.3128409544009594,2.1585619830308223,0.09696012678025968,1.75453462784424,-1.6859095121389323
0.05405464466303524,1.009578608426987,-1.5600450068724259,1.0787549090945912,-0.6937539833614933
-0.609913520633044,-0.05880065892394854,-0.11605303702117727,-0.8537579492881718,-0.040169278467308514
-0.3678289100270319,-2.0936893434233674,-0.1800030567921018,1.8371925935947857,1.2825517412103031
-0.7068750390147381,-1.8189138235232372,-0.619672822034472,-0.28954912524004606,1.255465595072577
1.1360713570853214,-0.8573660760359688,1.0609219782530352,0.9249838079673447,-0.4426690895364486
0.6420738274219691,1.7122923833035375,0.8414698092892068,-0.7968856922432054,-0.5047222488100841
0.7559644972115394,0.13234690109055625,-0.5513848738777263,0.3147282447857843,0.4560833892920464
0.21794593893403816,-0.8863674351156308,-1.5344320242804852,-1.3804106507410296,0.6737758005346091
0.9285472128661239,1.3012282557692159,-0.27997947867884193,-0.37085218884025595,0.8203880529278432
0.5983255044937694,0.9029893932402542,0.47246956742340535,1.6698636068263635,-0.6855293279414003
-1.105870354050051,-1.186912446674988,-0.3772293584485535,0.5541663411743625,-1.558347789056222
-1.1869456600357997,-0.629326179575184,-0.11076822656713108,1.3500704849147893,-0.6757982597673763
2.8805762237992822,-0.005775482827668407,0.23734623802889696,0.7511570164823091,0.16558575219911154
0.001806305370181543,0.37804225199771174,-0.48431827147599515,-0.48881134799489545,-1.4889697718271455
-0.4232226513582219,0.8815619678784468,-0.23788727947351157,-0.3376613140950396,1.9614934017531922
-2.2475983623815594,0.9827431038038648,-0.053257513801924894,-0.5472263569289241,-0.014181549369572968
-1.178110302820977,1.917844133435242,-0.29106513171928616,-0.8614883790504277,-1.3397248762488396
-0.46764311414372306,0.49366519446442286,-1.5277005472849956,-0.06385357250493781,0.4945170021787958
-0.07155647911426671,0.39067267608965794,0.6765443741236709,0.19326063854479072,-0.2271817730140967
-1.6054711968518172,0.9515756795719539,0.4026437924917852,1.3781557160442965,-1.7547523773388858
0.5636980925416611,-0.5452163168229037,-0.9290188328404458,1.0179712823569296,0.41739899408683206
1.0401780025878014,-0.6748349095044891,0.3724796020326983,0.43198966549005235,1.0435937275542522
0.38953660535438334,0.24694363645316553,-0.5308265199923736,0.7325746901861542,0.8741485464909474
1.872552531682603,-0.14074008199311053,-0.3675583658480518,0.679645744152496,0.31500202098045627
-1.3890903340884941,-0.09494437288854565,0.8141195399798934,1.2035546611880537,-0.15390927383736877
-1.1910640215200126,-0.5515280206948434,0.4039689432237699,0.14743588885447576,0.8123075560758982
1.364208424049944,-0.8091386760483504,2.2524285727213087,1.502075480212906,0.07598580790283796
0.09742750896019069,-0.8697326882451941,-1.2991869512556802,0.1990342130284032,-0.12985428639933352
1.4427433547113042,-0.1672492890599364,0.36379640422818527,-0.5892181277567837,-0.3441450023581147
0.16625765730434003,-1.3080115377151886,-0.1673497441365173,-0.6298981629342315,0.4282609620144552
-1.0338347587293528,-0.49172921171167366,-0.23486858970513316,-0.03460561625105869,-1.546685343100685
-0.6290625706735853,1.0550465079453955,0.3632154516020321,0.298904508478755,0.7058890765295252
-0.11577195366826544,0.5663600649182099,0.020542793263999493,-0.4147340832110622,-0.9357374187046912
-0.7806633085324954,1.538521911350558,3.347860726435827,-2.5438426545443362,-0.18880434985075784
0.4806261823833052,1.2118873320320982,-0.5706382374567928,2.0353650768543763,-1.386344790746503
0.4092108901890175,0.33642731713565865,0.1775097803792279,1.332582266206514,-0.6965527762906367
1.370931762668859,0.27426290288523436,0.3910747232022861,-0.20145661325768435,-0.9676037972489682
0.4727022592452046,-1.055528911907338,0.4697119369697661,1.2423686871198958,0.4432124116078707
0.8867909996498535,1.040070470226607,0.0929302282158758,-0.4515198333166859,-0.422145157371442
-1.6275231443265428,-0.03357910290700148,0.009447098927295084,-1.1559238726343917,-0.8759146571755955
-0.21795158100450138,-1.2556512621173503,1.200695927833889,-0.002969108827741592,0.15057633362601458
-1.875295693907625,0.420221532841285,-0.3874697524256553,-1.1796555025181603,0.9856084905727983
-1.0507901247065254,-0.4814014690503164,1.3131160086071048,-1.6020152776111642,0.3173291590883595
0.16511301739892598,-0.5478735371839241,0.7889615600836306,-0.11454774829944878,0.2046456256758325
1.596969427024514,0.02251241766932812,2.27983289422122,0.05490856585444949,-0.4060833679748332
-0.695991239135016,1.5300124257248853,-1.2354992616102827,0.7795125811485683,-0.3320422609955433
-0.2345339847812206,-1.19235431427328,-1.4101679902049258,-0.5255743639146481,-0.828673931819211
1.2450340611488584,0.9835747013408013,0.8575095519182381,-1.5565254601266452,0.019244136564492288
0.4866212344837554,1.745552997434365,3.0408750793851187,-1.6260156692952026,1.8170686231415667
-0.1021362419873254,0.9658770470483167,0.0544992474820464,0.31926321386205386,-0.5915180249571456
1.0814424553543776,-0.11219797440484791,-0.11246846010752369,-0.08276604246291376,1.0989629096251317
-0.05575362118456892,2.627155342416134,0.7271692889536265,-0.2809841070770777,0.2956716632323613
-0.7365935789098037,1.0646861702637735,-0.4315232012348081,0.8832046144625129,-0.739831384408917
-0.005196904657305385,0.6027541577060287,-2.170549274299488,0.41590891062116503,0.4062334458578449
0.4044212081003542,1.1452045865188591,-0.8953462366377563,0.9672346525799823,-1.0266018694054893
0.4360708850050929,-0.37343706503204444,0.22287155204215298,-0.5271068345312708,-0.5643753908471811
1.1918480813006733,0.7019089716419903,1.3724523405773417,1.1326576275651987,1.0190165923911207
-0.034331188716183555,-0.498446247789217,-0.4153507369753405,0.5612866124008132,-0.26307364568220154
-0.39600329992186534,-0.05806776520308545,-1.2709273348268986,-0.10193514903906889,1.4933013011142346
-1.6113614091605348,1.2051696118842046,0.8543418920335741,1.7851542718399853,0.4687613232716239
1.1355695909495247,-1.307135888463884,0.33362214427637665,-0.38241725296560114,-0.306141797339569
0.8596514127976513,-0.6304947688411763,0.46489362175228627,0.32618874607013315,-0.5477503771181366
-0.14370274386513077,-0.11910360779928239,-1.4969469631733343,-0.3150754627698612,-0.25349886739217903
0.045403567112329304,0.2636536038088352,1.032721069193501,1.1619773634141006,1.2007481086619554
0.7928867291521183,-0.4145472030484205,0.1403968323835054,0.15980969400349915,-0.18978328398245117
0.6055329468144831,-1.9026171405777983,0.012159831522176203,-1.0022788786587178,-0.30729527028967873
-2.0032442606149075,0.6525715829897301,-0.571948083569928,-0.8315034978198407,0.3355976376449572
-0.600245841971784,-0.5720856534751851,-0.6308157597987225,0.31105826903996153,-0.2727408638844386
0.7898565216630498,0.5769570249336391,-0.8621966023790909,1.1457249242984378,-0.8100402328252858
0.01966325865345043,-1.825469602122783,-1.2165871946404985,-0.2795975180748667,-0.1464294584692169
-0.46104085581367754,0.9813654031442046,-0.491809987927531,0.5868291135687466,0.711610377673964
1.5655101407143608,-0.6743618974326749,-2.124139372971419,0.09198317928522876,-0.10824893381596727
1.8900946661180227,-0.7509843932242083,0.20241146168802512,1.0854752035137851,0.7422834926405344
-0.30369057250879583,-1.0638948186671289,-1.1221309719712027,-0.2618365643683104,-0.07785888486129361
0.9687558777456949,0.9302561907665702,0.5787529083835083,-0.7559767924170264,0.7787135227862428
0.3837035466047317,-0.6950044878181336,1.076927126287642,0.15966835819177336,-0.1601183862340155
1.5027098037199227,-1.9324771739882929,-0.21543515013083278,-0.7184004770957904,2.059080206927079
-0.11758358891928833,-0.48261273588259834,-0.49774432573087496,0.08097470571705391,0.7766025430522249
-0.9984246710796209,-0.7151818493484812,1.078530167077322,0.4440436988991043,-1.0113653187797438
1.1671186823484567,-0.6754993189403723,0.475588318100773,0.2819097329288606,-1.1456825969672488
0.015148780391263708,-2.1245457984437186,-0.6117255996165158,0.6827405723862527,1.2006165167369907
-0.9026261030005032,-2.2530675024690345,0.24458881421785922,-1.4983430440903507,0.7659340114507298
1.3935109057737372,0.2212295092045999,1.7032637733462592,0.2606784982409858,-1.5493041961067489
-0.7180508925004051,0.5832354012234717,1.2102076445377323,-0.0817088689429046,0.9986009500444848
2.1444824291846993,0.5346775148026786,-0.1967335386086668,1.147775678411883,0.06258045962985412
-0.4540802845190983,0.6055425514137378,0.7829371734886551,1.1648298833202502,0.6415338754277027
0.6473164161143653,-0.958599933770956,0.6565575999781861,2.4977628433886374,0.7670821214562384
0.08680545550515123,-1.2560529702793395,-0.6706141907131039,1.342549238721805,-0.5086170619522198
0.3287853896703688,1.0780965951728052,-0.5767156147777578,1.2833756829040461,-0.09714491733983757
-0.5332388035580994,-0.8482311692978756,-1.6867211844850027,1.2675590005342579,-1.5552113917233399
0.31259691861908623,-0.2420941702516671,0.7407008978114548,-0.2864424640034889,-0.5448236212651548
0.07977554932091029,-2.621079106248729,0.685894682404922,-1.5571552897666374,-0.113892033721929
0.7235000470449856,0.095952126357398,-0.041106833710772596,0.649104938558729,-1.3095538616707618
-0.4477673108628905,-0.9096621461076079,-1.3097063905340367,-0.024092338581927428,0.38988382461477245
-0.31920593841132466,1.411255162987968,2.4401226859697895,0.1311854853163197,-0.387629044390347
-0.44884292485451405,-0.017458346589330515,-0.7896232540302356,0.42375864081550857,-0.49317679074626675
0.46011020004678116,-0.2736461596748576,-1.1860845946829004,0.1333168307093512,1.021403994712367
-0.44866841324466894,-0.05409428933632106,-1.3017576783048468,0.35200790481191996,1.256883936736411
-0.19879625582475607,0.5082210357081611,-1.1584701716470702,0.00919824067876803,1.4502516731765471
0.5611408940205475,-1.0795218500901864,1.4132459044501475,1.5396780624614377,-0.8943769368759539
0.12410234829300175,-1.6513753622380318,-0.042402879671875775,0.7005044822589178,-0.8120468022649192
-1.8418949641564928,1.4001789866716177,-0.32574911554931896,-0.9808260335218756,-1.7927963729586944
1.4847136435749104,0.3082043600964266,-0.9882514458632706,-0.4359982000263352,0.27808536984215665
1.2781514554632925,2.077943186732353,-0.23890761654391712,1.688594122376786,0.09096626133232623
0.478647280053422,-1.0997955254407565,-0.7066300204194103,0.536848511916393,0.052894917645549724
2.3110861617754437,1.3125484437823522,-0.5003582781438843,-0.6391379855303364,-0.8649349426139947
1.4434258113775689,-0.6746614959378486,0.1678406662089473,-1.0644889026538569,-0.5130963615683937
0.03489330447611345,-1.9895837430838272,-2.519056121576952,0.6875909821911339,-0.843642761873575
0.9592531555930521,-0.10601555813270033,1.1747361332574628,0.3938780759394615,2.3370292671158768
0.6180467995051988,-0.8527800123707043,-0.341441752889281,-0.6989175512087857,0.6940244642812545
-0.4427584126168878,0.33953221020581964,0.008992538992983664,0.34039134380392144,1.8982239490796549
0.12258988461813586,1.1385614652985632,1.948631726841781,-1.343640710269778,0.05906055034135002
1.3717904976000208,-0.9122400512492019,-1.6930565404884688,1.0338819012274387,-0.8569480657698226
1.631370174074324,-0.29058169251368626,0.6700296530762935,0.3543528310905667,1.1791679575290916
-0.2930214264563152,-0.08080982544441326,0.47729673420485,1.7826800698837053,0.8667801962901105
-0.23868911260438008,-1.1116444820732083,0.2936088748379174,-0.7115955338293166,-1.6884122767171001
0.6156827283033365,-0.6247884007712694,-0.6841710105601998,-0.6431319311686285,0.515505513085421
-0.5624581023376771,0.864661591664892,1.4198120844448596,0.20713909928109386,2.251824646629144
-0.17452955044730586,1.5370855217662067,-0.6035630489174347,0.5913018938862765,0.6881270629167869
0.8202402208311373,-0.8533387481253116,-0.15412752618622635,-1.3762659457768711,-0.1609693568684729
-0.40788331609797757,-0.09062457159178473,-0.6993086921257877,1.0686959348162033,1.2613928141921005
-0.13017180204247566,1.1136860294474256,-0.8886085828685332,-0.09384069828058306,-0.14203880237954125
-0.4160251806394737,0.154362676283091,-0.9365810019126182,-0.6981626458613867,-0.12409400800175904
0.4337873270764594,1.0521877323544861,0.5277048533855021,0.6099486089835047,0.596953118258829
-1.2798922660147218,-1.615260725407365,-0.49073723959234633,-0.43500884359955044,1.9998138684136768
-1.8902843675476708,-0.0027412739360697757,1.5379244121251112,1.5341194720502473,-0.8012119881904654
0.8840758785418829,0.13638722146235327,-0.6121532976634176,1.5426502031098606,-1.257657821863968
-0.20413405793653613,0.20131433347119643,0.8580974389704882,0.588823729230071,0.5234582910133649
-0.11478463698220467,-0.5071389544599821,0.11202050754025172,-1.5720936619895478,-1.0057534262339893
0.9697005464977269,0.3683996369967133,-2.0637078061122565,2.0910233456591785,-1.5946235905697024
0.9298429528528381,-0.9166989424461529,0.0022664472720420378,1.3698156328615714,-0.5347750455260745
1.8384023264780975,-1.684980095715237,-1.714359328029721,-0.3473803365651349,1.6654610223999262
2.4712711469422204,-0.8114238702270231,1.2549511146090413,-1.0483014315822528,-0.9912003188521639
1.191974160903635,-1.235899489018982,0.17494096769741146,1.5167474367362448,1.4302724775338922
1.419907278134039,-1.1815773642040655,0.9951823583259592,-2.3535360132038483,0.6923992533516317
-0.6649441013772384,-0.3285118797068804,-1.5308783886212927,-1.3406654739922281,-0.9698672460236231
1.0143602626893524,-1.8001963012593445,-1.4056575298661267,-0.7008048390052056,1.399920327662839
-1.0272096193953744,0.4166903179750324,-0.20550164812308575,2.146535195256204,0.45568487541438446
-1.744757144126442,0.8805040596402959,0.45056639643847646,-0.45578714271227894,1.6023791719905665
0.904211009326817,-1.058346295676571,-1.8454392727877267,0.6843412355405424,0.3358406463533237
0.7642037421597243,-0.1179219460794177,-0.5622947904430542,1.2756275362192533,1.7756942817026002
0.5343897576475511,0.3904558824410973,-0.651560995435659,-0.5826565621070047,-1.3877689710503125
-0.20702439283363672,-1.034821239956883,-0.37342134474810706,-0.7892858489298938,-1.1671655775335665
-1.2105638272590187,-0.05576434177425495,-0.8676000299815079,1.2639511223152298,-0.7386869689908547
0.9339872274272715,-0.6282790667356991,0.1677741730587995,-1.3790054568312546,1.9466608608821059
0.8979616095602615,0.5703107316199978,0.8082636843743358,-1.6908597102462803,-1.010646301413909
0.5305189455708352,2.258003733059243,-0.9357711458826665,0.5908447242478454,-0.16985208632776072
-0.15244643747930334,-1.4810258381471701,-0.9671388528175211,1.2442332712435724,0.5034172279206669
-0.026379813171057805,0.35233139976344596,-0.08669667178138797,0.3852108749449743,1.864415840930107
1.0699099064618314,0.14930866315227714,-1.9961097658258846,-1.7684964174954823,1.2144660117593726
-0.09298734856085657,1.8480206952818714,-0.44291572181919825,0.009768325984113887,0.7000086124690109
-0.41870071837697664,0.6596482782979544,-0.2956130327098939,0.3305163723319675,0.7329238349918786
-0.839251200391366,0.03248938129513327,-0.2710637785881932,0.9838748148333131,0.40895723090268743
1.359747324161354,-0.08918751913624232,-1.3273026321459653,-1.6374660768135294,1.0547743600570427
0.004594774725636115,-0.7852171065800126,-0.48028970419313305,-0.06675928727920798,-0.6381402715921758
-1.1412928171912777,2.55252635528434,-0.7631837957707873,-0.1543501782513288,-1.1230017480866472
1.5241849882876286,-0.5659868819726658,1.0872864211674604,0.20858183852535706,-0.7882706382017783
-0.9359214342026226,-0.21388839057719822,-0.33614417300355603,-0.7812933064497412,0.5539091134214256
0.31850492976500183,-0.46999524021741007,-0.4612917321829267,0.73995075725782,-0.7063450928515805
-1.0686865964322156,3.0602544280417177,0.54392603602346,0.425865531176075,-0.1103141213191396
1.4839213149320345,-1.003089453770498,1.1330606360554956,1.3724862907963533,-0.6676082170165114
0.7154366509998505,-0.28323689496111865,-1.3112195999284522,1.671088220342546,0.8004533556996085
1.2198316549631167,0.8973590960212777,-0.29712545713424415,-1.090083229719752,0.9313213910044355
-0.25530673139412036,-0.4460090635340992,-0.8868165552136974,-0.36926811674113263,-0.2230290798627377
0.1725803857415101,2.14082169585733,-0.5567867305828459,1.2560624755202572,0.8326019452024322
1.3627568796776404,0.5169958704890771,-0.6067884629588493,-1.2734668541655756,0.30973053544892365
-1.7462324833946417,1.6665451616031615,0.2416038272889524,0.5344967541481723,-1.742174980528815
-0.42523468822738425,0.6902499752276303,0.7985922767500074,-0.4797294864558264,-0.21340706164422535
2.1465278611131136,-1.951638478388152,0.33325073954380174,0.17613764643158497,-2.0091953128419995
-0.6436619342824529,0.1140755552502886,-0.9172824359575947,-0.19857193353083635,0.8331708181077672
0.7259286373544775,-1.9464560647541298,-0.18035632125317927,0.006530766590022054,-1.3549580347007713
0.8404984832103413,0.950831882273761,-0.9902903817480888,0.2470474256036932,-0.7805955603110899
-0.7450471155308636,0.5266065180227978,0.6713845462231071,0.04628552692144788,-0.14604211003086073
-0.5877258552072777,-0.9989027504919634,0.7177408824465983,-1.2867063630577802,1.0801318515902765
1.4760929558635418,-0.6369657721337477,-0.7714107434651135,-0.03252848970539027,0.8151833273455946
0.13265395441827427,0.4552431555429306,0.529183247945606,1.52901003007375,-0.6022336526568488
0.3096295764943337,-1.6624629616132918,-1.0912006776151026,-0.2507247429780183,2.802231244463284
-0.07831544432880864,0.8358794457917051,-1.1744951551190375,-0.5923125560041732,0.6639068695173223
0.7787268709921097,-0.03649973766766636,-1.2436790897370444,0.59869506104351,1.6222110854826914
1.905317934839523,-0.6728640876493426,0.311776182202461,-0.41970777384804175,1.775946001312041
-0.2480753442975217,-0.28805738109881407,1.2585789422676528,0.6605357293530147,-0.48689061590324634
-0.414942361391347,-0.1255043143209322,0.4440104227800556,0.5890777273550118,-0.46723699254549395
0.47368376362960574,-1.2629012502102148,0.07354699093752866,-0.6646409811536549,-1.2001399466800897
0.667501646684117,0.9779256241407784,-1.3782429453217537,0.5057581182307958,0.10789602736413478
1.2961513473618853,0.49620131372186405,0.23637661006541685,-0.6343616198531696,-1.2659691556565151
-1.1033231552011358,1.908279494769463,1.5718700699823867,-0.2250459397891236,0.13721479750680768
0.9449593683621271,0.6436811373643861,-0.5995503724790856,-1.9425599343279611,-0.7571648371683136
-0.9373335453210238,-1.3459000240948158,-0.8522324746263946,-0.7250945861739787,-1.304031711541217
-1.1836965944957432,-1.3764477784346094,-1.7553161246398414,-0.012779380006188265,-0.7452697507127212
0.5104408500760117,-1.520813489658251,0.5610992739347856,-0.11996794020357215,-0.7070536860669578
0.30496840549920307,0.15837999279586606,1.8000374884972021,1.2471054031948134,-0.12051873034208982
0.12831155662765042,0.9872544002355879,-2.7427910983025665,0.6217920833327111,-0.5864146145951832
0.9743671907329322,-0.31186264975037664,-0.5706659699123349,-0.5347209363177794,2.721784307934201
-0.3157910181253348,-0.08150645007444092,-0.7493841591505835,0.9008107753822335,1.8743096441836995
1.8264115139262882,-1.1115425706848467,0.2678364732473543,0.5349272619337251,-1.125697851106994
-1.1347349176750379,-0.07390733492796259,-0.6870213297297426,-1.3909228986650164,0.03557233980423398
-0.9846487725628543,-0.9129060354497268,0.025610768250051867,1.4540504948967738,0.7095937275367128
-1.7932041182740597,1.7080307189103465,0.7024312931919771,0.5674020770555681,-1.4341963906843374
1.2165233241758915,-1.1070984818777603,0.4597043839512846,0.1531049331700955,-0.43678831694839115
0.8572952012968578,0.9036069153355134,0.15744918539005504,-1.8976107381896086,0.1964512668282234
-1.1686453101549088,0.3520449435613214,-1.3314632013647518,0.5664953217330726,-0.7710099034192304
0.2976875840581834,0.6069387492968081,0.592424734174465,0.1962701631771744,1.3154408204665107
0.5155472851803282,-0.23733157262033874,-0.38906327173591265,1.1012048159981327,0.6891811417602485
-1.8108856123247803,0.24214454307538402,-0.30117403516307323,-0.4166393074816477,-0.9029343646060536
-0.28939455506330647,0.8518557406211069,-0.28546812846095676,0.4272412101718714,-1.08532941938946
-0.4332036577931378,0.33378686010146535,1.1403454778734496,0.33025920174448437,-0.7821053008425797
0.7785443252097541,0.7077353900665505,-0.025955697597063423,-1.4352721003929727,-0.7856291365503103
-0.8291100273419901,0.9759900841671254,2.1109105578422205,0.13383272116735195,-0.9429754335924714
0.6197150719097702,-1.1609126671434284,-0.14854407452018795,-1.0572947749896549,-0.04119805992884643
-0.05596606040348113,0.0940053229384579,-0.5996270474240498,0.10065059081649902,0.0951192038574249
1.9088173849926973,0.6316229918088543,0.012794099915361977,1.5433382191667315,-0.4655318508179627
-0.02925598031674805,-0.3347307586449741,0.8073825439799042,-0.7228134223564558,-1.3033805109781211
1.92115258112974,-0.24261493713206095,-1.1387603245884539,-0.4239318062138297,-0.2036275034830891
-0.0888222473225315,-1.7583339684760808,-1.8094704597678073,1.169377170996899,-0.06399281156184385
-0.4933772835551915,-0.7219959532585523,2.648870106714337,-0.9766721593105413,-0.1375948787682003
-0.49938753334115177,-0.8584890661768892,0.17482425549538985,0.4730072248787136,0.0752418907978855
-1.354787562834862,0.07026068296220872,0.80961781561484,0.4141122030825965,1.0410602416832055
-1.4745177870260457,0.24083148617101982,-0.3380117628221565,-0.6389147195885114,-0.036744863123367014
1.5644156957406772,0.6596954925200261,-0.13314297359937238,0.6499791547529512,-1.7445870292467087
-0.7250360968865486,-0.4545487017185476,-0.9191453623209871,-0.6040804968202153,-1.022577420275768
0.6327337033066275,-0.5149302687548867,1.84928216426059,0.09582601531758876,-0.7431111581975907
1.7830833905303496,-0.06337726101260012,-0.8579916891928799,-1.0684856261438798,0.7089752747767796
1.499441741182749,-0.7719861237364983,-0.5648431419267184,-0.413748223973134,0.13009921629652585
1.1992776467665172,0.1642710896543824,-0.623986776639383,-1.7710734765125595,-0.839898615492399
0.7087032986424542,0.22497935369859365,0.21266362407945288,-1.3456866445110474,-0.16258950704118644
0.10512408731717399,-3.224271133091863,0.07020889760579926,-0.40244762975412246,1.096810425919036
0.5927184728004977,0.035511075817471864,0.5951800459950327,0.2924945942647289,0.518698272165091
-0.9208933456972582,-0.4947907669722359,-0.1413973209262517,1.2942820727515316,0.46749962371798326
-0.15647218547586775,-0.03048075637395114,-0.041827496195883176,0.3436307881174839,-0.6974722916906169
0.701652584355533,-1.873274261824898,-0.28471614000323986,0.4019332474331124,1.2570858310509119
0.23045619006444154,0.6736239804852324,1.1309399769582689,-0.9745491524711054,0.08586336736152378
1.3281051404006738,1.0999918871446,1.371213204453293,-0.6749600759142588,-0.9241131425284956
1.5858046686877465,-1.5570142440269605,-1.4169886340822493,-1.0207347240342786,1.3909446524134865
0.2038874707136094,-0.9412623320823519,0.41747164631529904,0.49974189918459677,-0.5454769019258084
0.4728668918640049,-0.8116697813389913,0.35313767645036603,-0.5212873515094442,1.623695225191827
-0.5560682103554895,0.12924584439141218,-1.5730758689637772,-0.7583391924740678,0.1447564024078738
0.14415769273649381,-1.0322013509557597,0.45512866098564947,1.6615142639500902,0.4414283627011055
-0.5119740749287384,-0.03599626401334744,0.0756540325460921,-0.5224848275346986,2.2571736615035776
-0.8254400463024261,-0.22771020550441276,0.8772255017142397,0.792804924146663,2.2555144830851015
1.0557888089936,-1.5971933282747486,0.7941828673941629,-2.239054177492003,1.974315681625421
-2.8842562937899965,0.14324335104278577,1.9070188479213899,-0.9795350282734855,0.257932877791774
-0.7542025328543743,-0.19028959436978513,-0.38551570048094785,1.2199354915956147,-1.096989590018208
0.4829697111180395,0.7727619079416969,1.3712711076511837,-0.4313013890472195,1.9565418480041992
-2.259526198466388,0.5526393989572455,1.0407291500333709,-0.9188057430847931,-1.6663235075426386
1.8284858271607702,0.24626731886307374,1.3796434763986247,-1.2704582669658642,-1.1539792243775224
0.8086515858506305,0.9261651331154732,1.4341425274800215,0.11504556208586991,-1.5761732962948904
0.7069740665174816,-0.052070076825813695,1.6681933028580267,-1.2586959103281932,0.9618009683266354
0.646567807314847,-1.5873976995691943,0.9108857395708886,0.010180702533916093,0.004374155413441923
0.18958008558451267,-0.28226158115851796,0.8042367665597149,-0.33921185617003474,0.41836321273014776
-0.5529327336367352,0.990119967235517,-0.02832202411247491,-0.7019028797552127,-0.32868133734400884
1.0230501271458985,1.9170304011836456,0.8667664702505589,-0.35398010449733824,1.021766928191671
-0.05979170770319301,-0.4956379586577796,2.030273858614775,-0.157619943542293,1.7073971528515284
-0.21831915669895033,-1.3925707994884233,-0.4484318862273995,0.3979158371706625,0.3193011111190659
-0.099422038437568,0.8063511333698123,0.5574188249645079,1.5244717757019854,-0.3250050273112075
1.3928269686157058,-2.085822739938689,0.761058165760006,0.0371310321448844,0.24924082865459113
-0.10647335833420143,0.6603402641443978,0.880336732939802,0.7477321844508205,-1.230388762546324
-0.012019555011408492,-2.6830941172310534,0.14142607420952016,-0.20929496872468792,-2.0531304953519016
0.3236404144970256,-0.8693129372092377,-1.269094195463884,0.7798867753579876,-1.1645005820465157
0.3658790089572357,0.8233527836240092,-0.18381898284466067,-1.123632011105917,0.4590186787440963
-0.2978902602234975,0.8947360350802477,0.29277446256074213,-0.7702896807912459,1.547996389520256
-0.005126636396532518,-0.9308637745453106,1.1047690191617074,0.6543169770322337,-1.390611754577808
-0.8404646987565147,-0.31525395049569194,0.416554821262838,-0.304751345985195,1.0427496989033633
-0.26733948825852655,-0.49895602363251484,-0.6082900856637707,-0.9782674398497392,-1.5701330222845318
0.401290032672506,1.7268124009160604,-0.2839072034574782,-0.9693402172387829,-0.21674684839804673
1.3778227102991947,-0.3316269226243232,1.0660699402045082,-1.0430616236048158,-0.035775926276562245
0.6407273227096776,1.0967281723868583,-0.1556427509198529,1.6263592738055022,0.5310508908410778
0.5151646240897763,-2.275287274362931,0.9656767139192511,2.015528791750583,-0.07063296506894867
1.0107551931590149,-0.5767804381495382,0.0853008798735134,-0.0468248261205908,-0.4642132386208831
-1.0654460685306195,-0.781462441413213,-0.16084957503686312,1.99602233582123,-0.7488657395540264
-0.46636610812136675,-1.2076622379625448,0.6284145689508128,0.22051594953463874,-0.8510247441428666
-1.160626040681341,-1.7076625749740983,-0.30270592325467865,-1.283964952498499,1.061060260251794
-0.27679100714350136,1.0534968324769238,0.4166492020351627,0.04783180845048677,0.024557449940994583
-2.177366155008877,1.5889674611542353,-0.6025718645115951,0.7795543492410814,-0.5059366348783225
-0.394839477933511,0.1785078372762595,0.10511081334681313,-0.494390604829684,0.23452268444442448
-1.5544993270446141,0.8311066346520976,0.5904546071185192,-0.5270816958553517,-1.27206873829507
-0.13287421295849616,-0.38371844424684814,0.7410757084409726,-0.767846978414616,0.11851716693009476
0.13356119761369958,-0.04928868630982157,-0.8543435182567642,1.0345043419051345,1.803920516770502
-0.4533669103861841,-0.0691517507606682,0.6027272019195425,-1.5578978156684604,1.6836329407839616
-0.5827339631995073,-0.09825808654572869,-1.256135624409765,-0.2670884148253803,0.2989007386086075
0.00037528653008337277,0.09526971621437817,0.03318989973606424,-0.7582777831277534,0.3413550809894857
-1.2394034002561245,0.670736311301563,0.7342003351142393,-0.1780928376305558,0.5803806162183092
1.2708405450916063,-1.754507885037406,-0.021747868307206746,-1.0076786084976261,1.2096435460563255
-0.7967748232980576,0.03138722645585999,-0.3843762682900602,-1.2462722450173738,-0.3653064581831403
1.1635806201086112,1.038108734090865,-0.5816799240126449,-0.8606425522304001,-0.8269143724338025
0.9880416702534287,-0.8014661112287299,0.6134760697311423,0.2635213059806586,-0.9137661752139816
-0.6548305052477593,1.4981497357103999,-1.9672574961932592,0.2625734562622696,-1.1041180358458158
-0.6963675942406492,0.662819929249176,-0.03275965356196265,-1.5671888092100057,-1.1399734919657187
0.9464962190229111,0.061144168720753476,0.4789505354482966,-0.34147148793119103,0.09904570341936943
0.09478437062988367,1.2406649416249032,-1.4095003807016973,-1.4637339623146035,1.7385453941373208
-1.239073205599347,-1.0884698764125427,-0.8252200440134798,-0.11289925232697443,0.3747489304398303
-0.009014218858946745,-0.4904350229419284,-1.3167963034499053,0.4256086768506166,0.6219471717889926
0.5494911077969558,0.45207471033165375,-0.8150183670219505,-1.3798289745354964,1.6342973414599644
1.0958364671015979,-1.5148045260743757,-1.9022879099497112,-0.13396303748776558,-0.08243895088490209
0.19608442007386884,0.07998522677887727,-0.34156617789643773,-0.16236066436440014,1.3255384320722394
-0.5369374296944268,-0.011907557329116207,0.3083899912101016,0.9097986407446611,-1.0356793904079902
-0.18830883841095963,0.987246853675987,-0.10574052889829802,-0.35876973465447554,1.374444614320503
2.1683635460507737,-1.0031291137213763,1.8624011914667766,-0.20348074545792305,-0.15125114646818466
-1.9023567978523601,1.7813742247870723,0.749066369856287,1.4733490076377669,-1.9263251235581536
1.1236545935998588,-1.5679418141629793,-0.7715153708404527,1.0791983877823836,1.022146360506009
1.1669503520782727,-0.46404093699640486,-1.8977496554755924,1.0340432164560944,-1.6244780301292383
-0.7107604251827467,0.166896305757649,0.7757443806610609,1.7049653113759309,-1.254181980070051
0.7015753528009999,-0.7510446973549207,-1.2914983354680718,0.2549544719050103,0.4709020120715804
-0.8660337981256928,1.0583961213099038,0.8166158031319318,-0.06516803813268311,0.3558215556013736
0.9433066743833642,-0.8696486141322396,-0.9014059461558116,0.484288572846097,-1.7330366524640526
-0.563422408569776,0.8165948077111606,0.9696448962148843,-1.1180232352916502,0.8706413189145598
0.5876105726021782,1.3010185430434873,-0.3996830412737592,1.1713502042463384,-0.234805047920758
-1.554903620949647,-0.719185477420403,1.318460727160438,0.7241840914872074,0.6561782539894544
-0.944105911577244,0.021506657915915082,-0.2601710701781248,-0.05107206313377484,1.428206197863229
-0.9513257886458824,1.0126548873896999,0.44613660870400806,-1.1927971971291709,-0.7410173807564496
-1.2940717330929126,1.6898746309969017,0.1788993326945956,0.8902681993286451,-1.0987136267876716
-1.1701320999032676,-0.49031314409018656,1.1814467902611323,0.1717552902400566,-1.319481779843118
-0.5232456677465642,-1.0814746062622578,-1.13389633856565,-2.3434708656217986,-0.3543606908356141
-0.1896917372241516,-1.9048645153059554,-0.26782988627631243,-0.5594243053682881,0.9866469647004846
0.37963796267597616,-1.0377631909035796,-0.023440167808466326,0.3371253221331009,0.818392467900168
-0.09977264560144787,0.7133356817997651,-1.9381659661884632,0.3458777570466038,-0.004942963412668571
0.7920882499776821,-1.2822074813115707,-0.3676335611792775,1.0762864394089091,-0.8051264137832305
-0.6367063250926633,0.9707237657734946,0.30071812332550946,0.4677296474640977,0.2770675908272212
3.058815437556333,-1.0475168417632408,-1.8270009814482118,-1.0868041048135675,-1.3287420369875087
0.486384338122084,-1.276533542808062,1.2132641382437792,1.4618049193897933,0.04247817645532759
0.31049084920974324,-1.0560856165718475,1.4973996902385305,-2.0904334677017995,1.2294969687154973
0.5337985642023197,1.193404622159469,-1.566610911271255,0.34602676774741864,-1.6339958853966772
-0.5154467839729266,0.8423345844389108,0.6876505136861865,-0.3329521805383732,0.2790832809645898
-0.4495685830383865,1.3126382572493431,1.6851099578620994,-0.024490582466720912,0.5812394365270329
2.415066211264428,-0.6555775080458184,-1.4401701261145181,0.5898795376422129,2.4907131882854086
-1.0817171749914938,-0.4486582705296134,-0.07035542528434623,1.5082067164893322,-1.2145085981732906
0.6098935500602286,0.2741445924040912,0.744813094530657,-1.7785408502324622,1.4173374966109582
-2.0810675273365744,-0.6398683679584217,-1.511010899996273,-1.451618905639144,1.9403867292520744
0.23352213743469333,0.5958707479179728,0.30821131400006985,0.4212201107090937,-0.4463620304452105
-1.5682085597526247,0.48001246655167495,-0.43593393292262445,1.9338171001747702,0.02315300071375554
0.6614155719177077,-1.1680684729339093,-0.0030928816266159362,0.9077320490636468,-0.37930567890803196
-0.2821830981869304,1.7718434358247006,-1.108464135978005,-0.003200191306152896,-1.0908950902093446
-0.3440376056251807,-0.2330025175415981,-0.23041560657844176,-1.256464977044894,0.11649844763149406
-0.31953369429035516,-0.3424091667004642,-0.98603489100822,0.7956634123165482,1.0892218159094431
0.5150342174800745,0.3933965544284072,0.9033913709813779,0.6801215884154416,0.21518939658094527
-0.18619290164901084,1.491600043538739,-0.8219784848947963,0.8610200348187109,-0.2886012478103463
-0.04534597938094423,0.18289894461705916,-1.100488655732199,0.5695020794978067,0.5226966586664153
-0.17380128561497576,-0.4648412136592505,0.3250750688290564,1.0561027253541384,0.19825081542509393
-0.41654594221617747,-0.34829240831420294,0.20642230467295256,-0.8641462794798059,0.44716734567505434
0.29788582432502897,0.6183308340869001,0.7082409180378839,-0.5896705185672471,-0.29362468439416295
-1.1458438003304312,0.25497085660806956,-0.6148204420290001,0.05790590797259436,0.29051477996553204
2.1710971966704213,0.8279247301936244,-1.2228146265225417,-1.5277790730012821,-0.30270773989472904
-0.4405208312350514,1.0301792227981912,-0.28907364390437407,1.1661231379073902,-0.20361275236091395
0.013754514540891464,-0.2472355646623328,0.07613519264837942,-0.888019734544386,-0.7685725895840287
0.38868693948185434,1.3594472884474387,-0.3574449810263569,0.2931086801165229,0.4945612570393722
-0.2728636474305558,0.6845790225610688,0.6595567896222184,0.22426182211403756,0.13665661848758942
0.5572407744216635,-0.6822096838374389,-0.37648971796491454,-0.4704565756682834,-1.457059079541628
2.3050465473353534,-1.9492081930023053,-1.38538498700873,-0.5659880820321733,-0.2816095238497079
0.7950608948794909,0.227810565019922,-1.1576847676577833,0.8946982297383846,-0.6805356520707547
0.5325615674989518,-0.057225544546455724,-1.1468072793015827,0.27284514800089094,-0.4817915348463529
-0.17632401908791165,-0.21475265312660302,0.060999854685227214,1.1723288510925745,-0.28859020585188266
1.548968029606031,-1.412885778716679,2.090983684808476,1.0236019708982673,1.0628813080543091
0.31692839024144326,-0.8233015852650091,1.4250150820290772,-0.5048561199918452,0.7888717965463662
-1.0996968122191777,-0.8908693891550502,-0.708152110982407,-0.009748731572081408,0.09175032390752011
0.21345488487255965,0.5314570684591478,0.3288577805763156,-0.3212383902946172,1.0880857835064375
1.659620590179039,0.9381955154471224,-0.6533964827848234,-0.26725899118717933,0.23792851708390675
-0.7448985731786963,0.5325514682124758,0.9920812380759064,1.2341695937614687,-0.8388917161119227
0.3358500276925085,1.0122671147423548,-0.4517833341037888,1.3085599637912182,-0.7700300518058285
0.8873089983870607,-0.8058135524398894,1.893025678917433,0.22708083359010106,0.763594337721127
0.0026266187080071918,-0.09211640560961067,-0.5024757946684291,-0.9798584922963409,0.025226328574028636
0.8289628730835149,0.5215907388173969,0.08726621707931502,-0.08473086699687536,-0.20249391378451032
0.078795905921909,-1.3724877208485327,0.3112684266641407,-0.6426526350554849,1.3410318847146905
-1.7233188665834611,0.7864637175065279,-0.8664796216445847,0.6990089596507278,0.3626924900843809
0.18457793049435267,0.7186837941413361,-0.7156465447719677,1.8088669239858788,-2.191654521038875
-0.5878160889657735,0.3654738806368253,-0.63907475335203,-0.2189488810486918,0.638387826105384
0.45623900911014303,-1.1754741580065622,0.23180418396673222,-1.2761170312203536,-0.5359043154503423
0.4743110716276773,-1.2245691292458445,-1.3796584009269446,-0.675955076160408,1.3419166551640132
-0.06289244441862148,1.1412890665375675,-0.7759596726831479,-0.6641359223047794,0.17469675461439566
-0.955863841973581,-0.8744072016978904,-0.7234343409385197,-0.1732166022088234,-0.28630687856491394
-0.20739822582235407,1.1443731616996653,0.46148338037827186,0.4745734274095542,-0.9425634502716251
-0.062252837119363184,2.4278636383447125,0.11504223445768551,0.21536664316834597,0.14292725240660392
0.7727472237049446,-1.2194822007690929,-1.1802152232033496,-1.8074225311424414,-1.3277498489600574
0.6354436409588958,-0.9588287649542578,-0.16907137201366487,-2.209930568930993,-0.15864411709866982
-0.23097170608041342,-0.9253996525837258,-0.3063380431347454,-0.19831784573429492,-0.12480017358293481
1.9016488969182295,0.9931739675405624,-1.167276659548729,-1.1593536610632458,1.3214033610647435
0.30045642124415667,1.1504500869164536,-1.3727366627291289,1.7893462158840356,0.2824448584968831
0.6635058739754713,-0.5690879518935632,-0.10861803553214723,-0.027481849004158156,-1.0321138191515267
0.3699705190743657,-1.8283882193147933,-0.24964159917000764,-0.5142222834573479,-1.6331705260228448
0.656902102376914,-0.3693118749515996,-1.0148011442838523,1.0548893854097545,0.07494574774025528
1.5871956400857377,-0.8850190541688959,0.7457522945746985,-0.1771675468345944,-1.1874633281610372
-0.2755899247758308,-0.05804089865501691,-0.018710480235657297,1.0903895051617052,0.1839574581734411
-0.7426977061762696,1.1106350840291852,-0.027141941205772225,0.19550391841510809,-1.8501276509099485
-1.8570108901725273,-1.1322090375812432,-1.544221797952623,-0.727057652525161,0.20483848887926212
-1.549416985679697,-0.6782679127359496,-0.36744120340169595,-0.9693453329817002,1.8410188201851678
0.13589631843290262,0.8027742689427809,1.640343624943547,-0.08008764018605471,-0.5379511279757714
2.2624505265534025,0.8100766172084852,-0.24903596775424927,0.6679327134121597,0.21322719645849256
1.258779872777535,-0.2606556767368739,-0.9849516799496798,1.933093354427262,-1.308408468701859
0.6646298972156183,0.44145346253070683,1.919628666393678,-0.6384633292750714,-1.0247716565779015
-0.6437758136451555,0.5513897402811714,-0.17997092069088577,-0.4753891886534344,0.7645707463010493
0.5226151069173888,-0.8201825076002687,0.4172906196057779,-0.5018276720489361,-0.5216450234797944
3.123932256521857,1.2648616133401074,-0.6890412699223893,0.6404266205824206,0.45786653008904654
0.7828203644545314,1.2881947782918095,0.9180603409043895,-1.3984588787677097,-0.1498325523025113
-0.9608315097698928,0.46184393070107,0.7430849122750305,-0.3715246219751322,1.1371333876566259
1.6083051578820315,-0.7406998523726659,0.0801559063888731,0.5060555892830683,-0.25530246698022524
-0.05352638459608773,-1.0979566291664744,0.8953616617793552,-0.5660299170215911,-0.8151623899603558
0.6143073843311555,-0.006101156904840638,0.3950007187271022,0.2893282066327946,0.3765326731584091
1.3889364858213387,-0.9659244619366969,0.22770439500233228,1.4505562434071655,1.0608338043364327
0.017573828290421464,-7.245799846259456e-5,-0.5382235081993311,0.6068477132096842,1.4468723009170281
1.1650816112553382,-0.9373577731379745,2.1756010074971543,0.25061711837262945,0.24613639254488998
-1.3836006241839265,-1.3759089301195577,0.16596001117305717,-0.7556638178576072,0.8531252432459974
-0.6334841885560023,1.4239313050904143,-0.9542204147315206,-0.7255898241005942,-1.5556873741783113
1.1101353539482197,-0.3253054044022925,0.36367448941002156,0.3793240424534996,-1.3082759871570147
0.00971094319634449,-0.9070972596582171,-0.7017536089525203,1.3028935622119577,0.03775973642032356
0.503946149656173,-0.5786686774330952,-2.311132072239898,-0.29646883824705433,0.7866486624728505
-0.3611508048448534,1.0858215699998748,0.8868046125550485,-0.3640881674759762,0.23603468759601073
-0.10553625293094053,-0.6896015645970346,1.424233871367065,1.306132823734177,-0.3046224864998316
-0.354826602263713,-2.137509153519491,-2.2334121397632947,0.7175028806214632,-0.08307913695578027
-1.2788903893704346,-0.26231716439780645,1.3836278563206257,-1.338419965734496,-0.46940295471199023
1.5205615428708548,-0.2226321301842502,0.11829745572526876,-0.3757926933590014,0.2638484858531136
0.7051553443986056,-0.5664917144033211,0.042632299603941506,0.8118847220784842,-2.3427485352445014
-0.40952852930300515,0.02497930954584008,-0.7932337981739137,0.2565285737829581,0.9529379608569386
0.0015344024808193698,0.3939993475062531,0.4099847556544387,1.9388953143448113,0.004883031876133627
1.5612365826874968,-0.5832997706224924,0.22182326107049166,0.3319359000132133,-0.4256379890913089
-0.43990543049848513,-0.19213570434597407,1.7331795155812404,-0.17971433072724619,-1.058426263258369
-0.4892169999348515,-0.751596249306395,-0.9713802150008001,0.9649132943722468,1.1110774771009588
1.0478703174288417,-0.5972427858068128,0.9694763961270032,-0.4688921928217936,0.11374669160692968
-0.3168539533519602,-0.4970105572918229,-0.15046696471144158,-1.766926359641502,0.8937900467526428
-0.4135663081867445,0.7057468249453275,0.44813331360324427,1.091433077475734,-0.17679244919559348
-1.3208594296282463,-0.8619276188296938,2.290204614094182,-0.3316739720562775,0.2767534231051234
-0.884772505205661,-1.0578201013388313,-0.6817515123133737,1.1688354562790466,0.6083579992521717
1.1531227479418726,-0.17973108533345192,-1.6054348845542965,-0.3723899747125813,-1.6603922947804362
1.9584163588876022,-0.6943946923908806,1.5621340898536251,1.0379609154723404,-1.696840764639997
0.8338355103470008,1.430183854937985,1.6132107428158806,1.3671198392275343,1.4571065997193597
-0.17042620993083665,-0.5661891525582043,1.5221411364686557,-1.4909448259742952,-1.8423179339436935
-0.2605390435995398,-1.6690922561588073,-0.035007176209502215,0.09842296294629868,1.1730994261120828
0.5017362067455466,1.5679187474193774,-0.6328071462367101,-0.2108165121251575,-1.3636617158051556
-0.545928072025489,0.201161486766134,-1.4417620137870162,-0.6959436830209049,1.2423699426592374
-0.6803582032789375,1.0473661565169292,0.503872181112712,0.6882133000139293,-0.008683617470590552
1.3656193015263445,1.2114234647155047,-0.7064253746971163,1.1745066677704574,-0.7248973991112658
-0.252536192696739,-0.04844065758206398,-0.9226578365732993,0.18427202182377017,1.0378133152783444
-0.09853074986431193,-1.6095029756261696,-0.07716793690995537,0.704640308278669,0.31127315649879106
-0.72499752126298,-8.097630163057556e-5,-0.008798287036328374,-0.4293877039600049,0.8031193192674105
0.24535294194492577,0.41627114398916104,1.0202306830629864,-0.43454815085603804,0.6630830804940899
1.314882627495728,0.4667632751835805,-0.16886383671812988,0.8566927098453929,-0.740736772633423
1.1760270374304256,0.1741040047433578,1.5552746742898622,1.7190901676776322,1.476124838982015
1.632265898703271,-0.7900793920607315,-1.0344048379456072,0.6618949496831673,-1.0760398511921765
0.2838983217534525,1.3348255398001907,-0.5431037669828366,0.6497881569101996,0.3138640508038216
0.6247056920627886,0.8593138769126198,-1.0555390590932725,0.9042779945052967,-1.4223081211293949
-1.5166329972021093,0.28923410386265375,-1.7691918345538973,1.9497050991962055,-1.8822774178561954
1.6280260010823389,0.14991735811919213,-0.8114111643251688,0.7766676715389021,0.0251344208219973
-0.021743978925510624,1.7658505633302435,1.7475296592018028,1.9019683850962397,-0.31501403419136476
-1.331404856807749,2.1742153922140997,-0.17795409846412125,1.3587427969978816,0.14738255354300206
0.5565031299437552,-2.211614965667193,-1.4371846854197836,0.1815826334240448,-0.06627671216570052
-0.18348757070641528,-0.2987352558104822,0.135792247587999,1.468273672344605,-1.0388827564381584
0.5310155774051538,0.5259560933053911,0.8504576881804998,1.0458219098463617,0.692834262712759
0.34387828056478686,1.1012561566588488,-1.4062487810535391,1.0586066242843386,-1.945687350634357
1.9514838712050913,1.2397851929243293,0.8426504920822813,-0.9571070761403514,0.5350293437070178
3.105888214012483,-0.8841068067062412,-0.5423702606758853,-0.8042038960672623,0.047901353958491696
-1.17475540487599,-0.8301960511906876,1.2054601476697386,-0.6244503246690144,-0.31846322745610733
1.0677720363356662,-1.34248878347431,-1.3020021839361744,-0.6724584606369358,0.25520649783615607
0.7592168266831076,0.5811240934206324,1.1985145570216929,-0.6552207936987713,-0.738244620644049
-0.33734477295301896,1.3630290890200643,-0.2893014168198484,0.6396751367803871,-0.12866119600273174
-0.002350671436645176,-1.3764537841074982,-0.1751858336121347,-1.5364827662819434,0.7738090838991478
-0.12260680711484882,-0.8708895294080164,-0.40835655332247667,-0.02410920356644242,-0.6214293128071092
-0.6610620895883252,0.9657945648059628,0.23386122975071472,1.4188181317149515,-0.613196709476414
-1.1263991333098575,0.2231485648630238,0.010564829910679335,0.8589243129835085,0.7557120458767982
-0.4627651843347091,-0.19398545360811326,1.4776317760257085,-1.0769268539317618,1.0338872693275172
0.1420850351109526,1.0383207921025557,-2.2883487267072105,-0.045839934626568796,-2.4715335888080556
-0.09462443375210706,0.8849368620309542,1.5907439374499692,0.7562404562137804,0.905837085444329
0.559844960766453,1.3670302235840108,0.920491198961235,-0.24127607978956175,-0.027184851569475667
-0.6185517764630138,0.33506181424158643,-1.3660563771938943,0.3296052125135197,0.12214180313522677
-1.5679920188727523,1.5096662468929236,0.6737504700835004,-1.1800043623962346,-1.9046955689042462
-0.07045313718122274,-0.16421446771129003,0.28091306141288946,0.906601978445587,0.8157139254034731
1.6627802418185078,0.8420654436302867,-1.3884060570459285,2.042275753958964,-1.6152944485882883
0.5019505093591515,1.738818450608379,1.4490046185111292,2.3352581022636776,-1.7671274372590413
0.16501219207310075,-0.16582368649330473,-2.025478114814401,-1.6586086460535923,-0.24117941438590332
-1.3687567441497541,-0.8264788377401527,-2.1445619058570133,-1.012302340900919,-0.03776308642059151
0.07186854201299271,1.6619984970941535,1.0785274415427748,0.26101352690211155,0.9178294799413385
-0.2681588285062814,0.8156271502636648,-0.41768361554300537,0.17857845240363907,1.4597499694257208
-2.4002764959521588,1.0184684566852815,1.8294596154005622,-0.45906689037793813,0.31843900503918565
-0.8514281464574458,1.8002827359499303,1.8317789610864659,-0.7097664127369402,1.1810577354134548
-1.585578125347729,-0.32903835164189077,1.7710097240372986,0.11395692312832746,0.8911774389059053
-1.0914090184075655,0.5737532178145404,-0.17088916132744061,-0.5195631438497885,-1.2140515400231202
-1.7575182918046657,0.32457247078310086,0.8046605302634472,0.4287433334543219,-0.4168642751585872
-1.2317813906223314,-0.7895784859163387,2.0704581452702824,-2.1394707391511445,0.6684114952674132
0.6252715161801327,0.11415920969002777,-0.4045215326178969,-0.5293507900156528,-1.0815350609762227
-0.9779688507739271,-0.5051504874335662,0.4033306619170662,0.4062470867011205,1.2443091532581196
-0.014518111068041814,0.7666511817632166,-0.33442334569490706,1.3100554916412839,0.4082955073313632
0.14453537552884485,-1.2841518893910477,0.3546249855553527,-0.42789152262641794,-1.4229571039798616
-1.0746773534756666,0.8048659556749755,0.3152343976142844,0.8741447121167082,0.6786613123500088
-0.5313436463598331,-0.22411950013431983,-0.9549550265260758,-0.11438922350434982,0.37297160969781706
0.0506350204806084,1.2404042007533496,0.08384534841067061,0.5416535405242827,-0.611089584272963
-0.25715435235317763,-0.8081608165160289,1.7632193529639153,-0.4188900036588346,0.7599515338224703
1.1893548182722216,-0.015107604327842325,-0.16827263307980442,0.9478430962410932,-1.7645879749526838
-0.6974706275775665,-0.4835699224363467,-0.9555652228818099,0.5676800643729731,0.7459828644493649
-0.8071412394208591,1.668173625719723,0.21520253781160784,2.141804605740201,-1.0331436250221029
-0.2687896561771231,-1.2692743177084107,0.2330654680141835,0.8767840330647052,1.9086640796762906
-0.03813991155696822,0.7269755046505484,0.1534379177516626,0.2488988841314734,-0.1249912320204742
0.4862794589363,-0.46488058935121807,-0.38503121842434684,-0.9754640609353029,-1.810560397548451
1.3488143775036205,0.44675804451043116,0.49346489541341154,-0.47992679638560876,-1.7075135248768247
0.5220811804098565,1.226502932250865,-0.579255040840148,1.3502784290396548,2.423989009090946
-0.3863419483859837,1.8971393673468906,0.7354258283101786,1.3206591021074876,1.5547262472794
0.08630457278690937,-2.427243668006589,1.083741641877376,2.289389928575939,-0.42645992021486706
0.5622555206311542,-0.4523063135716227,0.8000986549368785,-0.6616661328449954,-1.3358922577373216
-0.5617331937611056,0.6398459317896541,-0.603666423983262,0.09001712384730165,1.510650762431828
-0.7444886677403394,1.164608831424018,0.4960373496935785,-0.45292841060702865,0.14753636123972821
-0.3531701046608696,0.796231172498041,1.7619408030407857,-0.5764442582669691,0.6660244303063553
0.3010600465868292,-1.9853844680595183,-0.6223522080702256,0.11599193417110716,1.520272390729513
-0.6028779229695094,-0.5769285673963477,0.6496387234661682,0.1879597949366257,-1.6523963732117875
0.9444981154705089,-0.6280085490764089,-0.6456796570041246,0.7031660979094647,-1.6671916795317596
1.0459962347888723,0.08228474810361318,-1.5657173633507893,0.47241003592566133,0.11991344897197054
-1.2912955466066964,1.1729161908095058,-0.7848368243954796,-0.9287208638699376,0.6869078846254941
0.7730072147357093,-0.253827854675046,-0.9242627155022073,-0.4183821992037749,0.39190457040727505
2.4423827893524837,-1.6526336583238848,-0.8828399503871874,-0.14947090549973674,0.9170505605034461
0.990265561174602,-1.469385756058496,-0.4905258523058734,-0.038303196987838545,-0.3713019475602097
1.5898518435339293,-0.6659341140326384,-0.8364723164340652,0.5776102266286633,-0.2879888730777278
-0.38826943930929975,-1.3651946336804215,2.442238227363378,1.1147259546959498,1.2102462675363608
-0.6813317987445454,-0.5602936274003145,0.15907165887984034,1.2474495118877653,-0.3077084671900282
0.516933871494739,-0.8495953955990792,1.4991124597123853,-0.5100935722099005,-0.7688564196270314
0.07719373834923961,-0.34126287831846414,0.8322149787469613,0.13788095013037252,0.054500847875058885
-1.6028932508907077,-0.5700837480902251,0.6867312778438132,-0.6390140302245667,1.559037869692172
-1.7415886739719995,0.09722535550286152,0.7255432673149125,0.027597344432360726,0.36090622561133384
0.9255045738491713,0.7288562682600391,0.23469373141788458,1.4023205421478522,1.15752049896054
0.6067738622344617,-0.33954163420994943,1.2924441541904,-1.48752347808948,1.0646913781328358
-0.990701723689268,1.1902546485768892,-0.26559658975851763,-0.9471121290878699,0.27056397469393456
-0.2862360732686688,-0.43092439431843776,-0.4042109893939793,1.2893729415660324,1.0902170314023736
-1.4726496345192632,-0.4717161253999169,-0.7162068742074628,1.3535272537457168,1.1607699433605518
0.9746587805306125,-1.0753579473722263,1.1385605220083972,2.0355805960950715,-0.3215183451284153
0.25705614181373776,-0.896400508139677,-0.10193700071532079,-0.23213713308269282,1.752809585355344
-0.012374975469269122,-0.4828126653611532,-1.3082084371009914,2.1062728366379195,-1.2027773226778644
-0.4467272299628139,-0.7664201784531292,-0.88338417728221,0.3602226199448013,1.6073896225794266
0.4760686949906598,0.7789758363004194,-0.8532607600715989,-0.23444162647023323,0.13587395457183646
1.701182969189342,0.09448449659803458,1.61615114328324,-0.5472441257507605,-0.23499884962930612
-0.6821907276303459,0.38108142051768196,-3.2918690370105366,1.2007449889777306,-0.6327113018613573
-0.033470723250482344,-3.1804049560874574,-0.891778062964494,0.6037775651677892,2.1009479872700116
1.5901930167395948,0.2591994571787685,-1.6029009220827786,-0.2515570054504254,1.3438285549452578
-1.811901621857489,0.2924383920468871,1.6686090080552236,1.4854121000202727,0.6457219118589506
-0.35168194138043474,0.9334825450076898,-0.5401250467218452,0.6952211771625533,2.0659458646880835
1.3331190833960602,0.7305019894790405,2.1309480485478667,-0.2853635633807927,-1.588625492466038
0.3199342140532393,-0.035311298419193865,0.4247814127772478,1.1840304220327194,-0.7507126472737948
0.21328563610436915,-1.7036390156590884,-1.2468896167363333,-1.572051820989802,0.14689445310887753
-0.4532849697157061,-1.6766757054386465,-0.24048321572016626,0.005324134042878757,-0.005047544339004616
0.6799465935402238,-0.06707593868890485,0.4218785521695454,-0.07612099642892717,-0.8851465109542788
-0.9381711398002659,-1.1574696024887121,0.15891501123690055,0.2054626018575554,0.1382706012024409
0.9628963814923468,0.565387194842095,-0.48394279602926105,-0.9095348009032291,-1.6552863691763202
0.8320555058786571,-0.18751340398915756,0.5672005514454518,-0.6059109065216512,-0.7611066235146952
-0.24739484412677254,0.4865931639291676,1.370055463611017,-0.7630577432524285,-0.7394390387976423
0.7032027404481574,1.3787426580613686,-0.1819134827320998,0.697605360757052,2.071073069759648
-0.7299309198056342,-0.9725728710057601,0.5952722659783836,0.031227957821884922,-0.32619581513619567
-0.8851321522887728,-0.5615168590081725,0.19117885822112166,0.8305511064985501,0.2660251272750274
0.7769652106668457,0.058667563882208236,0.963097824981589,0.4318875107761658,0.9007157709642784
0.9858836711344856,0.2089117166972506,0.9883458525579599,-1.0668057166690994,-0.03683442708070455
0.47947611912425503,-0.5840926726129394,-1.2163544318299249,0.20001126335676228,0.7082469640043678
-0.6748879336518333,-0.39106540609530327,0.8104084255288174,0.7749640174502026,-1.0232932468895026
0.9541961018366424,0.31959346604794137,0.6329537794623706,0.39104852044602345,0.04176020165889992
-0.21443784855902112,1.7916984237141762,0.612041466964994,-0.7040874431210294,-1.1301352616656006
-1.6554010878319432,0.06473945510991712,0.895481563718511,0.244950313573231,-0.13419794075394187
-0.43503296367206296,-1.1908214419245877,-1.5545154984287821,-0.7636528626101864,-1.1254150596151786
1.3151060630470508,-1.051810435382626,0.5166057878609159,0.09315363818968712,-1.448190327947672
0.11222323270942865,0.11770870981611134,0.41348281140315685,0.8403112043667597,0.8341986815269825
1.2400809068054612,1.635477165008421,1.138876697565623,0.8694870195161862,0.8426324512655217
-1.1894708950669741,-0.8483186565218919,1.287593979219862,1.312227312050613,-0.18261809987293381
-0.2546050157009458,0.27648221569967696,-1.2958328605703568,0.0017792553302171175,-1.0348471392059782
-1.431407421084967,-0.6664258671648721,-1.158501564057063,0.3458598482045828,2.159476650111454
-0.4299298709774089,0.5714108408303271,-1.7149155992614322,1.1154609971799838,0.6652251987855522
0.5976974826722394,0.5760291708430767,-0.03134980651293644,-0.4865475618972434,-0.038787143318203786
0.8294750859622314,-1.1285373015423534,0.07260336985829118,1.8985983389052548,1.768487789024512
0.41719077973938967,-0.9886609225908476,1.5340077988223255,-1.3039339516021786,0.46913663338100214
2.0361628891794132,0.7603129966760547,-0.5025771165050118,0.008350535218026518,0.5726912347807624
0.5508836510083538,1.1060557767761605,0.5774330228458369,0.8637028132013945,-0.9187415220982574
-1.1645301192960538,-0.8361952916445542,-0.1981478468342044,1.939345543189237,0.062268565178896715
-0.17386336096511212,-1.5128515485207241,-0.5042355353265991,-1.5173756454559382,0.8376247720317489
1.1298167652972317,-0.1898977457848843,2.3174426861703954,1.0775596356250936,0.24007276634857097
-2.331732706210852,0.3162309811508592,0.38142672550605433,-1.3990361899883126,-1.0386099209376478
-1.482872913643353,-0.14446179795449934,-2.135144303715673,-1.6718575196916654,1.1055636670388258
-0.0372388987015891,-0.5762890998422254,0.0934609514045819,1.4094406452021058,-0.8216704545972052
1.4563460311917251,0.905489307480642,-0.20747594027721517,0.3934455871445845,-0.2744693024083329
2.082583850597832,-0.06851731917884615,-0.055289645075591864,0.23568022969346364,-0.24696434495605796
2.161803442652031,-0.7552557844440719,-0.7327462518960083,-0.8718249951581548,-0.14550235364032993
0.5407203305155214,-2.3984177701047624,-1.5747604116448204,1.0208481197394945,0.3826034657679147
-2.8115874918168418,-0.5222402176508697,1.7059587384883355,1.7146156832369206,0.31269848668887484
1.3449591166984436,-0.13955468075805624,0.30678812959003365,-0.27444810809820064,-1.0839092012803904
2.247577204426404,-1.6395396147873262,0.09016189618467545,0.799471806197596,0.47629821032208924
-0.4825700418359292,-0.2840286494884133,0.4519756101378444,-0.3291096981800486,-0.9577826000943002
1.7189069168247175,0.3364821812437685,1.0453001763692067,0.5547360735030541,-1.041738557052897
-1.286400046973974,0.8110772494580267,0.5903429938875395,0.8736402117991704,1.8400085828311659
1.8510499043707427,1.1902380293883672,-1.0167271295742988,-0.8621472047141003,0.2997419047396232
-1.822841719337181,0.013500523954441209,-1.0853213603145946,-0.35030944823124877,2.655475988863073
-0.594921689732377,0.8587803303326784,0.2743306029127524,-0.7223671255174152,1.3616155029025216
-0.006666166028180073,1.2189923996480525,0.8783816612315891,-1.1696371199466997,0.14734394589208868
-0.1448945955628322,-0.23277957941782623,0.7476416412099789,0.3051819864646616,-0.881687737694432
-0.9941997205792604,-1.0636467799048193,2.322167060533819,2.3025016145900477,0.9841676448236668
0.18801080292706965,-0.3191267867711237,-1.1173406693270733,0.589791668453434,1.4448327284956974
1.421671384013954,0.16711913194291675,0.04135081446460912,0.6677052203471824,1.2145520153744311
1.8633429494222113,0.06793204574507782,-0.9994346198373768,0.5693958231475664,-0.3212267248441293
1.2138198563451839,-1.3588380064942682,0.9505007352056513,1.321332859100454,0.7599976570450824
1.1564017370160031,0.3396135351337621,1.3549454097492093,-0.21716616353700532,-0.016254968420112845
0.17696389574227475,-0.6328442549052198,0.16025153785265217,0.2797054802686989,1.0031878291478307
-0.11731906301104182,0.8598142218084462,-0.024631568683758723,1.2754290301781126,1.3254278034911753
-0.26498540603810766,0.02246773537909958,-1.177334424679209,-0.4556643021478793,0.05756811387357585
-0.4948474099373424,0.09007049184968847,-1.1408866312640888,0.04892744051362317,-0.7606520570594744
1.1208250521141405,-0.39666143238047136,0.8144267939956841,1.9034096501173574,-1.3392687003949402
-0.5970338302805066,0.6783787970276058,-0.9693519338815583,-0.8786465698926922,-2.355220860658973
0.3431616431561233,0.07334089698452212,-0.5583356238781765,1.0917485497955608,-0.47771819027513057
1.9444354890991855,-0.047608208976913945,2.5388235153529006,-0.7078747601978044,-0.589949648587074
0.23316170454104865,0.603189385814568,0.17808685954780024,-0.2741628617678614,-3.4075406758049707
-0.32872610186638956,-0.34665694296259436,-0.9244746956230854,-0.7403798680568842,-2.032476155061271
-0.5832059792503317,0.17447140109422743,-0.550264827359124,0.4531772951191867,-1.0055699686265451
0.59411222952247,0.004168475193651384,0.8487157805248464,0.6729203680435473,2.392464101286328
-0.31744912116458873,0.9878109660169624,-0.14987986640326603,-0.3632118924495067,-0.612143361221874
-0.4275430972856559,-0.8834962625208931,-1.3052708481376591,-0.5330105941561073,1.0761991092504268
-1.1860975430734324,-2.105532813890779,-0.9598244741836419,-0.012030840034086405,-1.8930033856531097
0.6893140797096948,-0.4023232296871885,0.48965525632332046,-0.9383688313499043,-0.6782226155777412
0.7553543260499265,0.2714134120276845,-1.5744688844814125,-0.22941708940432032,0.10909728884193262
-1.9647364419607363,-0.33246942271934676,1.5775247201204123,0.5273620909491138,0.2625632740615278
-0.7411280890638217,0.3769133918400658,-0.48911346972802056,0.6707559247952343,0.23071748342002002
-1.001689073320213,-1.0540715859210923,-0.31639157320054145,-0.21531792465616723,-0.12444879917695081
1.4935315552009185,-0.296154116343608,-0.9512494480785164,-0.0106738327202076,1.1416501204376945
-0.6380158473857882,-0.31503818559717767,-1.3952130498061375,0.07220783647985123,0.9168473282228846
-0.6934206667669837,-0.5750356119029347,-0.8641744213391,-1.1116724665168172,0.933497742458694
0.7330019653424124,-0.6706181001703329,-0.22178951691739546,0.2610543322432211,-0.014697626239928352
0.945700113043904,0.03676745382158341,2.9309002392105197,-0.3905782094873204,0.44776138334929083
0.6579664088901723,-0.20478141645366152,0.1516602153068726,1.658230454028327,0.5871530658656113
1.1503306790517227,1.1646207574200675,-1.0407003630705325,-0.8121209399240248,1.0775440227853859
-0.31903477162214,-0.6231671509709286,1.2302068867203177,0.3575047175348113,0.17409514355825992
-0.30536800096690314,0.003879518785167455,-1.2369874706794597,-1.0774288543277828,-1.775044169316474
-0.5996746867348327,-1.3174694739956627,0.8440860110130798,-1.0915604529866965,0.2929337033734701
0.06807365808423414,-0.1348497725766013,-1.0173387743075983,0.2666375363378148,-1.2110826180877194
0.04771516176486437,0.7293694572960352,2.097056903733101,0.07131030357529093,-0.24429410352522732
-1.3736822399365745,0.5822603589937263,-0.8496436753957359,-0.07127834181812157,0.10120639834711848
-0.029062862317958356,-1.0516884558612152,0.32006655673215995,1.9513588515050728,-0.10376698263575446
1.0037831064518938,-0.1468300132245129,1.7312080960860508,0.9584749559232217,-1.6582271332949443
1.112697003709929,-0.945546635587,-1.8598850929549593,-0.12403870114935943,-0.8454394309508255
0.44177912552606036,0.3925818628293854,0.6576386292666468,-0.4509553335122263,1.2031305267280819
-0.9192818267531192,0.8881220252375025,0.9718812344537021,-0.9168506013496017,0.6710782447598724
-0.48615435732629475,-0.21692591788161453,-0.097099569948227,0.030623382939800613,0.5320371297277444
0.9681280324360663,-0.5993183060420277,-1.653360820832518,0.3417063416230921,0.1694953096133749
1.1018944048615253,1.4703913571214526,-1.058803429546019,1.1834374123378288,0.7277206627487366
1.0062327460995553,0.4616984550948589,-0.4934630182787365,-1.4123755773435118,1.246885465880325
1.4518632860580367,2.8935097709196644,-0.40902475100429453,-0.7194194275096463,-0.5321288318907764
0.48634665614649,0.38380489113062893,-1.2353524648965535,-2.684905391238542,0.30690202091257224
-0.3554945773210197,1.2389104058341964,2.116481049761214,-1.0906517460213585,0.6446944989334125
-1.7260513865458575,0.13168481341044108,0.9195423391997773,0.03969207658124073,-1.5151218778024005
0.3911496610664117,-1.0167631638108354,-0.3979863136761504,-0.2718656822684294,-0.238627815161525
0.9206663806889342,0.217317398711122,-1.3960322585066642,0.19503789863701382,2.0104258362977276
-0.2843844887990615,1.1666327650117612,1.333380102160503,1.8717503842197607,-0.3166815956424195
0.4374697054479285,-1.1845031281676468,1.2474256479445196,0.42021495868986825,-0.1740809508445144
0.9127364408423003,-0.9701333399105917,0.28783058020253227,-1.8307366486964947,1.334253693340287
-1.2251440334283763,-0.09195557841514289,-1.53831944205763,0.38728625748736684,-1.1352723673873812
-1.774167420893821,0.4902955227691139,0.14470177183167926,1.4450915458475277,-1.4679636404871366
0.10886317482537955,0.3748042931087434,-0.0479982621635337,-0.19264036632030107,0.9399204657859996
0.20429732622900795,0.9942511402865526,-0.23243296361067972,2.209986011565686,0.4683369383670404
-0.23739664062275986,0.8233066877207479,2.624685619317305,-0.2836306202732814,0.6767210872334755
-0.19756474253341869,0.37391492888768274,1.0348446074235984,-1.177287151231112,-1.7774369257702092
-0.2917454300179774,0.37555497507135116,-0.16744294668141357,-0.8702296490130406,0.24684841493583293
0.5844299244922567,-0.3170464105337083,-0.25168602881665475,1.0741589512522158,-1.1550890549597388
0.32966666656602506,1.5468582144954393,0.7194598981253529,-0.5557321023329265,-0.5346928274469932
1.2024663173480448,1.1083737729059977,0.8883500158800077,-0.5618247735723306,-0.5935397361696438
1.610093225876294,-0.5477612286405967,0.12878694141783248,-0.7507887452947445,-0.491319866645
0.4440722472374577,-1.5763004655182713,-0.09760009479321682,-1.2665485972492605,-0.14730643872187607
1.0505740574315434,0.4252925132615434,-0.40995264882720056,-0.7348497667012145,-0.9530470049983919
-1.3381957554866568,0.4022775775506907,2.2180091090700875,0.6931807057411575,-1.9494298847432945
0.2735735548070483,-0.8205575275794396,-1.2845456528631183,1.9093279687549014,-0.8061791817132614
0.6689934170845668,1.023586610147868,-2.4144728085674783,-0.742632422912925,-0.25376274451953795
-0.6608772573322104,-0.0029435365403018316,0.1842890577284049,2.406884591831517,0.6881962216209278
0.8581039808030119,1.6205806300506502,0.05098623401637691,0.1888775055213979,-1.0379721842058331
2.5820746172804543,-0.8524745847790034,-1.2572242941511418,-0.4070550174459621,0.5860910372549226
1.0830239640636503,-3.112281055094208,0.14236619504546655,-1.009757229584109,-1.3142557164253843
-0.09905733502032538,-0.40956864530674614,-0.8689698991530254,0.31750009724883255,0.059557657803321104
0.6615923902508408,-0.7395702929805851,-0.05314264130926656,0.32112922386537857,1.5118197945996639
-0.8235132450521343,1.937637423188601,0.1458993145445669,1.5511989822573231,0.042374599726323764
1.5181954233251338,-0.5280328457242909,0.9821902761863464,1.2435141942164285,0.3540150774824877
0.3052871975485527,-1.7913657834130732,-2.1958097116033555,0.9887375595846258,-1.0223266014318653
1.241825061168196,-0.8337802780483594,-0.6510507886866812,-0.057918175809868584,0.7264107071193524
-0.06481369639847505,-0.9811348418970093,1.3107914861332908,2.0519954815933397,-0.09157001874428825
-0.5043452229151197,1.4678211208233662,1.9067857840113804,1.039919356843475,0.2885897113272179
0.47258618385434287,-1.4341311646744461,1.0096730683848831,1.4358426492145486,-0.3998559812429795
0.6528746343550678,0.660631133849845,0.8626684958692137,0.7630459463246739,0.22321462311351778
-1.5279070932658034,1.0449108464740378,1.4279078454466707,-1.342037204591218,-0.3169151859287829
0.26802549841804396,0.3977207346609861,-0.8313903601989723,-0.8332802608404075,-1.1158167600209967
-0.3480510550262825,-2.654673266061458,-2.120757981347121,-0.9899865900814695,0.02240071409488659
-1.0861769159990404,-1.9908800744632191,-1.1987474990537939,0.5112060129079967,0.8378988295517737
0.712508442307127,-0.7986765965753303,1.5551481784448962,-0.8688628000038158,0.41879966167785276
-0.8426145212670576,0.29464098609026756,0.2929719335677368,-0.6131850329703475,-2.0314668902814463
-0.7471249256228105,0.05811471334146893,-0.4385762105577861,-0.2733591792491787,-0.9672537349726136
0.7851061315201002,-0.5454293036855338,0.3682090985280679,0.025879957367291033,-0.389388206778162
-0.9930215196619366,-0.6458839335633592,-0.048459442377283085,0.328713562134374,-1.1596558905305694
1.250336676617907,-0.5367593930265296,0.6726903811297555,-0.7903378091594371,2.020413040426773
0.3997996943238922,0.7076609567403239,-0.5041383039948905,0.3878999276723337,-0.38630899859392476
-0.009936754436066666,1.2628249718696802,-0.7104982472902003,-0.2987933795701297,-0.7061059545143529
0.5926447449749417,0.4361325191944865,-0.015643831388906487,-0.5424897644486307,0.11436144836295639
0.37881972879803255,0.7096194677228518,-0.7326193971902156,-0.21936518704523952,-0.45685426481983643
0.019720788300076453,-0.8215544918785986,0.30803147821402155,0.30122403407959913,0.30490752948912186
0.21534167420232808,-1.335304644613502,1.378080332351092,-1.3740300018827813,-0.12935457590396596
0.6863174982144051,0.8587283463641414,0.7384281424365776,-1.127111896132679,0.5613671856631827
0.8287883104505116,-1.8431082025384997,-1.5344562739081538,0.8254911620965086,2.4698024171970183
-1.4540864021563868,1.0770837197865812,1.5594369391273757,0.16620753110727757,0.3385157302660311
-0.42342210956420734,-0.414016268374756,-0.06603580735602176,-0.37601896495609166,0.2993036004391521
-0.18086959451401124,-1.312777622836412,-0.05535250440816877,-1.0084434301013987,-0.4769740361025039
0.5924582809192721,0.3815606564926565,0.12237345421153198,-0.4176883397658128,-1.170974452817499
0.5999835136438695,0.059668427292100236,1.0883024137947217,-0.5613327317670902,0.6952196270649551
-1.786473325587339,0.9472923391672918,-1.4589205865221522,-0.43015162417336145,-1.416722052556075
-0.7654535203237383,-0.0003460706851349228,0.05839327420277237,1.0731427929580453,-0.09680648782504302
1.2725968429947894,0.9950111973288491,-1.4431062399355636,0.2863456729626172,1.257411448958393
0.09930785414540964,1.1969950510514507,0.08079374926731696,2.4592585247528804,0.5393719924203405
0.40643196036867646,-1.9170067475199992,0.9180184846487972,0.09905941478255506,0.54584016958639
-0.3323002636348163,0.5337420096419404,0.7833733149437944,-1.835503754384884,-0.2991538269226447
2.4147861258532632,-1.3746100303674813,-0.4650703187856034,0.12525533598440056,-0.11785977407805451
0.8982423243608498,-1.3910996371024082,0.7222163405620606,-0.5875038127709318,-0.3016485076175768
-0.8727777678685731,-1.7257128849534193,-0.2617400988744593,-0.5035039377667654,0.36771359120163793
0.06814968887505328,-0.9543546364553455,1.2640680294559625,-0.9259604278155672,1.6870138191212478
1.8147807560237923,0.1877590691407571,0.7156332474026345,0.662821038543931,-0.4697790329181736
1.333202255298346,0.05160317455862044,1.0964327943118877,1.7197496309945486,-2.0282147241820025
-0.34215472107051725,0.6452104900190662,0.127584608624256,1.491244448177122,-2.552312980892795
-0.8735704865189682,2.06974477954075,0.5280252529294333,-1.0607437665337205,0.00481241849343862
-2.1088566111047986,-0.6387825171284202,0.27066283243899514,-0.18330242542050515,-0.5157445709405925
-0.36402453307909693,-0.6519912634710001,-0.004040915804313262,0.6938249119584569,-0.6465005816805484
0.6431105085234552,0.1659873362166575,0.7675320806906567,-0.8894103085699919,0.08391437601612858
-0.5103366613651371,-1.0782602767833969,-0.3127473281113487,-0.7458906519352764,-1.4450262404628342
0.46785116860898984,0.6779201698203975,0.14121927688351232,1.9116374126490316,-0.8831729837865636
0.5698374896309042,-0.681187172399153,2.2272543084273018,-2.313017384730181,0.3938964260132125
1.5465409153767073,1.8626087676922989,0.7395354148180772,0.13713974240912008,0.3784768455608874
-0.04619349840322775,-0.8961274913269319,-1.2676878624144665,-1.531499658532065,-0.5257796941384333
0.40607951813099386,0.4150792786552136,0.944469073789079,0.4655094180118202,-0.9879594917938765
-0.5620064990720532,-0.005356675134629033,0.7659338789602752,-1.8844800302345013,-0.7894581448546761
0.06813403872668701,-1.2911134831875186,0.8135521782519007,-0.9578737948448162,-2.310446420786058
1.5588124636971405,-1.1990186190406835,0.17225540040542012,0.7321543730706302,-0.4658513013937868
1.4120700491712068,0.23986634444705712,-0.11143629199673348,-1.3456932117687284,-0.6000233945995771
-0.33337457127729214,0.19283830788074613,0.8390480645758925,-0.42679273599311124,1.4659439411085997
-0.027669165073992148,0.7947469591801417,1.3809381218542034,0.41691041138063445,0.6638212136857717
-0.23555211194104247,-0.5443009780291536,0.9132702064886138,1.0938645139324503,1.2867700069404542
0.16837242655592674,0.7307318427128933,0.026274567873787673,0.3064474557912428,1.134909833306046
0.10644736044641157,-1.175922254298363,-1.0551923496359432,0.2129251686279472,-1.2178493746761605
-0.9142314467002882,-1.3168408591407492,0.8033852032443923,1.06225332254015,0.5879973692313588
-1.857161365274081,-0.31914517535547826,-0.4153964136577721,0.20305429900651872,0.12855280663812688
-0.7439378503316694,0.9069036761289965,-0.11112201787910056,0.41438199171688656,0.7347722603031291
-0.8959252932884331,-1.0618015712360356,-0.5945524475080206,-1.2251647038562539,-0.7612704170029309
2.0033150079890896,-0.4135089024173196,-0.3488300917059547,-1.175738735051084,-0.5125047322623046
0.3499489125005035,1.0368757937923203,-0.6000549048710495,0.6112014118349637,-0.17418998246059458
-1.4431384942034058,-0.1228171593265803,-0.48189407291883646,-0.5751674956417354,0.41072763605626983
0.2884808033103398,-0.08694132700300627,-1.5500271399794792,-1.2388223341710278,0.6911108396138431
0.7429785334369088,-0.35572594313636857,0.45910351505851726,-0.06631456522365442,0.6273295503000117
0.3003493818438402,-0.5649086952327425,-1.164268294228045,1.1645633589214046,-1.398999669074485
-1.2165195796205324,-1.0840684210970846,1.4346943552446916,-0.06845951767963297,0.45847827266603064
-0.2480786988501477,1.2560442613312557,0.7997731165384588,-1.034334547585944,0.4520893071828717
0.8645917611747408,-0.6281806022144724,0.2246262925138926,-0.3800811186581127,-0.5614917490673078
-1.22420289266672,0.2702871701237863,1.1547913201600641,0.13839841828478533,-0.390381811769834
1.344393280902216,1.0162207195794255,0.24278064162330232,0.025325568099927205,-0.845841549102485
0.9243273381393702,-0.5304567771730198,0.43961261665057155,0.2601039421979728,-1.3129633923859605
-0.8294869104396246,1.062992770576563,-0.33003579967856245,-0.1958555727861652,1.9783281464936255
0.28564592072503076,-0.34014547402613676,-0.8119560068073184,0.2608258326439607,-1.7569179954630376
-0.17206672999465575,0.7866593046826444,-2.2270177044178734,0.5851022642378965,2.1810558419882993
0.4855849441390285,0.9039213654639344,0.9107832373395129,-0.8770638218912595,1.7089361215374976
1.8589937221667925,0.6987520276713498,-0.0009047360020405099,-0.06975487533212196,-0.3130759579912839
-0.5405119356231137,-1.5115090302188803,0.7159608779273898,0.24049308080004758,0.7714784243051914
1.5744154149965035,-1.8907463697788973,0.10365571510046478,-0.19548126164296017,-1.635254158254003
-0.3509749760802278,-0.34078713600785077,0.4287550086968629,-1.9020058195959213,-1.0522195148344484
0.5332170648372447,0.29578505858965015,2.3310892655130733,1.5442754581590385,-0.15422675040922665
0.637594863407894,0.3906844868462575,0.8313437219020465,0.8934323289552217,-0.5991584760019517
-1.0079366061936335,1.169518612186965,0.36572291770586307,-1.2147811202472514,0.7090280857464202
-2.384606005211762,-0.24581126627293637,1.5013388335622744,1.0846980248391738,-0.3305473886599061
-0.5865626490636767,-1.3370942339079397,0.7788004269529123,1.0781806134308223,-1.407887452808023
-0.11811321089949477,1.0165747378447958,0.9951262916007484,0.3419389013605193,-1.1195172876753017
-0.7466029968240014,0.4663857039374527,0.5265383828956937,-0.5139809958905817,-0.15201997068945378
-0.8037980340200939,-0.17380883144312256,-0.15226414284717604,0.7402872883100948,-0.7659501742212579
-0.7285333434599923,0.9339385960758017,-0.33263708859081587,-1.3167977196700382,0.3526791808387819
0.7915589497368243,-1.1831906447130862,0.4097062288421434,0.9816226065199853,0.012913925584561699
-0.9581518755359051,0.7068803379874432,-1.3341272667514825,0.8403775985367956,1.6389877522997154
-0.1795613778173673,-0.3227288003957375,1.3152421807012946,-1.7465168065623136,-0.49114051282360094
-0.37393429819903484,1.0291018866942951,0.8994300784464486,-0.457596553518325,-0.4629592615097606
-2.4967670967970195,0.12517216198315675,-0.4352944827373063,-0.005826654246283055,0.41720822678746966
-0.056070744600275,-0.5463301282161633,-1.3890983991349943,-0.01951275506784939,0.4934640728427692
0.14001594735839834,0.39991065661554565,-2.3719242121544135,0.783894412656118,0.002860957898088502
-1.1866257359604184,-0.4837091605236542,0.7062102328695741,0.4425542047079924,0.6049101595360669
-0.06072182753713169,0.11109553338134567,-0.797796732296297,-0.6216492540749898,2.251221729790763
-0.13122746545961533,0.7914896723121251,0.9184191470280475,0.0347202258253847,-0.730073377244081
-0.05981965966824437,0.22325176549639494,0.48304694572408363,0.48969964996147736,2.7846304355403446
1.1161029239706513,0.732950616976312,1.70217148865306,1.6410203117967688,0.8248593628193163
0.4285388413861611,1.0652961641058918,-0.38667835571140236,-0.9814000317572151,1.7849037462215198
0.5026958084945405,2.2381008484045233,-0.09406287421061153,0.8125386619631064,-0.64703288815822
-1.7607341337639921,0.19439736237556599,-0.5283261956425097,-1.0447255662620663,0.8781383341393737
1.148890241194263e-5,0.13131928806324528,-2.047223224024906,0.47787175609196664,0.23484775521914716
-0.03279747303601005,0.895038260239144,1.8182693274701858,-1.8603395897331905,-0.46791856466025017
-0.24589111645578637,-0.5792936972806642,1.1061693072382506,0.6697783556026221,-1.2625522305633963
0.15849060287439495,-0.05031610982706074,0.3420308937359464,0.7927500546164792,-0.747254061720568
-2.2243486579399185,-1.8239710787355252,1.1077806911950843,-0.45012928535940444,1.1594503901330564
1.9830792238776795,-0.23157346481960558,1.8952135510406805,-0.03254926264089075,-1.2999697258100404
1.2059738867624514,-0.4287365656785951,-0.47042444629057634,-0.30982675478248045,0.8909543946171965
1.044999935959833,1.0840588080938633,0.11418522851126536,-0.5312398035019824,0.05176629890197069
1.7980166453093502,1.0165019257419852,-0.1793884310266967,1.4558276569700361,-1.1711781742257912
1.7443363964244243,0.5582537430055363,-0.03874494282629193,-0.6079029294619319,1.7557027846790192
0.8096493908892085,2.0665781267192926,-0.9240564683088871,-0.9470757257193333,-1.1829742258789904
0.0171345657422613,1.14685655576268,-1.4716899266716386,-0.49857474690899395,1.7006579990977233
-0.483485704318132,0.2237936830099909,0.290914052328846,0.6216268030012614,0.8267173959854011
-0.9922257038475136,-0.631963527900331,0.19787489618099632,-0.9086052251595027,1.6603841389440597
-0.11084842401238909,1.9447104295903337,1.648574979060489,-1.083069055821537,-0.21333315325078522
0.11557115544009275,1.1759336965015936,-0.9709238644965312,0.4549181660256466,-1.2846202987690625
-0.8439557168172135,0.46680035680181536,-0.45718222173009493,-0.3606981723450834,0.12576271809619857
-0.9087400817985108,0.030548173472097574,-0.23767334763178488,-0.26255312638010003,1.2256332928746685
0.12364360654937202,2.0231934854375404,-0.647671007572063,0.6178823821886292,0.4596687764625462
0.3944648241847319,1.361774101873113,0.14808951128849734,-1.114170356437589,-0.26722084604113805
0.009165481003907298,-0.5612514451581078,-1.5414315898334205,1.0427285699245967,1.7967857027414245
-0.14545610467662615,1.5829648192518684,1.3869331495942012,-2.5732673084173636,0.6049044212090299
0.650079987241572,-0.5865402755395407,-1.1676122891713376,-0.8321062383536493,1.080442644747879
-1.342363619991156,-1.19541849110065,-0.1420877800139832,-0.2154404488746718,0.2088766924595551
1.546756480039551,-0.37007679786958403,-0.17504040196733966,-1.621143814480466,0.0010295326072262162
0.07624423946924268,-0.5063604722990211,-0.5111504657844324,0.5074136674137428,-0.41787016580068703
1.4580936015382873,0.7630320303590359,-0.01898955466892288,-0.09305724666081214,-0.8981650970817046
-0.6573376089368882,0.06376361825527138,0.17559701748615714,1.7766134195308756,0.6130578244088287
-1.6907034170030588,-0.29797061822774773,-0.37185986226638007,0.3189360177903646,-0.6834624298285565
1.6112697872693706,-0.11615946422854163,-1.253208152540323,0.9312115220345683,2.0306786337126517
0.9701372889373119,0.9940464923369396,-2.8603506854830267,1.3742495189935489,0.5136292523354681
0.19215580497530727,-0.3566660437505124,0.0025346697784683313,1.4745278538979931,1.133858827211991
-0.17059957204306403,1.1034446380991434,0.06488049611760445,-1.3601136139611176,0.5470580625443782
-0.36977821842675734,-1.9667902127891912,0.8502114042115114,-0.44478359130603773,-0.6785520502319589
1.041508216022964,-0.03598789737898624,-0.1436840321858042,0.5328953496405877,0.6783120453459933
2.0650866645199577,-0.5952357984072181,0.8085469093824574,0.39589321286843393,-0.51994936232227
-1.3546716952835949,1.9312111539589878,-0.5679455820868132,-0.9246508399880146,-1.035900085896907
-1.558706574925802,0.40197698555406713,-0.7498337564189251,-0.3568608295540128,1.983629037674387
1.4479865474745572,-0.6000065636802326,-1.2202090633448337,0.9201799967328665,0.6368269813705856
-0.39454446748421856,1.8436270103073344,-3.5657564604029157,0.748820762160489,-1.5159822996695875
0.13561333701112557,0.717894547059014,-1.019793697740138,0.11059234537268164,0.511854650239846
-0.19416435579429375,1.2216642258370558,-0.33277781563894576,-0.8825228404073338,-0.8754753486410615
1.018816909069876,0.5515935332400655,1.3714419256580772,1.5714908248470145,0.8126775055507582
1.2336893482171059,-0.3819213106990501,-0.28758145367411386,-0.8984852928326267,2.24979210249778
-1.0455956513506655,-0.1391908031714093,0.605590410909429,0.14786615283154744,-0.7316716708409388
-0.5225134692130362,0.3047921414709981,0.6714130181883887,0.40907465885761185,0.02341893235429458
-1.5656866966174159,1.885843910186928,-0.3812691733397441,-0.5948516498713012,0.1562806284339203
0.03817400929382189,-0.3756338823563882,-0.8849814547538334,-0.09922171022808314,0.9785498009235204
0.47963453873558926,-0.19742773079606055,-0.5858365580878206,0.22940211479563857,0.9299710237740574
1.2147270992023427,0.14790978659190765,-1.061001673294654,0.8216305527971122,-0.10457894198190275
-0.63892981192045,1.2009516039132573,1.7964711800715418,-0.5176582583041921,-0.05450606339342655
-1.238563727287377,-0.16056448912369176,-0.36159654879067116,1.621443454286179,-1.2680591084777937
0.5355305835836599,1.081738302916797,1.715472520980986,0.28140472014776324,0.10173068357335578
0.6240314552924434,-0.3846236680713238,0.15113965423842526,-0.13382563341735307,-0.9946128346694406
0.2604790185770318,1.4042543189297365,1.1614668123211602,2.749773978585293,2.1309853118710897
1.4352966687359445,-2.787729074859018,-0.2713167233626261,1.7638426850276,-0.8245752044456458
-1.0740314816287713,-0.681352387560482,0.08446953324064344,0.6578791671748457,0.607464175040707
0.9319682079746945,0.572593944925766,-1.0258572244375368,-0.01992973168976814,-1.3517448003270902
0.7943047055745742,0.017637447138213146,-0.047671919387489006,1.2809265346886363,0.06281403019063582
1.9073459650680398,-0.4024138263231456,0.9484756602836352,-1.8731003515190514,0.6994374754477014
-1.8625538676828062,-0.9642465341227118,0.2725005980610745,0.5326081978649357,-0.14801018305939906
-0.30962354034419987,0.6582083603173221,-0.6719230742923186,-0.9342585071899052,-0.12761967578959169
-0.6300643204987442,1.0623074741227008,0.010059446904452343,-1.123518943509228,-0.6315487272271303
0.2730986985846072,0.6468512881987493,-0.2497689184811651,0.8287010970881733,0.8121153861707019
-0.9273934795718072,-1.27272240519191,0.9462731721815747,-0.20289896460042767,-0.5387780667941416
0.13735420132106327,0.3172009189764473,1.8318379683410817,0.6083694130965835,0.5495851126708516
0.1347439613983617,-0.41773109503924194,-0.08395752582868257,0.2962408328916957,-0.8196653698398083
-0.1824004814476015,-0.18226362825025488,-0.5208653782447937,0.3558871222841395,-0.7397198007158909
1.1569043041971143,0.10983646817442268,-0.19669979710662994,-1.007613861197658,-0.2847825172905117
-1.0331069545508176,0.5906486003669248,-0.4306093950763301,-0.37510593681792676,0.17203155857849292
-0.5118067481424848,-0.932788326197048,1.1122403426986474,-0.4709534220878939,-0.21236585773087258
-2.4464104665470336,0.40882266070645434,0.8400740002833675,0.013160957772379363,1.7863077971063133
0.7690939299093282,-0.06911513676175572,-1.2834181625021828,-0.6470819110249756,1.654629151868838
0.43300998480381475,-0.5665362359873276,1.0501768295930554,-0.18132210913841232,0.10319536833332273
-0.7525252311605571,0.29249287983673455,0.22150717556618169,-0.11404347653601928,0.4437898141357984
1.1571533905308304,-0.39885679926320816,0.953137330857931,2.243375320408958,-0.4149148922061219
0.6478201586953206,-1.2507934881343705,0.019778154136094347,1.1999383396270318,-0.42339694369322883
-1.9128840539587366,-0.06713047663108829,-0.2689166581187914,-0.7813748345375393,0.9850165490491971
-2.5637418245148766,-0.9241771224411588,0.34950289134433,0.2108979606479993,0.4898020430791059
-2.006014422956029,2.34585246965257,-1.0414558473036546,0.3556075285835328,-1.4040071950572448
-0.3287498630311941,0.39546741673572283,1.3472006053951735,1.0726876153104892,1.5006482837596606
0.7033208018718285,0.7315897398220919,-0.7326069672330405,1.3380802974639698,0.6028948108537799
-0.29009530880733747,0.05415469483556999,-0.7601262626888224,1.2861100951760487,-0.5229138462567515
-0.8262173290025134,0.20967265253443484,-0.6558915272937914,1.2743387869342222,-0.2685668453821898
-0.4753850883407305,-0.5304728733191395,1.8830363165107467,-0.5774835391042377,-0.31555470244688477
-0.9457781083483334,-0.908171670826347,-2.3004284670835053,-0.007631967244116287,-2.2852444510866103
-0.04236344044850879,0.13097361543312586,0.5380196851059734,-0.7833047535514728,-1.2540444712069838
0.13553987937207493,-0.09361130985951972,0.565061450272017,0.4565265420704229,-0.21362110007789156
-2.1019014032403303,1.0147606983095874,1.0271153964723074,0.1962936938057361,0.6040719158436104
-0.37675844357902005,0.3987771557506464,0.3407973863230911,0.8817554802452794,0.8562989824193692
-0.31166196400878204,0.944552474086638,-1.5992501139797235,-0.3870239072021962,2.1479939040833083
-0.8368789262495714,0.4225135403480682,1.1314686539857801,-0.655162296914366,1.1640651944285014
-0.48249976622831836,-1.1922627890677675,-0.2503769838645466,0.44614086295480077,1.3340231065370236
0.5990945656133004,1.162556751995979,1.0455749601362276,1.6128545696522478,0.3840938662002054
1.6372205914439597,1.2884564537136882,-0.05815630989659408,0.09896090832273868,-2.0493388936942933
2.0213555312385676,0.2877371599633125,1.1026416533376235,0.7999735314274753,1.073436638746117
0.9535045982724795,-1.282249356769703,-0.5987866864533313,-0.4459262108192297,1.3762974472183023
1.3461246846896386,-0.8573104810116374,0.6526218108277412,-0.47552658842033285,0.5384668213208066
-0.3055173369606707,-1.5766939473072228,-0.37172288904668216,0.541997435563266,0.04840958661463894
1.0833680499536686,-0.929814996005718,-0.2721142461332829,1.6732278463661652,2.954082093141182
0.29001408296104386,-0.5334024186698031,0.992025269227086,-1.2104905192794857,0.8455847853147695
-0.2982204047705515,-0.7149021234672898,-1.4530551842110262,0.30423350473463456,0.9250131297699611
-0.28846056457810487,0.6389052561593574,-1.0012085822526158,-1.3767242182419621,-0.5810632146233282
-0.4571831649893298,-1.8875344821823437,0.09582619333532758,0.061783466041411654,-1.2543859093102585
0.8881622481797323,-0.33391427121326617,0.219573921577398,-1.195215494697679,-1.582069754004041
-0.8308070621418833,0.3534393609155119,-0.7174030806100579,-0.054423315285502066,1.552956876892678
0.5904132648850946,-1.8128951929650468,0.07165875583293957,-0.19437342309083963,-1.211983301065866
-0.7161677806900821,1.0888516819247414,-0.08379204278203531,1.1586288724251856,-1.571508818877218
0.48376445092024667,-1.0669175000857736,-0.03257371645558068,-1.566675263933848,-0.001800550574462947
0.061275726824499936,-0.05797696498245686,-0.7515057110625958,-0.4611413008971854,-0.33532476932804367
-0.04678870812235851,2.4585186183318193,2.039774111673238,-0.3680315824935557,-1.273188197560321
-0.4604732716800683,-1.3293580703498322,0.8084071802451911,0.6923015559159788,-0.8687240206950241
1.207232940391323,0.8478061654788923,-0.8264790299416749,0.37296602101084825,0.36445574849933254
0.30518290818254756,-0.07164285103282261,0.917573535297105,0.14212009240082304,1.1361854539169711
-0.5903105090614928,1.0601739230965885,-0.24317497598128265,0.31169666972033744,-0.0103683114934998
0.07770717245938706,0.5181418382719846,0.46553406656326335,-1.3510113377540878,-0.6938887060929517
0.12672663912603593,-0.2635295395116266,0.3095222378294641,-0.11141079632690927,0.34971638121811477
0.5845098930982625,1.6142806974762598,-0.8669398141972532,-1.0191559421288834,-1.097207513243489
-0.27018555588065873,-0.13076261035383938,-1.1443830724162347,-0.19645715868656696,0.6301944748681998
-0.8143814712242716,0.8906240991575523,0.8537076102167026,1.573633725598697,-0.08233241829857706
-0.008185602885937228,-0.0885404487237725,1.05162620570801,-0.08874941104810839,0.1331658377421503
1.5897081389549577,-2.4281798335752383,-0.6754785550753148,-0.005341196955576057,0.5125871167928893
-0.37760784274293635,-0.3371441080337496,-1.003673066973953,-0.39437953272155585,-1.529577641716995
-0.8817437281676619,-0.23437080839647725,0.9093021567230003,0.08052204336725752,-0.2627675245797694
-0.8270211835328385,1.7514428184290076,-0.1168284484695815,0.8177767456136971,0.19020291355546315
-2.4343153496842005,-1.0672826245263027,-0.09177796683817366,-1.8516594557294117,0.1876353310840366
1.1049255679822068,1.0818680690303184,0.3662529592360134,-1.8180147217746903,-0.5672187711975262
0.5331644020834131,2.1964625513295597,-0.6840259432122425,1.2051942407903884,-0.08865033360802838
1.4334347362572881,-3.25096411278672,-0.6488064579562914,-0.6859785837816489,0.5956357409963488
-0.4071673211465718,-0.14366791237080714,-0.24893999336302072,-0.5596059995685083,0.8769867987551462
0.266976885110475,0.43769501368222014,0.6227844890113453,0.25825636109177486,-0.029365678661117812
-0.9758698231680747,-0.14219640927017554,-1.6578537988577977,0.45371125242643473,-0.7301158732210576
0.6103448941952934,-0.23033570940982948,-0.3072144332860546,-0.10111007743515867,-0.19309714176981838
-1.497863922621998,0.03762728238462747,-0.05177019812346555,1.5812708847057309,0.8130124987514842
0.3198833435002687,-0.5609794307651853,0.527614878802006,0.7292122544604327,2.3027564787656862
0.07213854730224845,-0.805400532032289,0.7593381988930422,-1.322208963578969,-0.5015228684448805
0.5220382567572378,-0.3809853401859289,1.2230302561004005,-0.7371834658263119,-0.9659781896338342
-1.4777280733036857,0.4060218340359974,1.5267347057276033,0.4124110213441392,1.1970003978544166
0.10003168146676948,1.4802113705725788,-0.541148632761738,-1.072475816776272,-0.663972412296089
-1.0479880915128124,0.1067745564901892,0.051285937921159555,-1.3158402131597957,-0.5428435847718827
-1.5472105910053537,1.5328388319292618,-0.10097697285965561,0.6888463622622838,-0.11542515683323278
0.028706285150950955,-0.6437429967179399,-0.4886218892607718,0.7529998230007526,1.1173284113672646
0.40730641876816875,1.3002986858245853,-0.5283072262516849,-0.5745071878030069,-0.40158940999250203
-0.18000517959522583,0.8867569854966156,-0.5580956792117365,0.48271708333790875,1.2240181730041488
-1.2429468312575338,0.29758017959064875,-1.231987017834284,0.07647266537980152,-0.7841090708434671
0.05287601241773353,-2.103618437807945,-1.2603904203119674,1.0948518076462483,-0.048576820236594466
-0.5324376799294305,0.6660745133585656,-1.1832283555019976,1.3639955132583015,0.7006552350098583
0.9059467132527795,0.0603829995272566,-1.4434998692614924,0.18984476869104855,-0.2569315258249138
-0.9376903965167647,-0.08778117115595185,0.8315858891523543,1.1681373136888773,0.5952389077137401
0.07883642619227879,0.6307290127992699,-0.7757870015395267,-1.499491393573071,1.5902876640857917
1.1211930409445843,-0.15538611802587945,0.5770674300422156,-0.37559362622318904,0.047925224991321846
-0.7897853472454831,-0.13798964031484026,0.5053499949603029,-2.4901743737828315,0.3199576233469404
-0.20676075375743985,-1.0906127965058035,-2.4793119422322794,0.9475393361877124,-1.2221621906517932
0.4249382756231132,0.32796816512446675,-2.2991972850880553,-0.3342645434239866,-0.6572838894982986
0.7693103759516514,0.824753725363176,-0.9348396924083476,-0.6932459527701501,-1.3179069946767732
-0.6941114515864054,-0.622391692760593,-0.3125481000494676,-0.9503528608842381,0.24855797451654674
0.443778595327978,0.5946686308939805,1.2081739089291548,0.9904065170073865,0.16510513177479044
-0.4437757728388325,-0.3484537975486759,0.3821612760181989,-0.12383897972322792,-1.321424974305695
-0.5964206451001381,-0.11498502571059761,-1.2406439469451287,-1.0352059999612333,0.38939126333570756
1.8831783030144391,-0.05547117862751068,0.9335501951893623,-0.3015149948350895,1.5840401999451443
-0.5644806319390289,-0.15903281160958793,-1.2175399373024884,0.6699045280422098,-0.4043929824981606
0.7279307775524719,-0.5135190349137104,-0.15992778057447296,0.7202341731896214,-0.9514574688890535
1.666052353460312,-0.7101674816840877,1.8315702307027848,-0.4724554749582024,1.4652618296816329
-1.1533643848785857,-0.29407611900637115,-2.174533001654055,-1.696761273517942,0.3273460036118456
-0.371761170604806,-0.8631931690400021,-0.8374983465275415,0.020273030504565862,-1.2491777893297606
-0.8020060516562765,0.20560712764771605,-0.8600454347195375,1.969684738027025,-1.1548036347942714
-0.6178808485883637,0.19212288118521167,1.9076298552069788,0.6686713952433357,2.3453070652663413
-0.546430902377114,1.9360534678686248,0.11763039993900003,-0.03265779150348736,-0.019850321424226942
0.42781699259686795,0.8581825411573141,0.7014792124420866,-0.8526161998013171,0.6240960273491496
-0.9344813962854036,-0.470451937438199,0.5359816228242293,0.08785434025892357,-0.31390394533230265
1.172094975263162,0.9381311255595243,-1.2545294573979484,-0.17282604938890195,0.6403657790887007
0.9023053421224155,1.8661409505928965,0.9512373409277963,-0.2862224761413595,-0.008005162318382417
1.13655656325443,-0.8986474298437225,1.0160484896975663,-0.09620630078269347,0.894761714229662
1.7842984408173976,-1.972717495567657,0.7984463708448516,0.8642677892899303,-1.079708649591853
0.5862331923631048,-0.1674685668536136,-0.06165162329609353,-0.9676971826434274,0.5942659900555962
-0.9812787771627277,0.3918765626485863,-0.24939714946972566,0.7384794902866368,0.54054111013118
0.922490524883521,-1.355224432881765,-0.18541890741233602,-0.2744406836454965,0.40276040880746783
-0.1492427444632101,-0.8659158356944637,0.6309538097904963,0.022736022333265004,-1.1846841156247954
1.426982384117884,0.06950531678496466,-1.79549143557484,0.9214804078357225,0.10301159081887191
-0.5652038388487154,-1.0279599728522182,-0.40885898465730813,-0.5315213244313518,0.4266207993149888
-1.070775569505459,-0.4126747023647792,2.0391838221844223,-1.088773421770634,-0.35294338712631057
0.4090719323640892,-1.4213735241766543,0.3379539518076414,-0.17629372069790988,1.1525280696246651
1.7240980094098695,-0.42119373587542774,0.0797870473535099,-0.8547219393817735,0.9717440343504348
-0.45930754731174606,1.437291455153474,-0.7827092865373501,0.08936075770021089,-0.10711135145737516
0.22665175772797577,0.20942820913134969,0.24946290470670301,-0.256639307603091,-0.2903326260414292
1.6005884074468815,0.9388808444293247,-0.4700215836849505,-0.39172058012082867,-0.23889484243680478
-0.18689163812617463,-1.5125620319249728,1.1544325128982382,0.3350302947443337,-0.5621635679964992
0.038723561267736115,0.8163540955931069,-1.1974840081723341,0.7145719507125624,0.8406483755705353
-0.5665705685454757,2.1116106913195574,-0.1286784381809675,0.14254712991362248,1.3902885889188783
0.021608472401903986,-1.1266100222163322,0.923964915420559,1.4892473802359998,2.1325550309353485
-0.25592473251822473,0.23576786855319162,2.37779843392611,-0.0677404368078872,0.4837881553823275
-0.9862095338186205,-0.3275354436478943,0.9299800178058926,-0.7698691737641259,1.5498745261326317
-0.5156573763608694,1.3396348106462348,-0.47678019521966997,-1.090514935362468,0.8455019810717453
1.421392723918151,-0.1727619808700423,-0.1146012545870304,-0.24532060124223895,-0.7244752301838527
-2.277936302338196,-0.6817845118589133,-0.2817629802292767,0.6433523651928484,0.9946667893529277
0.45933895919622963,-1.6337599222088388,-1.314438514141701,2.481253963644627,1.01980075274026
0.68657201538658,0.5573539638190304,-0.7237760054518388,1.9839346311570676,-0.4576322280690662
2.169615428931744,-0.30329430507043226,1.8076023918993578,-0.19810569283926568,0.48437557037412704
-0.26031195100341814,0.7945991983093116,0.6630298766067457,0.12027450563866456,0.6569140376029454
0.01407477642123722,1.0899078308711854,-0.5761149132526435,1.4838859629305041,0.07469969630647354
-1.5686189488940794,-1.1330023422245905,0.6132387750671875,0.712663828282042,0.488802923777705
0.9661866811426988,-0.34404659320566,-0.4008676799440002,0.3886510835426682,-0.9158880811063513
-0.1804764210727125,0.2672111039642468,0.10780420718218449,-1.7217792512531953,-0.15732314705940442
1.1653001909188938,-1.3113661940765073,-0.4608810291861334,-0.47789540401137176,0.4940260617144346
-0.24655525371629716,-0.38401951671657986,1.390219105764048,0.7170489758816432,-0.6327793654167843
-0.07418166825824253,1.2808241732982732,-0.3728780181921422,1.0557133172658197,-0.9359074797071346
0.7397883453766335,-0.009063376735382468,0.12874009255280847,1.0465470788387703,0.7726592605198394
2.2806425734749265,-0.05472356980065385,0.4463026240820206,-1.6604365161991008,0.9180948183483147
-0.20935388816535688,0.07202703004817018,0.4679956929264775,0.34570027326542413,-2.1426295018645902
0.47098277823324175,1.20634740590549,-2.2330760633793068,1.189422166993624,-1.5844104118002882
-0.7894170094714773,1.3455327939979085,0.3592673846615901,1.3621815703802882,0.518679188696171
-1.4154602339465274,0.4179059140957573,-0.2096837717231549,-0.8815232541096457,-0.686030643214412
0.26147286673339826,-0.18868036979206637,-0.7293542632930695,-0.018759059660799108,-0.00977356669796728
0.49564408435724444,0.11347881107596851,0.22918113496506956,2.0059252639518212,1.1939270472369958
-0.8654057446940269,0.2988108072913791,0.07580131846157044,-1.9263987664434723,-0.2787821344123923
-2.126597668342504,0.30496398347078,1.6228474405378956,-1.2787857679686774,-1.5328540312233945
2.7896992511616627,0.752889732586569,-1.3011057188902657,2.0835451665667466,-1.271731332315673
-0.6534951696744588,0.7701700528809041,-0.38199733301330807,0.8044919677333927,1.0544609942512226
0.9272445752611358,-0.6456048470829061,-1.2207577095284632,-1.874032652158414,1.3846750080841754
-1.3092470984580207,0.9084259388645998,1.8442067321145081,-0.9804930684570717,-0.4394556941036871
-0.04493342304156784,0.9428773695239149,-0.3287041490439084,0.38946425619896935,0.8375673890230521
0.41158054674241323,0.411842723553351,0.05187534852284437,-0.1927594650691096,0.2848568621221408
0.6992680351131543,0.18605498200068868,1.2704428722684549,0.16202976550512185,0.2212661369638667
-0.3100361321824701,-0.6120254794665437,-0.5042625488881248,0.009649290644239585,2.1742624086925533
-0.9316388160614383,-0.47989440137516437,-0.6362666402808677,-1.5018742358001396,0.09813099688449627
-0.12043113883123893,0.6348562944589143,-0.37080084811100067,-1.5973697880790398,-1.133080189808739
0.14118968199340923,-0.3342592202301922,1.719320105161581,0.7166296461013215,0.4454754023927452
0.17716882102911108,0.05406806190674824,-0.8956689456033485,-0.5968131151912223,-0.07395703501438688
0.039129039400632296,-0.8723707906326189,0.9964404366526511,-0.41748435233190173,-0.42500186591201905
0.28353273035853144,-0.20151179129462918,0.787928254321278,-1.345948996707591,0.6930047601773625
-0.9050923515691095,0.8537047822876536,-0.017576269347576282,0.509875283249059,-1.8590333330172772
-1.0433716929022117,1.3474510198132297,0.8485860587269647,0.22328697183340024,-0.07008134582963074
0.045448258284956126,2.1475619356318094,-0.9876079806754625,-1.2998128488942344,-0.44426469820454884
-0.7504254704283525,-1.594914752814833,1.2867802110777378,-0.6826137554083704,-1.1107034111830163
0.787454056282092,-0.9775638231164473,-1.0673184366361972,-0.4191450517326725,-0.1583776576821771
0.23086677846228915,-1.7983685413497232,-0.011231312274477212,-1.9479795722502162,0.4602629883296384
-0.953300691103069,2.1274083321253765,-1.4213439416002147,0.7021801901253503,-0.33991465848853847
-0.08201286546453784,-1.4740687205744916,-1.7707855015663831,0.6308644510100674,0.036464195011767675
0.651876892589951,-0.09351254998441033,-0.3623589736900331,2.3648968866944906,1.5986996753018436
-1.0990610199570077,-0.9128860925504183,-0.8647358093050407,-1.0412427190814275,-0.1046518984836262
0.042134060367710495,1.5029960431134797,0.68905150576288,0.7869262442965183,0.4292002293958951
0.07987027970974275,0.7147969322308451,1.9801470903155762,0.22420533587915015,-1.6451818398114246
-1.1788072505084641,0.11218477955831851,-0.3580900640366177,-1.0112999295259273,-0.1985593418034855
-1.294477896131602,0.7954032675309052,-0.7482526830185582,1.2950180491781011,3.5658545479127985
-0.664437430969066,0.7615934927816166,-0.654462027578709,1.1798890214465632,-0.4658862803634425
-1.9596810493856704,-1.1359266759708253,-0.24097531994879834,0.4680064064139458,-0.4437297514142142
-0.25645996623872935,1.46629703469501,-0.5528963476705885,-1.237535114482759,1.856635608804925
-0.3062748394653657,-1.137699044858962,-0.7121096319056821,1.006971939014167,0.50829554948395
-1.3671345636196808,-0.7216975352027597,0.937472168490544,0.6918835730536528,-0.32987732354491284
0.047284651117028786,1.6089201205733525,0.6539887697415071,-0.861970607812216,-0.06867510385590322
-1.413719745144184,-0.45997896879365996,0.5836922994508372,0.16068845959178155,1.2265469472511348
-0.04536708223224949,2.028961645183584,1.9416205702475475,0.20768148097635478,1.2787024128908098
-2.056216606528109,-0.19398494537149033,-0.2501011267416564,1.3793522057943366,0.46782446459592647
0.5488276561120478,0.46636375893225096,0.5892137009737957,0.04718684762296211,-0.49153024845873644
-0.8989184232282657,-1.0869101899112945,-1.564864976105013,0.47790659589103096,1.0726121195723675
0.5042340648398612,0.1323696698966116,-1.3480157189408688,0.7145079976493753,0.030141243359459686
-1.2582071050402717,0.20221000653800664,1.1293421412600815,0.49675061547428495,-0.2772890010155459
0.030776089403520186,0.260387834686416,-0.0858450170234721,-0.2462708091487261,-0.856609373427171
0.38680148717966256,0.5131795677106873,-0.32149832420367613,0.6443183455377928,1.2248462808447993
0.6993477101815455,-0.20041600263973658,1.8634689962688522,-0.9558660090731572,-0.9536669171230284
0.5690572905653399,-1.9932889694294662,-1.2606272460322232,0.8558530275444206,-1.1010322022308574
-1.0605416152973024,1.942411345724748,-0.5940649002220169,0.11914377768645824,0.7069184171584901
0.524056595023115,0.5136160730575854,-1.3016426134490346,0.27273304174880536,0.14740470787762452
-0.5054165327331634,0.6380761649987711,-1.1182008037852729,-0.9292436783057894,-0.052293875908669005
-1.7175982142059847,-1.5675745447861715,-0.9751195716374461,-0.8618498222641555,-0.7155136809150704
0.8254834352126277,-2.7167703179196536,-1.4476126419895021,-0.060303457340110236,-0.5331384551825709
-0.8366805498408684,-0.7793463651534464,-1.6209138136666832,-0.07394667948585508,0.3297326512596368
-0.056354756902216314,-0.31858373655288347,0.8004762436687061,1.2494680747526619,-1.6633724521798767
-0.21058193810721154,-0.7642309959117656,-0.601977520893849,1.2595031841069217,1.2203162283293787
-0.19564771494895192,-0.2667885972522827,-1.0899692415397884,-1.0072799424658436,-1.7684470550729126
-0.6563633419879668,-0.06951010524182949,0.5625281778425327,-0.6980297717426024,-0.5427148228034145
-0.012765477332956975,0.2148964415018881,-0.6326368674793731,0.2764213961128963,-0.13093075720082245
-0.4614786542717075,0.6280572870372977,-0.38088127586684506,0.9113536839536571,0.19045955453144092
1.683261590822532,-0.24366240402453326,-1.3923620711577682,0.02665530085452669,-1.1216671621786927
0.39894715677722375,0.4490706955890402,0.04131606604595983,0.7223185720522115,1.3595413193693373
-0.5141104624961248,0.239498896547223,0.6890435677611143,-0.39890389888280514,0.32917036610158307
1.5760194461080248,-0.02521106340408557,-0.5508845788177302,0.25619902059030575,-0.8277443667739675
-1.4620199606491884,0.7052241139208696,0.5072606216809736,-0.16170112760729277,1.8306368975958287
0.22976672524247058,0.6679988794957472,1.6118084317737944,-0.3647185426977912,-0.8863168826008653
1.2402044131308867,1.0584807991442173,1.2163374437132477,-0.4786048430400346,1.1857373783051384
-0.05829180394910668,0.107641639678019,-0.0005079242592860429,-0.9444907832909871,1.7790965224050352
0.6679707056701132,-0.14887908206813988,-0.2981201390488306,-0.3845856885272893,1.1575380002068705
0.08369638727671916,-1.0987528055663607,-0.07488386357456392,0.4887094672708948,1.8725060993427634
-1.0227150487081662,0.6512575795676779,0.46945763689133146,0.678233102774642,1.72618332524741
-0.8141970929466956,-2.2735640110149733,0.43739651107842364,-1.2588016517794127,0.6718169363397289
1.6185396693153868,-0.6546460670179717,0.7531758482686218,1.1113856400453095,0.24401126717655836
0.689667319165162,-1.5118074654160303,0.4805479383277761,-2.083338114822815,-0.9292004908747651
0.694815810651957,-0.651390757948901,2.7573541951688028,1.5037391464334944,-0.8735225788138511
-0.17718026345964685,1.2571887172691676,1.6523179519374642,-1.5560287923158864,0.2700554659345334
1.1971005990939128,-2.3313706678197677,1.1400090758340424,1.3750028189913193,1.1306705139324984
0.20571971350884125,-1.1985478781855239,-1.243749823452616,-0.015024912996149014,-1.065053187142493
-0.04843829932665342,-0.2506793802570552,0.3802594339422102,0.026967280195997468,-0.5278346259321413
1.3903522032684725,-1.5450431888301075,1.3820554576521382,-1.4504239992116557,-1.1236675051377656
-0.890091229297508,0.05032194948324686,0.3477128882243199,1.427189838658066,0.6116659152614327
-0.3164584825070151,1.671061571343032,0.625169254095039,0.8257637694730418,-0.42604143315937887
-0.008818264188285345,-0.10774416416459072,-2.2183903051862264,1.1182503763844827,0.5985490268964336
1.1087947290729623,1.9712786166985294,0.48499946877753536,-0.6767766279589916,-0.749829484319471
-0.5738144583707422,-0.10019492459168408,1.3961652460955907,0.6618034190649043,0.13111024646723582
0.7808726754579756,-1.5597451874595667,-0.5049236136857629,0.5116572490673084,-0.48545017516998323
1.221319081151658,0.2070145804610993,-0.5821200043896799,-0.1457842018012856,-0.1883557457014736
0.9175979664883712,0.00826984247300701,1.253669261969615,0.6671672876027434,0.25736719212996156
-1.448519580435338,-0.38947540070990105,0.8608802930605886,0.5698684172708486,-1.264049877876417
-1.3912529591612786,0.30666027075333946,-0.5382854140203791,0.4474895783892889,-1.0153121701980605
-1.2233829207713858,0.7880620646963166,1.4591795738520776,-0.7464871655990626,1.5472053739098142
0.4593117159956066,0.7860447155255783,1.3580154233595758,0.41023960018992406,0.14295315952309623
0.5602234318773154,-0.0748858384012156,0.12536850394484803,-0.36368757896517667,-0.49522146324724253
2.1249584965033357,0.5997803313606934,0.6974552165606049,1.1943274007687386,0.589687238636538
-0.5063222124471051,0.6053843698183374,-0.6931470133113704,-1.369399195968425,-1.7310266756128838
-0.5760932692288113,-0.49679075695542135,-1.3339759997848288,-0.4458272993752932,0.9536997657915582
-0.10568623681491064,-0.16474279400596437,-0.4048511129629309,-1.0489422924350764,-0.9027713441424726
-0.10118018763454507,0.3315652968635515,1.1890556164381922,0.7113193872179997,0.5192414718267787
1.2540564820273812,-0.7839653867448609,-0.33796493589840143,1.178908486551152,1.8481626639664814
1.274049314716994,-0.10272794199372821,-0.30032915722941805,-0.6032461666157694,-1.0671812689372888
-0.5496510956474767,0.015038850455639675,0.577532607419177,-0.6273279289648441,0.08717877191091247
1.6788179599815263,0.33424380809795645,0.3217009662861897,-0.22739561611003864,0.3862253567352259
0.8350070255843839,0.7066647191256328,-2.0207241722500635,0.8492540843808541,-0.1839008634408195
0.6026228671897232,1.1967992704709725,0.6035022558790347,-1.067485303379368,0.4415650552661993
1.159715147071364,-0.7014224818401036,0.10829608031404789,1.0779748961981652,1.0397816085890097
-0.5170658115552087,-0.03237574385033652,-1.5630724649300416,-0.2887526235831846,-0.3378170703661469
0.9960199619355333,-0.7860024586585695,0.51588698348874,-0.06326732274601782,-0.05521717237715345
-0.534876395252024,-1.8987775069137476,-1.5455799539657438,-2.3998017737444037,0.49277993029385414
-0.07518439790348769,-0.9640372140102303,0.9793698814550669,-1.3756491617867033,0.03896658953205609
-0.5909521667174805,0.036032002931773305,0.21475263334755382,-1.5077071406880918,0.2014988935832009
1.186149770164919,-0.4388006400646335,0.22226569970065096,0.938429319948133,0.5211595019857709
-0.9528945637245296,-0.6062219776144365,1.9183302527149275,-0.12477804271845623,-0.5379510164337253
-0.19634916352974288,0.6363573136324705,0.663782396669467,-1.500469089304896,2.3210432753907124
-0.23872810533057287,-0.9988822478785855,-0.25265214884004267,-0.691747178998642,0.4991226902332292
-0.31981513886852786,-0.4150839013339512,-0.15458915032551315,-0.9684936516976836,0.5967668017642119
-0.9160669356765077,-0.3009143619330943,-1.9866491724051916,0.050392019653332995,0.8331029050036907
0.7281391932012,-1.4450258206266373,1.2248676159228926,0.8653444884984909,0.33574148320700076
-0.09983708175948064,0.09751830286987839,1.6831675462894407,0.3627104137345343,1.3671690280029198
1.8441940288674616,-0.4623115502421058,0.8217783798920012,-0.6114968798683703,0.1949211965397564
-0.809422206388024,-0.10247173825823093,-1.097510653284746,0.8993090495536542,-0.10920204879080751
-1.2349543376482222,-1.0882958515831216,0.6462665428537937,-1.6456927205699998,-0.07168641775033918
1.3117458207544026,-1.5948227790746383,-0.2618727704009524,0.4363864210327042,-0.5007124006339185
0.19273264061924644,-0.21254214087994927,-0.9847045099042891,-0.13373630296738462,0.4885030499124429
-0.5878343699231636,-0.5781018656801059,0.5564183904357588,1.7197422864416214,0.9173494919361297
2.338859705346717,0.8423190563118501,2.0623370146385205,-0.07965522170216965,-0.9397503697107744
-2.3113082958429487,1.2404315503354297,0.048185405792568886,1.1879111403231095,-0.38432777172060334
-0.4662610030180274,-0.8026265925758186,-0.013637769957935702,0.7897476728819398,-0.9672404202395707
-0.7801574180680042,0.5367157252529555,0.18729221805617316,-0.021983245417598163,-1.2819127503293044
-0.9699730370540083,0.5226055860394785,-1.145010408054361,-0.7547443156527,-0.46070960769563374
-0.261176222909612,-0.7758847556325438,-0.7400565982029403,1.1671002338246346,-1.0511843422145397
0.8991264726482604,0.915307907949534,-0.33595694702940304,0.34777773432939935,2.495459740358198
0.20810088417381029,-0.600276403941985,1.7051745542916974,-1.5116940589120313,1.1894797044397158
-1.6300339053647348,-0.5720310127115507,-1.5233304584935519,-0.8432332643283494,-0.831790948615205
0.3295447880176932,-0.5241655293098754,0.8548283101109424,-0.2057745864382317,1.5919596481665044
2.1414049534458526,-0.3421300392285687,-1.604523821317185,-0.16587170776227284,-0.3819020383208095
0.18422985898171573,-0.8028230936361982,-1.9113517249352876,-0.05757007918414867,-1.2372073341257728
0.07585431400314546,-0.3138655907903506,1.7746553665422233,-0.25292647678335894,1.1161259724792698
0.17524517905894377,-0.007486946452690758,-0.11734232229383947,-1.1231234285744258,2.2038332889184886
-1.327287708828616,0.8789340307078122,-0.16525776491368416,-0.50560409059008,0.04568466408065999
0.03500340960583274,0.07095031977936127,-1.1156381315560662,0.7489879605048114,0.09326506354893178
-2.1467531463352123,-0.06923259231019499,1.3085786462582378,-0.16134062538308785,0.5881734508428886
-0.3755079608844606,-0.5353621745823526,-0.7038801886386955,0.10505933476277969,-0.44776018770709985
0.10625620250645398,-1.552956151308384,-0.45343185290931537,-1.7744653089751838,-0.38274795141046025
-0.9496114792972379,-1.0348465477046151,1.106232397875384,-0.03707152226952408,-0.4135539036254524
-1.1184504202306818,0.09889071388871017,1.0621712676039998,-0.2962295518981068,1.2924374664598808
-1.1602065354790212,-0.1292924972339177,-1.8255497244974,-0.5332253464033995,-0.03096122812825909
1.170177044135606,0.19577161608590565,0.17332216705463402,-0.14459121703352884,0.0847466872649211
1.7409513961096466,0.2742899313813033,-0.2652956773545397,-0.22077661185165387,-0.12506437417289906
0.2676345762199457,-0.5824580617436959,0.3503273370244495,0.25794621891511416,-0.012262903585714288
1.5987081732187454,-0.08498356950786488,1.6129584913788837,0.8590990066675673,-0.5496643225784598
-0.29336266309008086,1.257437422837686,1.8713818142344487,-0.9035626195414521,0.19540110861211163
-1.4477225313050224,0.13687619120637476,-1.2863630226948395,-0.5935051409008193,0.3751400628654915
0.4889141949432638,2.1349113520294636,-0.6230629083986258,-0.09108572842660001,-0.06129386985524948
-0.793142316533718,0.7290540045772527,0.5802520456465432,-0.1291749223434472,-1.6122540070760287
0.10352834992084711,0.663876073897982,-0.8174869729351518,0.9267157240051433,0.03546596663892434
0.878498335101705,-0.2570612807318214,0.21765405256910222,1.633643989140237,1.9499395228518022
-0.7077391655889727,-1.4785471272955941,-0.6939917032473842,-1.649050590472328,0.51540182589798
-0.29082657244619625,-1.1745283606031376,0.05167805326694391,1.1671906130390992,0.7589872768171634
-2.3636480344483997,-0.36808078880734874,-0.497270200100588,-2.6392990680986688,0.5103609889722921
-0.1961247583436274,0.6388542188765172,0.41890919177366437,0.06859737810656567,0.5682410132978197
0.632178587074198,0.3832638606708684,0.7436216364236039,-1.6606607297369766,0.10788694410905869
-0.6591318851527551,0.9002764263568664,-0.39881201348849393,0.11510226879975803,-1.9211416592366377
-0.2826309439521665,0.5404561233431756,-0.018718070207434725,-0.4285337161099594,-0.6022653033294401
2.212675944635455,0.248213290484465,-0.8651843947459,1.0779157822869736,-1.336704675720177
1.257120909395416,-1.2860036889562052,0.11292394358495915,0.8707171675836892,-0.6475104133586579
0.4982908921791281,-0.20207689641838336,-1.7036115731766028,2.659972558340968,-0.9097819402756887
-1.4363797615194174,-0.10293195946621102,-0.04024477774456377,0.408043424165078,-1.5146966013899785
0.9024193070117902,-0.23206215811965514,-1.9003710372457114,-0.7319350238126675,0.7216964955100116
0.1544606457166649,-0.24331202899204518,0.6988853840542797,-0.19525582973332475,-2.59371580375811
-0.5678161860645088,1.00386236275415,-1.443144565300786,0.8267763201783845,0.20055849397419018
-0.04895845157471442,-0.3040362133923025,0.0258435389733746,-1.0969776874390977,-0.7898839211059175
-0.9598040412521831,-0.5316241772725279,-0.5812444166645339,-0.8643832772058957,1.383544411410372
-2.00473560866301,0.46895155331059907,1.932924538538061,1.2689269137816517,-0.15366924001228374
0.25847935115792636,0.618538732571809,-1.360844000732175,1.1982290731077263,-0.19945054814146845
-1.5434289368788119,0.27718466184669954,1.0838981526500575,-2.271211335727261,-1.4827559020202674
-0.3949854392747944,1.5643722978814973,1.7398455141010256,-0.5040815214174673,2.1106196128221923
1.0196562911330256,-0.4830567291945772,-1.19301214444559,-0.8602430512216319,-1.4343725764649335
-0.9674937201657965,0.24175008136712664,0.12118330385755165,1.638743754216468,-0.8861351658712567
1.7233848930294078,0.7809865501274839,-0.4712268329373454,-1.3821762182078223,-0.4145139756517525
1.2629545157976765,0.609038823832109,-1.5299326457321079,-1.9699934788438285,-1.4193005430363452
-1.1694522165491552,-0.17389983006739615,-0.24846878969170336,0.3982057689578347,-1.6795841242307192
1.3795943877101393,0.00944286781732907,-0.3193834963120481,-0.6514950114468409,-1.6133483804519049
-1.8013027488898832,0.4125271733173015,0.11673127633366813,-0.3778820097910981,-0.9580357884682733
1.5080019241813385,0.34168402928877206,1.8985542296335736,0.1366670372043252,1.6865986168913634
0.29200051642752006,-1.2366801187619079,-1.568848742662077,0.31653928257509023,-0.2722849819448123
-0.7481753125369448,0.07494909095933369,-0.5437567226914178,0.9560294136896517,0.7155555015293897
-1.4354515692373622,0.909736616668799,-1.9066340836448317,-0.6835523657469301,-1.5039473395384397
1.4697164804547451,0.951997410443515,-1.3208003696627262,-0.5240105896069356,-0.12899599714834004
0.3616110285997036,0.7793711528790178,0.40052119555378296,-0.8272669986028861,-0.28048201623904173
0.1362344755357617,-2.219062210889779,-0.5298293667332901,-0.24175222017609704,-0.6746384128470475
0.9433509436305221,0.34952553051940977,-1.316111211450787,-0.734978410825287,-1.7483546215344419
-0.9166537631974075,-2.2303119671620153,-1.0811126313861958,0.8273067548763838,0.8592478935246697
-0.8889556245872404,0.060179210839904955,1.3867204197122225,-1.8714998238928917,0.3911608644495423
0.511310961223697,-0.43461646504959495,2.5706214792477384,-1.431002901157531,0.2268649690866779
0.5186468504319569,-0.25628964061027326,0.2862323256764209,1.907470266732616,-0.5275836580419838
-1.3530435849555418,-0.6012773460606721,-0.07182196745232088,-0.7410473132824371,0.09483981885550483
-0.5008227454260523,-1.9326134895193603,-1.0151775269849315,1.449505864997754,-1.043058219403598
-0.2712788003161707,0.47051672903307656,-1.7197188172290732,1.1762822774756732,-0.8085543978089977
0.6728144348081428,2.061490609023322,-0.4501526654393268,0.3494972365768681,1.0179039685313844
0.5729181097211997,1.3839630351024517,-1.1424537487565953,0.4368408145105375,0.7419539491289745
0.4298006080522385,0.7194235360882469,0.9500670111426115,0.752424510546459,0.025628281368793613
-1.67715340848492,-0.22446276956131583,-0.7564904312978361,0.7453466106911949,-1.370963618747773
-0.23371429578822808,0.26551826556371566,-0.5754876226096399,-0.23536863853809417,-0.49898169608688664
-0.05715625184853194,-0.9184718727967357,-0.7389476998138196,-1.2516819321166013,0.5395492760901857
-1.3147595944199668,0.40964177238476707,-0.3765934004378882,-0.16643153856688075,-0.6292080587146518
0.3472514432126785,-0.1582882908249326,-0.6863167135046491,-0.07016146386643823,-0.7672404641016622
-0.11746036787717232,0.4442641729276494,0.5531369828174185,-0.900441254969459,-1.9289844498282205
0.4695490686393764,-0.37332480994164324,0.7556680580291518,-1.2955813879213696,0.7452217197766794
-1.3878089944669978,0.7013178457353683,-0.6784087784381987,-0.4690656607670786,2.4502905775983574
1.4624815422760258,1.5827916669302289,-0.3812103886212216,0.8813811544184645,-0.43502965450138215
1.9955249119768501,-2.1210061692117206,1.2458282632509334,0.8717356050116227,-0.6605383089009161
0.7761602303112328,-0.7393254980348954,2.0414552865420146,0.5144784625732045,-0.3358693675103448
0.0954982626627692,-1.3176119055036437,1.0086607987305818,-0.043224571392989596,0.1064834840180947
0.19503962609523862,-0.2559302899763256,0.23948763507938187,-0.12770741493216956,-0.8800199409064074
-1.6842685019923258,0.03995119238259723,-1.2224152626989517,-0.6379882591697054,0.8949521482203957
0.6799246686494579,-0.3153125526571024,0.6955224132879572,0.28029091592293814,0.3651306732974358
-0.2843150591767941,0.04175845696024295,-0.17956066777972504,-0.4216589262183699,1.3259991002827034
-0.06610284126323432,-1.4897714746993926,-1.1907736994513023,-0.03229393179975015,-0.08320601900022809
-0.5871770067839023,-2.564068166877106,0.5361009747226011,1.8730272633354563,-0.9025961308135535
-0.9293210397195911,1.5412909324403652,1.3760654938135424,1.7306925512620857,-0.4365384743217367
-1.2128238347585756,0.6299424150088478,-0.774755641157762,0.5782163859839407,-1.353883071560394
-2.0408005335995725,-1.7222153804858749,-0.231064269524544,1.8786807174635136,1.097947706617509
-0.02978673655741252,-0.9883264402993138,-1.5773286443094894,-1.9303694899801915,0.47146680730928364
-0.8727526810017208,-0.7033761726968136,-0.22781156122078605,-0.16434668832772031,0.2993509654405591
-0.6481196198163173,-0.15177412729386164,1.1845288878328017,1.0286985199244332,0.03669244678932886
1.4107921438719702,1.520358057454551,-0.4974584403691635,0.7838900111215332,-0.8675649858186557
1.2937502953426385,0.3969146174247272,0.5413985028725324,0.00035268822285611364,-0.41050226110756555
0.14497805799826502,-0.40553122402651204,0.020929668831881083,0.5794766494783241,0.3880236774549103
-0.03848355643344071,-1.0591803722620277,0.6783330923648689,1.464824459435297,0.8458108102352587
-0.7752433252364855,2.067616738357575,0.6323453738323936,-0.08496298782249981,0.7991777309314237
1.5293540066363533,0.761295073783988,0.2689932860621959,-0.9663494574067215,1.0136661199685812
1.529002708685439,0.38549696263133193,0.34676131629035584,1.6973151510821851,-0.004057763430915891
0.7004007268762151,-1.3051731978285033,1.2214686441149059,0.5541026004785498,1.4288537771844199
0.28702168746385437,0.3002551260747727,0.5262399353326014,-0.365297858344476,-0.2422662026342365
1.8632639005934595,-0.31448272708191727,0.3719925436295881,-0.90073195250032,-0.14754775981847593
-0.7778473696501008,-0.3472844073368286,-0.11410387626756814,0.7129451364606061,-0.13052265912154787
1.1650709013812608,-0.15844779885867358,-0.1637471681384004,0.6912160045816608,-0.7487385864964912
-0.07724060474534118,1.0412002609305464,-0.5954352514370242,0.37654951217788146,-1.033322412066912
-0.029815941858084002,1.8232199313796527,-0.36835147408909036,-0.18133377188903252,-1.2213356913464941
-0.4943183804791222,0.08713694125842639,0.5084537592845546,-0.2429552805385613,0.6120398493845051
-0.47855201647171863,-1.019710547351792,1.1779769029401561,1.059784715343574,-0.28094121026031366
0.7634914659908474,1.8337895448585144,-0.6306305549855715,-0.44672292012396975,0.15146093304505273
0.04098230275476169,-0.20746189464820672,-0.7322954142727245,-1.0895436881515435,1.3717115311145223
0.8177469815315929,1.1710865816458702,1.6165164516476378,-1.9309878647749787,0.48183862866911953
0.3513095929544926,-2.128284588321851,0.7038127880265982,1.5427408764703945,0.23792729974007887
0.10684028308317912,0.9792400260279468,-0.7415336994106441,-1.6604415326542512,0.634272797732298
1.2916976134837213,2.103725664571711,-0.2143510809582834,0.8477257354846514,-0.5572090962431722
-0.8777346443666523,0.33739730014595937,2.4482217265053956,-0.6322385686540032,0.30708591294219184
-0.5204853040202602,-0.2874134964690738,-1.238024747276056,-1.5279855758504048,-1.2541595483837444
-0.005413008075038829,-0.01497904262949591,-0.5225710837452202,0.36050457396804436,-0.8442598075958729
-0.6872192130805025,2.6304095919305537,0.06106695984333308,-1.2540936345061293,-1.729268392618097
-0.5024697458359324,-0.9639028560624715,-0.0041087466438826,-0.9962672395446941,0.1968521159352677
0.9565025203628684,-0.27974309833562033,-1.5409491087457823,-0.2393200723469779,-0.011292454034470193
-0.2787790313414269,1.0891557618795902,0.10770302028885133,0.9968786729992654,0.16925640258842128
0.04944827340286827,-1.6169008566665206,-2.1836009429726824,0.6865497336337226,0.6237829501800789
1.5179773058715245,0.010473925138148574,-1.5257992849279627,0.42090098936001763,1.3400531518509076
0.6075501271695879,0.05516712807849597,0.43838135334343303,-1.621360645993431,0.7369541489037076
-0.24934395617594998,0.09387008392086055,0.1661320782649373,0.7456634791125591,0.06104369554814308
-0.6544979694587758,0.33645931995561507,0.22084052713327768,0.2598423830321674,1.020436935086706
-0.21217347131199557,-0.7561912703254992,0.441824716402375,-0.16201414188586546,0.15477199540333195
-0.852918070143081,0.3629758796606249,-0.2750043174998576,0.03630292507292839,2.2080399485639557
1.9104837579719274,0.3939803282661643,0.041087868155888385,-0.19643493668722808,-0.9892125743485773
0.12979657437000472,0.5507381654747856,-0.07670524711112517,-0.011897951242735115,0.29896883285855264
-0.7059208867667169,-1.2666933737287147,-0.6227884530986079,0.46408810522793603,-1.3613113424801473
-1.585040356564708,-0.6234483442702117,-0.4961676398396948,-0.47343290285595857,0.7339314202127649
-2.313728068176868,0.81609325917947,-0.19342442979953756,-1.3931335917554353,-0.3112563450643468
-2.8095729305237165,-0.44727564283011084,-0.377655831154238,-0.06021954766304756,1.0537209581932354
-0.7862281071424271,-0.08248633268756234,-1.5560244453414265,-0.16768496318851533,-0.7259353241659139
0.40180906900445956,0.5246704629458423,1.1939910439145036,-0.07036953923212776,0.9182763030420424
2.61465670258573,1.1719478080028114,-0.39534899668456525,0.31736171523263135,0.1630447717330394
-0.8259909735585712,0.2991559014802997,-0.7420819447192925,1.7093692979215867,0.3030181513156099
1.485792155835232,-0.6560489858823539,-2.0933587558293048,0.8378553075944102,-0.26318401206551406
-0.953291699122202,1.1296721137888897,-1.5203240767513149,-0.035657190568896734,0.737253700323851
0.5188894583074255,1.2528191863077052,-2.0938569838022927,0.9041562253283667,-1.706273490238039
-0.0334639115519982,0.5368359001527538,1.6781237322726095,-0.051931623695682556,2.0506289200093675
-1.456954258140912,0.18290312640621753,1.293340489968469,-1.6578373760779017,-0.8905744273978307
0.02997651128191784,0.3785245484402643,-0.609241037142319,-1.827088602072942,1.4777179383346697
0.43367613476487726,1.6830771434106742,-0.529681787269431,-2.4611063940591,-0.5445419585737162
-0.0715120598295777,1.451158437584925,-2.339987946892001,1.8001525996030756,0.3872049292674149
0.3062001188679019,-0.11350835184467076,0.14798139960494833,-0.38666493863032103,-0.7762637892376753
0.5011844714332128,0.0994261460581038,1.7661340309981093,-1.2800973918852248,-0.43492998568455726
-0.31392418930698335,0.07142338396783049,0.9907780693329222,-2.0595652685820705,-1.2505161554465998
0.9812507837268667,1.6711932364952786,1.934432349417522,-0.9354053619346584,1.3273609384551128
-0.28723250322441485,-0.24448179466618794,0.0589931226902825,-1.3133928536650934,-0.6418696022563608
0.03611983673628425,-0.05167775126361641,-0.5319230768099712,0.28667424037666345,0.3788945507270492
-1.8040455373447568,-0.008246383255301215,-0.27557384880450103,-1.7802490502807895,1.8455356894172532
0.3116313185188705,1.1851883482577126,-2.8753913375696167,0.5529384565903165,-0.06701590000207154
0.11054013921640328,-1.249246021936118,-1.483582232797686,-0.678412689965312,-0.0969338284439864
-1.2678188001285795,0.5893405398552205,0.31598802304922324,-2.09469939263447,-0.7935851590252386
1.1853737747551132,1.321767998888242,0.4866048675109248,-0.3347222487996267,-0.9508245485287703
-0.6854139047694281,0.21981739995151686,-2.425962068161531,-0.48692922639575975,-0.0813623543104322
-0.8479406736896594,-0.2444896994172516,-0.049222780900056745,0.5221510751289901,-0.42361123287811947
-0.20669366055870378,0.04666678653583261,0.6452352948325345,1.040368190741082,1.650006940873189
-0.27412204844388993,1.3142908448392339,-2.0061612908666233,1.047772397713195,-1.5352330579300624
-0.13899738487440874,1.2072819069907845,-0.2526018599654134,-0.413180216382372,-0.7511577169334245
-0.39482383517734243,1.9762259249705842,-0.4760336540709797,-0.6790481321278848,-2.395321660815423
-1.658179295180594,-0.13667641309559264,-0.6211111471885935,-0.3460310738246621,-0.07013801232592545
1.5197120518555673,0.7606824797426022,-1.0752876746706415,0.3129454426036563,1.5949992210433774
0.018582268388460842,0.22569108289199005,-0.6123848982865215,-0.08586935083850898,0.6120628980082632
-1.2384323565902433,1.1446038860350733,0.2779120505264823,-0.31911792268794964,-0.8485687271977999
-0.47996801804237604,-0.4514841196002145,-0.31644638376516293,0.8268248425731934,-0.6415861856549793
-0.5484299689190212,-0.5305348473124059,0.1584123631648038,-0.6502110304252434,-0.5979909631713056
-0.6138110879076951,0.0009732472217641764,-0.5562191136603889,-0.009596101434316048,-0.062258793042054825
1.195861017970141,-0.6447615844922359,-0.6884250781975425,1.2639706243546533,1.1178329825255884
3.02531263872722,-1.0353306528830613,2.7860431925635476,-1.2345134970336482,0.6365427845118001
2.543750132265583,-0.7530351700773862,1.3340521046418374,0.4522778963085564,0.24100158715839415
-0.9233102279881232,-1.1164383330174654,0.4064432314457933,0.5167082809182066,0.0756986983289731
-0.6090315385308048,0.2671410529676688,-2.053703050031918,1.257642215875366,1.955166578322938
-0.479414800179603,0.19811314557009654,-0.5969592797812511,1.071771672300879,-0.8718933879350322
-0.6512691105667495,0.8748002075688952,-0.2951650314663453,1.4065830281958693,-0.4342922484394137
-0.24212379200992282,0.0901864455094893,-0.9979809374507955,0.371508615557848,-0.5270688401120752
0.5056202246855409,-0.2970710867099686,-1.3399407422691711,-0.14927060165625922,0.8848406715915127
-0.29973346155404673,-1.6269871186677378,0.5591295156365531,-0.8975043417825711,-1.9137365559720976
-1.191839367389576,-0.47799804800059076,-0.06625024347999595,-0.8186135235514709,0.4485124328403962
-0.5081003911528642,1.2678450642843995,2.5616902561489057,0.9005210461788824,-0.7705734446640055
0.0011108162394050803,1.4408947263257343,0.14886868381169052,-1.803857060533723,0.9550649692317758
0.7557685972496775,-1.211626690595759,0.2013424278324386,0.12999053674706285,-0.4704145003047109
0.9201376160656645,1.077061234070449,0.6473425594794202,1.3349437234863075,-1.5829781115872437
0.12710328402086143,-0.4665763828037198,0.7507344243633776,0.7344668084358781,0.0019513765504703636
0.8274873323686525,0.0028223287405075774,0.6467426620142012,-0.654374461377292,0.5716529497389385
0.7792284510279494,0.08149195138429975,0.8231534041742514,-2.1873183245657066,-0.05131350926037965
-0.6407500475741713,-1.3380439565077131,1.511375503184398,0.5766818800000979,-0.8258089558776402
-0.5571294806347197,0.4741547815936645,2.142777431389684,1.038859632666903,0.30130927834080035
-0.679395373210901,-0.23321937722074967,-0.4740104507912658,1.7923318646173994,-0.005341703777742293
-0.5437004965695063,0.016709438986611827,0.6522812739721278,-0.20940067419775385,0.4425677898043974
-1.6020710841700068,-0.53038236371455,-1.3564022890779195,0.5280841362825024,0.9907874942362793
-2.5787876521398885,-0.9238297171140162,-0.3670649668757102,-0.8357205388430919,-0.1772458071631202
1.2098166447362872,0.2977976436833452,0.03559285736565286,-0.2904710477778022,1.2032877457257487
0.7204807140212657,-0.696962560356598,0.5298745990610814,-0.5430745049802089,-0.41370927377769917
0.29507032057798144,1.7743650002008737,-0.46825240224364656,-0.03411797960244639,0.9178139431219663
-0.02211508425861575,1.0445345482424795,-0.7667062747617643,-1.0094375826086968,-0.4491339258396308
-0.37592162307625326,-1.0225535743021799,0.5611777676368973,-0.03499245205467521,0.29293843596198427
2.2770645664860827,0.3105402573497043,1.0573348077420999,-1.0753605851925925,-0.5988403737564986
0.5319991248280697,0.8044575737652879,1.3581424258573283,0.8502692684767311,-0.8866650759538856
0.4210141639256824,1.602493962987482,-0.2728431155247592,-2.1282760696753944,1.5511135223635506
0.30854276910078726,-0.22591830577649577,0.8473188263107261,1.3011003416402787,1.04960864126809
-0.3087680062590837,-1.9694953254453165,1.4937203233517642,-1.2601868160293968,-1.9843585505206636
1.4433187889639496,-0.24248097850481504,-2.189301029467109,1.481432902990589,1.802420825877109
0.680344697837066,-1.3869815656526123,-1.1672805067816514,0.18869117611808922,-1.0590069632766541
-0.6300151410768571,2.014614128352223,-0.23172269173279358,-0.26472238804254067,-0.08113870625873355
0.002002647414367891,-0.6899777569061805,-0.7757158178266258,1.1541620263690264,-0.4367139374805308
-1.5286043005115815,-0.22484427731700538,0.01941829755270229,0.9596884508867373,0.4218483195135751
-0.26023782953671615,-0.1643764625593054,3.2140221204301986,0.4163814422118466,-0.245045321417742
0.5735059985256867,-0.6626559246457586,-0.6055445589649566,-0.8140236241104554,-1.427049415198792
-1.1464194913435772,-0.5597834198255759,-0.5496438265601095,0.6441654712748605,-1.6257834739244117
-1.5255472905252168,-1.597372273318055,0.22092086092439303,0.486999947826124,0.25165019345827555
-0.52404688546396,-0.5157964813987274,-0.7181723812907768,1.3483894388843034,-0.9596197844805185
-1.3599114590341375,0.4660348668348532,-0.9187200964495532,-0.09787666381325363,-0.8988957961983864
-1.2671877041311066,-1.8270628027434233,1.904720822351592,0.8575210384451049,-0.5251578711774139
-0.6749065217087143,0.4585784639977077,-2.1420630073781797,-0.3590705449592557,-0.30730938391870444
-0.09079758368325316,0.30899510550634723,-1.9004132300419498,1.0912444413649547,-1.2749361758386817
-0.22067205741349813,1.021535520688725,0.4198044323124756,-0.5704665511493398,-0.06442462819396699
0.1618893095766315,1.3368355647395358,-2.075491843503337,1.3695183036017569,0.7023489515757384
-0.8482926248216894,-0.4402428174595764,0.25108967268328214,-0.2527299052053863,-1.0311949388535966
0.7933306336432848,1.6049059762532347,-0.4797102320872169,0.5847129141006984,-0.7613895003154209
-0.36994341456377916,-0.449004128382913,1.8343190856564457,-0.2989540251270376,-0.20758919170070797
-0.467523392275422,-0.12421484186887748,-1.5869191351749532,-0.6099976987459008,-0.893110314831254
1.664647658516677,1.7958083332312904,-1.3664353602454462,0.3772876020872131,0.8256074226846734
-0.01628834418712558,0.2530347050493899,-0.42490719304151425,0.7905343446039746,0.20956032311558717
0.7221736799220354,-0.4144309063377833,-1.9636069836701828,0.9378896859272264,-0.876788363295228
0.5196545806363604,2.0110394691911906,-1.2518960239149826,-0.40773160721529017,0.8257075099298083
1.4983208467124118,-0.48250871165534104,-0.6894373231949087,-1.1513403246962757,-0.8573254700170873
1.3324229275060262,-1.3416222585772855,0.5633925549516151,-0.33166555848829365,2.387511137242194
0.5904232744807467,0.3476851553702116,-0.7987073850967148,-1.2562951088248695,0.15430935264733492
-0.5402299412077934,-1.046919643231154,1.497800694216694,0.8302639053091391,-0.24639008524190353
0.5211288907149806,0.994857222907353,1.4725647538466218,1.5598502687887579,-0.8009778631450405
-0.9680317962828867,-1.2112199428574935,0.8610759788667111,2.4622244512353526,-0.7853582499908888
-1.9340751643012963,-0.25942132873510554,-1.2139872502864075,-0.40561752493855374,0.9595528052155182
1.8074291581275925,0.9860140095649457,-0.3370512000175519,-0.5218856413672629,-1.9013042691660014
0.28683964358596864,0.17811354772504495,1.4262562128786094,0.08796816282600949,0.3815601119017772
-0.04597762103524193,0.7686379710998398,-1.4871306686540586,1.64354007001841,-1.986619493583388
-0.9245463363381928,-0.36883777298524956,0.18966276339573612,-0.20601549334487537,-1.4846173524569215
0.31869397400829413,-0.1464145476663066,-0.22946754789828092,0.7986409863805097,-0.3648277276502947
-0.11405129436656478,0.4962994735727344,-0.27852148183184505,0.5583164058609147,0.9215492606179931
0.5746805402262865,0.8100326555447895,0.7816175499996426,1.4391276781114533,0.5063635584362672
-0.6666873966470213,-0.32204988765134235,-0.2909518811726673,-0.7827666768702876,-0.2282041890810022
-1.548187375790653,-2.265253861789769,1.1054887729151555,-1.5481509252756906,0.6077630568724105
0.5923249690160082,-0.8218215596586009,0.6293050199467772,-0.03303568449342833,-0.5923155668832811
1.3864078302818263,1.2944019681096255,-0.40868804709545775,-1.0058501841891165,-0.6787871896137109
0.555326068979609,-0.6807367539164932,1.566990100447082,0.6138213731121411,-0.2540757689092886
0.13600170192622849,-0.539155649084318,-0.3431866686487355,0.10501761791934304,0.9966607433476012
-0.7148995908316613,0.7212510249322429,0.5436784611011639,-1.134789425904704,-1.5808817935192117
-0.5830611644360182,0.319019115751712,0.18709575165338663,-1.5318618141688518,1.3916520614218013
1.385283294654547,1.4523678145993468,0.11537411405100695,1.4299342076988009,-2.0524685816512154
-0.15521108161013542,-0.6424708720220389,-0.11810081577552016,-0.8548615213297341,-1.393475803167084
0.04506198907391651,1.075327130617833,-1.6666756668375058,-0.5263722230610365,-0.9441319131890981
-0.10870800015381764,0.5279448861901233,1.019780587979748,-1.9925188559526927,-0.8968985956677968
-0.7889503821607011,0.44478303888417026,0.48294092426211294,1.039496339660839,-0.7663529447014806
0.9744822230147195,3.1610751283955807,-0.8707213018480815,-0.29718124782419425,-1.8056855777497665
-0.7147421977544288,1.2985014418359029,0.5476281980051757,1.1561504409826087,0.55630954333059
0.34353103226660986,1.0829017792372706,-0.129928164604721,-0.13120802574681356,0.31809653735849375
-0.19297926334239282,1.178453295341165,1.8081812998891158,1.8854706994682684,0.6292629126114778
-0.7535220288211905,-1.8292226717890543,0.7870494083921343,-1.6980315577687546,-1.6014756299117554
0.7403446977979236,2.1647713224709344,1.4445751168379954,-1.3765618882136104,-1.1338936803879407
1.5578723499592344,0.8660677283199861,-0.9942705860181585,0.31529085524714895,-0.5833943979559294
0.1860551984700189,-0.229216742227013,-0.7933842553628948,-0.19710403389655198,0.5924885374527671
-0.9876676340938262,-1.1325076150563638,1.1953444090232468,-0.7827578463369064,0.44579569625301246
0.9006653603861289,-0.4330064552134031,1.5707386328351185,0.9489733080891941,0.0835102096842094
-0.12291293608593797,0.6365974930473234,-0.04503683241050868,0.14832393795299031,0.08185123267754305
-0.01445418935344438,-0.5089482591397868,-1.488905883261292,1.8819355872719647,-1.1578643621008557
0.09952790689866654,-0.5040081525638775,0.5437140748755733,-2.0312976349035754,-0.3061767703433186
-2.1857565769655554,-0.03518441040616434,1.3009333266038206,-0.8858549425223236,2.52704699279491
0.8613069514706234,0.12191548887743263,0.3220382273222514,0.23293837453309907,1.1215374563582348
-0.41621518325861667,-0.17835668608668598,-0.25736938459972375,-1.456680695298968,0.0059220203510821435
-0.1954599499988216,-1.7228540079813748,-0.6729779220804474,0.11628112869197287,-0.32246803990999606
1.3722265531708469,1.456538480947261,-2.2866671461912076,-2.1647121601347696,-0.2540188319300697
0.32629689776082366,1.487110533801779,0.477357467175971,-1.0086665346241828,-0.32145625097720615
2.2035822925010415,1.4687745237454461,-0.592660731478071,-0.11551679928899387,1.6705444036244417
0.6800131093492319,-0.874035158792318,-0.18435482525400262,1.5522038102011997,0.2967462117860517
-0.9150705666469876,1.8360053155438927,-0.6503293507887012,-0.379608970576083,0.6527390786791868
-0.6726686536586949,1.6007657598748135,-1.8983491315749341,-1.1108175238449751,0.2808928225476153
-1.0811315602397695,0.44535070265600957,-1.8177735301380997,0.35722824993824115,-0.55807319587195
0.13076289604711505,-0.37054777516922427,-1.8232712244942602,-0.8069591893458226,0.2801313561471289
0.9656321490890818,2.4847738578760894,-0.5288296780556696,-0.1473375369823294,-1.3619882777566956
1.1529787999854042,0.2500146515849095,0.3131631960606606,0.2977429012677097,-0.7983466474034485
1.0203613129027365,-0.6676820241164086,0.10658348156182304,-3.230395425662151,1.8878128573467898
-2.396369249557355,-1.9276226356165287,0.9938324680314371,0.3865018819005681,-1.070645135571207
-0.7293016223095483,-0.20882770742223133,1.5961642851901847,1.29198466285392,0.874224314448379
-0.2770869075755886,0.9111108293350392,1.0312802831123142,-0.5723337679632982,-1.4261234877510847
0.9616886896607102,-0.6566771157289435,0.9801269039708764,-0.9237027376305849,0.3954533589805819
-0.9089803501320294,1.225699901436627,0.029518559062107506,-0.2780225502047432,0.19226802973236276
0.25252713571620183,0.9319215050601617,-0.7606949278738118,1.4537702821367207,0.8778154103402417
-0.49652028311480667,-2.686657633445851,0.23496000042936266,-0.2178965621281482,1.1133559668766106
-0.3334157881396507,-0.9270075680172688,0.25062329881464024,-0.6187248796088197,0.31552067869273454
-0.17115893453238212,-0.9591311842784688,1.8518987916777387,1.056041305934519,1.032418134076762
-0.7922095476658383,-0.34020635003968863,0.8151009200601073,0.23057134441344918,-1.217876565112332
-0.12904780786611392,1.1221702836491074,0.1318448485022642,-0.37345214912975744,-0.7690325552679744
-0.03369322690122588,-1.161717895704492,-0.4502573264005083,0.20499417605210055,0.5579956956839772
0.5272920387289172,-0.2593838002611739,2.05018055728136,0.4734058240498682,0.7251582981936607
0.6450361049398122,0.22893354852016695,-0.06420430052551004,-0.06672996298918372,1.482671551282967
0.9815828223447889,-0.6030516947970794,-0.23748794936065065,-0.7703654657198168,0.27096780370027923
-0.1461579194118895,1.1437382543925383,-0.8534663156891985,-1.2861274275852839,-0.7943435780227351
0.8555016856400824,-0.2002778175449096,0.2839279801276291,-1.117392526861144,0.04968357487626969
0.23748037943000028,-0.19018474068315783,-0.20585247684275235,0.9957249790621847,-0.038089589402995325
-1.0552209457197932,-1.2605054237577114,-1.0840992874043425,-1.4131094462291294,1.6011617378416665
-0.34825620927440243,0.07932679131149804,1.9328595542888038,-0.6864086019159743,1.1157658481266082
-2.1428698319882735,-0.07053292614667193,-0.5277396879641142,0.005750933069673781,-2.1726102600622057
-0.3262129409227511,-0.13698231708319153,1.1615794816741145,0.42963272806462177,-1.3679145911987196
0.14409579566900985,-0.4792327946116598,-0.8390622859045168,0.29130712575661355,0.5322461915738123
1.5369680216713208,-0.0996512692968206,0.9371992227675601,0.37948517885782795,-1.170255879419804
-0.18691940400030957,0.12065038030359126,2.265521987671517,0.5251679336639554,0.9057659377158191
0.9521843402560011,-0.09896540834221546,-1.69142567669884,1.1621081643355093,-0.9462152150960376
-0.003658557935437652,-0.6269150559089992,0.5811475107377908,0.768388474886633,-1.5095030685010218
-0.24899042458852869,-1.0197911676214464,-0.16796098721471356,2.3543405623980993,0.7069399992132436
-0.8250318177916577,-0.09870785704792011,1.4909745726909693,0.2720523375481324,0.16012216051533565
0.35190005644523165,-1.2630445572159252,0.2892592143392718,-0.3732488300690524,1.3012265407434669
-0.9343373913948787,0.200235996316459,1.2153792466748472,-0.6682599867188987,-0.9159580299513409
-0.6117873165170191,-1.0450397445804605,-0.4634950736306866,0.616834787066885,-0.5559884765034165
0.22429540554435162,-1.4217248956003925,-0.13230216406463358,0.3411972676438446,-0.42980605726563526
-0.3903695280606513,-0.20667086652546268,2.2915970183405667,0.6243586144735602,-0.3400082209327003
0.9070312867948254,-1.1657568946737302,-0.6201476118106993,-0.25633753723740865,0.6210568621496279
1.0427587175875541,-0.7651696618763258,0.6229005546798774,-0.643820472359781,-0.3833707473393371
-0.8238343308372547,1.4818480368022184,-2.0662494050754794,-0.43992323134597816,0.5500677498215105
0.34084698306711136,-2.4896680111895075,1.2262092816376318,0.9446592406902639,-0.2057707590227236
-0.09108930677489525,0.5525943693225054,-1.0412128716126468,0.620897268356591,0.4640120378632745
-0.20964954607589817,-1.4167478763903398,-0.08591480831112423,0.04311135425267331,-1.328065078529948
0.21462386570266118,-0.31122579351431057,0.3432781231771594,1.0899809321224372,-0.5082061195444982
2.050962442673808,0.04005662116660568,1.0819590001761261,-0.11232973763425842,-0.5286933737768776
1.6578311444546152,0.23107451742925486,1.722389115467128,-1.4414414048441355,1.3640109919978183
0.7537732996758275,0.17896378263571505,-1.520324972344836,0.9405290953381693,0.17798747030465098
-0.22033563650492058,1.0636450743529358,0.9795871913962118,-2.355955809817033,-1.131888803528468
0.4180688400522423,-1.5633974585961885,0.1452501476537609,0.34631849612129406,0.6759312310812083
-1.620161872952056,0.31316904329624495,0.36919772066422074,-0.8186084532425087,-0.7359850789713627
0.9219627136891095,0.7812673266848925,2.091596690817023,0.9992232663522475,1.4484521966621553
0.22008064762951898,0.9579013602221119,-0.1012608651803193,0.7593827659470679,-2.2223732220112677
0.5583794252734231,0.7972638897766239,-0.5594823632199212,0.3079818412171525,0.6112790804577932
-0.6625875090464591,0.6317452877142086,0.0030654880606326915,-0.07847636646982818,-1.1748785460240143
0.840329095832533,0.6267643909855636,0.7823581973307836,1.0399521300019632,-0.9880312477551952
-3.330139099056063,-0.9563885534422089,1.2295609972406205,0.05659517307774343,0.27831738290210284
-0.34806897853221064,0.14115135583563976,0.6354914122133623,0.05044080317283732,0.09723751753515192
1.0694263956142946,1.1622029117234725,0.8145884305714974,1.0632028327816312,-0.4611049201712855
0.01461772283998661,-0.3312224845726427,0.8698164006458917,1.842979951675176,0.23495280188981982
0.2430866253645479,-1.5641180164814121,-0.8380459847474657,-0.5773692882863833,-0.6692742628316184
1.1026266307278774,-0.0897497524853004,-0.7334641037294313,-2.457628819601183,-0.49827997737735047
-1.5354907761773013,0.757255648036868,0.16634371609920387,0.9479972617173317,0.2138851209167353
-1.3298421202954733,-1.9559814367807173,0.2388235940785089,0.4131378166141854,1.7478103063484165
0.714040872534407,-0.5300153707632737,-0.09418835315107221,0.5206869937335521,0.9918721083804662
-0.8210469995855942,-0.8146212631493417,-0.5553641684127322,-0.7147688520822874,-1.228536811043637
-0.08181579429456783,2.2178457622488743,-0.14811714131838266,-0.019467214637737113,0.749043585636802
0.9262039828163872,-1.9745438446875763,0.8292725086020193,-0.7162852610112597,0.8672576653202364
-0.8999958856035728,-0.20942083736154685,-0.1484758377533898,-0.36628935969632315,-0.06307133120519381
-1.5520790484074718,1.0896312618188218,-0.9466141618461816,0.6017795221721426,-0.8324819735848958
-0.6413890981749936,0.6354088057518202,0.09156401489895943,-1.655024238882158,0.6791462147720481
-0.5768357283168896,0.4148433197117089,-0.5984950166190824,-0.18588823689830844,-0.10502232744812177
0.4650784388283376,-1.102147794634164,0.19220451788096685,-0.2712040060642591,0.8545866784896056
0.8490857391447344,1.5511535655580393,1.043866911819093,1.797872259504042,0.3547681045403653
1.0282666236511617,-0.468572166560051,-1.5141401229501925,0.060733120213215135,-0.6136435245408507
-0.03625135406937047,0.6903547565972094,-0.30971054063756187,-0.050360350685335356,0.7401900379275885
-1.3201399023712421,-0.8233481756818973,1.0080786888675641,0.6135517443666535,-0.31078763984644175
-1.824777422055265,-1.209125973184636,-0.7874019232975711,1.5680496371048858,0.03349586582706285
1.3910785396710548,1.0410031534474695,1.4328655457012112,0.7586328643022265,-0.32435091270147787
0.07301872823172247,-0.7418612450132736,-0.24257777442495032,0.050022968827270614,-2.1849023835526737
-0.5606723833919788,0.08580640078655134,-0.8286827482782795,-0.4107339334487624,-0.6327241904522724
-1.3867965453914561,1.2552365905539042,-0.11913549211307686,0.09532101384453476,-2.3959980937417504
0.391866790103679,0.8013215265640092,0.03626408274687131,1.1298976994796281,0.2335392913087605
-1.4554350034075756,-1.1101229004565032,1.3247977636015067,1.3800073607926933,-0.3449479470679217
-0.8354458484841376,-0.5352617971288554,0.9227089855151611,0.15850703066192187,0.08288666134358001
0.7491953376725808,0.0036052209118933518,0.26396968201112675,1.1914801113031643,0.3918249083244374
1.2900515122952878,1.0730584679141015,-0.677885365804009,0.5025305028455279,2.009597093799942
0.46175447364729055,-0.6354523701255791,-0.9409101905899233,-1.094447770459701,-0.07843001239873777
0.16424707976065683,-0.9200346206004998,-1.733880886023683,1.6755044550116078,0.4932674980929674
-1.515441530995647,-2.173152643069956,0.8703565655087978,1.1396805142927542,1.6646081459410589
-0.47616649569870273,0.4286758472725043,0.7481417261030507,-0.3361574127840063,-0.35448880585355413
1.2204597443344127,-0.48977953521492984,-0.36192781272770486,-0.017754678634268096,1.4912105969786746
1.7798040407078366,-1.7616264696463908,0.8784299411590033,-0.2930378139923965,-0.6500705993407395
0.29527300932783573,-0.39032719921870035,0.11910253374085368,-0.21743414601617042,-0.7764726225986259
0.9889181477869087,-0.8481968988744644,1.5623646847037849,-1.2684820894864604,0.32994901118944575
-0.19769807743563308,-1.1383063184576672,-0.3149595799473114,-1.3624047391959655,0.1420487130516172
-0.012628096061201074,0.4089099792315454,2.751643523813124,0.389854493514335,-0.9621416680199896
0.22359210598419918,-0.24205862278481974,-0.3337114426557329,-0.07284350935885894,-0.9573031748113506
0.7344867994898764,-0.6138823123702419,0.073250641421045,0.03260380655505037,-0.5723933054703266
-0.01561520679747026,-0.12699000412357458,0.8761495838935093,-0.13634883700994221,1.6941880857146587
0.1237864423674866,-0.6344936172653929,1.1911072725323864,0.7898547313094916,-0.09998479368917647
-1.3499912723711431,0.70333387296601,-0.027231010746271062,-1.4896231697847018,0.48793197099853475
0.9046032509487291,2.753250017591259,1.446092076700563,1.0478274148305426,-0.9049113638078167
1.046154975623218,-0.013636208395518969,0.6072302194997318,1.6364329627064154,-0.2394403328077036
-0.3238687501518177,0.3889586472979738,1.6875269507510662,0.4656522731566362,0.3897475692174858
-0.28984230588257676,0.4818979068788339,-1.3050522455069278,-0.604972261394658,-0.5318382877026757
0.09651358682566555,-0.36157059432740496,-0.6096605427543511,-0.48263017168648376,2.57388244956325
-0.8433830228481467,0.7320829145398258,-0.7123936582391934,-1.8022165325880664,-0.24298348328856947
-0.22227249580999478,0.7472037288926325,-1.1511331093085255,-0.848799231500677,1.4460692142439981
0.21661973507529184,0.5089612082495928,-0.46149572498822594,-0.20476420825265956,-0.08343499185921961
0.790348123025718,0.2155549473988315,-1.3691850388752047,0.15830379816545098,0.21905097821454547
0.5183650792757655,0.6928373574766937,-0.1330488030872591,-0.8363104208742907,0.2886909622164395
-0.8104184560141396,0.007635581525598595,-0.6210048119123969,-0.006972077493026942,-0.3758594055639466
1.4918213431700968,0.012360024007821185,-0.42506138918256703,1.533854057270064,0.8424297427045089
-1.6271119056446743,-0.20037700412647735,-1.388092706976002,-0.8918843925318268,0.06914791702696384
1.5130425800112464,-1.0831473357355108,-0.6526590452056451,0.058981093346955414,0.46290952613599207
0.606383652082235,1.6764356497963298,0.24771184814196373,0.8019292874524919,-0.149911039478838
0.8863610117694982,-1.6453895665281293,0.0275719713835708,1.0824496660986402,-1.5462533138946077
-0.13330579776983775,0.7862453555758884,1.7822294856445464,0.27930428181732336,-0.597800719552037
-0.13593331294878067,-0.86808102833462,-0.352577125170122,-0.7634216438707949,-0.8581642943511006
0.38012822833803683,1.0678828973549501,1.8731327237838775,-0.7448158342654624,-0.3547123801742588
0.734357630175978,-0.5581593156850652,1.4324874252745396,0.616917968691077,-0.6903372002179746
-0.13783387060028207,0.4261538246862456,1.1049207617587455,0.15340362247731157,0.17374608885968387
0.06157623796145247,-1.2395981195941008,-0.7171595563317602,-0.6404633116128894,0.38846141246602567
-2.3638613656332694,-0.8704508478888274,0.3529333060311151,-0.6122173547639678,0.4507024800504904
0.1757243842641004,-1.1762612668487324,0.33453164804913976,0.5048894204610662,-0.5150319109899986
0.7725913296760858,0.41713267374416,-0.6801649742065268,0.19904450214579866,0.22015457419876197
0.28685948384759385,1.497191570275995,0.8839147438257158,-1.183426228175857,-0.3396349222715667
0.4796663730504741,-0.8380171467129519,-1.0600998155329824,0.2013875683568557,1.5175536631473165
0.30681459210065415,-0.35380052592318373,1.8116699315572777,0.1297361320193232,0.46904767395619557
-0.9756845197255765,-0.45544424730637806,0.7498024785643492,-0.07579896849420173,0.3750541635898488
-0.15646920098109093,1.5807523977404934,0.011660537766079924,-0.3038489357036919,1.7213735195026125
0.02136550008517098,-1.2530705988893962,0.18573656720262904,0.6313110853789328,0.8186451053822741
0.09934115258932696,0.9367627070470044,-2.510426665299926,-1.0296451592052418,0.14566503789154545
-0.48081683111687223,-0.17380846074811368,0.3145952759171521,0.08109684165633894,1.7802525133808096
-0.2799423489532908,-0.36223521123206853,-0.6953549011567159,-0.5802931715638852,1.1092613643213607
0.5187693042342552,-0.9924601662991992,-0.18962980878403257,-1.1794493428812487,-0.8967556768910723
-0.8608969415586141,0.28042977251425844,1.643892465329105,0.03666103509874962,-0.7398219240213609
-0.6237397110104962,0.2813106533464205,-2.0179907309792213,0.9560550488329487,0.8102473793657897
-0.6839916604356941,0.21055102657813352,-0.1283105907077839,0.6653251112596361,-0.26662814038154037
-0.5009439776631817,-0.7645297390543648,1.0622297715373237,1.0896362484932052,-1.826760722315475
-1.5277172383296933,-0.4605226184230774,-2.019870396659269,-0.3499795239430967,0.06754162073829102
1.3039016414338123,-0.619225101020524,-0.25593885120138854,-0.5292302622608078,-0.22825014696053914
0.6615743856167055,-0.33815940945590517,-0.25333057278297416,-0.159014019219392,-1.7141105413095923
-0.15989244097734165,-2.6675208699814705,-0.42701695008457696,-0.9060263327448674,-1.4863743355780241
2.4148566389833577,-0.721881282860225,1.8016538783276712,-1.0982365666769371,-0.49635534725819636
1.7926770635570204,0.03792019645505891,-1.7694903488231444,1.0150577142745378,0.6795377184713369
-1.7596143007366485,-2.0513313393024193,-0.04121824274177319,-0.7089035662869433,2.2335306518618396
0.051430980576242784,1.657123219486908,-1.9172251692258995,0.6439408827632808,-1.3738168759000018
-0.8563784633340232,-0.6387543222754537,-1.801745124760423,-0.4491844359235392,-1.2097062475953777
0.6831541403639677,-1.3976619831387609,-0.8815401989327953,1.2909781520536516,2.1023781659865195
0.5244644901205318,-0.5624653732422453,-1.7481022745053054,-0.457918048032347,0.5591977030745523
-0.296709256037124,1.0575961220051653,-0.1683507447836629,0.023723386381234512,0.403033975981521
0.5793358460950778,0.05484734178265524,-0.6816901568506739,-1.0484683767812755,-0.23078441538485148
1.0387131362734217,-0.7532982995113537,0.04994442792065299,-0.3039221835453369,-0.2205028252431834
0.3917964864347822,0.037977896657271464,-1.8146147978573424,-2.4146800731589426,-0.11870848900778412
-0.8150192289896984,0.2453238161818233,-0.486196828970069,0.5836335544960913,0.3950052643840409
-0.28945912497204507,-1.5723216565039075,-0.7685083398753945,0.127953688847936,-1.5581840101104323
-0.16269371665265472,0.5654227190124488,-0.19105232885471846,1.023339478506803,0.38439166381681505
0.23234509380661592,1.075733454016834,0.4598977974059676,-0.48412877831956286,0.6504607793422724
-0.841717394447607,0.12132150281000205,-0.5145115686121966,1.9393583033192139,-1.11773701549146
-1.5956259152599541,-1.6570725142129585,0.5080791805324844,0.9527618422946048,0.7019547966165937
0.5717361348219632,0.23155438091241876,-0.04397151435939332,-0.39560554869262,-1.1066728470805307
-1.6503392797840828,2.3321926981906884,0.3256686975571539,-0.817257458201653,-0.2158223002469638
-0.24183385527861648,-1.5478199977193003,-0.23895741741585458,1.0689606026615468,0.008869624024474889
-1.0497182456636556,2.085624894738915,-0.4408838032823124,-0.6497709519108662,-0.13899568663844578
0.05158355983705636,-0.08429002063432073,-0.20504254735917643,-0.294358635605889,0.10955370955130028
-1.54982866970054,-0.7810800590550541,-0.34702974721463514,-0.39891570586021347,1.054623960368616
-1.0335215665449988,0.15397017951980524,-1.2061035183483437,0.6649453994181551,-0.6285869895930423
0.7648622313771466,-0.5047174942616054,0.050019360198321525,0.5552646857181658,1.1402468058832191
0.9430210863596619,-1.9592469888836623,-0.3261942813850335,0.17735300775656107,-0.00540914722739865
-0.029254415551304123,-2.085238299868635,-1.1605311113219416,3.05264706353665,-0.5333415641300019
0.20553926212467974,-0.6488266114882191,-1.524642578143568,-0.7219817543212741,0.9559237098407525
-0.30975335521725,0.09870905256464735,0.23237525143326818,-0.13726701918154952,-1.2258414896128558
-1.4366275719468142,-0.3191955386498338,1.1412091820580477,2.2804184995221126,-1.1516342754438311
0.09869084559845762,-0.6082289400621761,1.3253503236029782,-0.073611808409839,-2.2265127142812933
-1.293683575789046,-0.31897136807093995,1.5653239392326188,-0.7546901768198193,1.6774321670028733
0.2552635380257379,0.7113068737985083,-0.3285190472837908,-0.24644944261137794,0.15022841071230747
1.1862137358268552,-1.318687260450213,-2.4645286795142205,-0.6627829921377087,1.0619450710212686
0.942464121390491,0.15431968074061622,-0.3162276291975065,-0.12423512060419295,0.25633198323473744
-0.1597982041502213,0.3422423531481033,0.5920861510892619,-0.5740977577064061,-1.6040024554132062
1.7144306213890883,1.000562453276702,-1.306798212801201,-0.6974510581270085,-2.7257851906085584
0.3011397507265371,-2.0355027911555554,-1.3298617784676392,-1.0207522954202493,-1.1676492059560666
-0.45960826133859195,-0.431271269287621,-1.5831367649689805,-0.5742724442644135,0.0154066297828349
0.40148598914299866,0.6671960322146021,-0.9835858817279767,-1.4249067908858797,0.1542118733761869
1.3514477955158857,-1.8174071394171782,-0.19555043516854556,1.885501145064861,-2.40965640178757
-1.625170861366339,-1.1529691550515435,0.6701427192429389,1.1439366482106297,-0.6965128195250796
0.7609111828914578,0.4244503208137989,-0.5114196967790795,0.13492121760518086,-0.5602573483043927
-0.9827151782196868,0.6646528408907205,-1.9775860317854825,-0.18334335355334389,-1.1281988107869785
-0.7245687558922359,-0.6309018804642328,0.706837159265947,-0.06078775491636296,0.26889550725823874
0.7160338130883612,-0.2213216770822669,-1.4371817715534232,0.26141514760581974,0.02020312996269334
1.2472593602062976,-0.453043165196867,0.5570604920416721,1.0741863662350173,-1.319211248097314
0.5445545698160505,0.687608491827115,0.5758920845085821,-0.22788997761543112,-0.30052146862491813
1.0206804525426032,-0.6415778794609251,-0.3863916086461384,1.8228632162137368,0.28801151526257524
-1.0830899611241156,-0.7823284206894897,-0.3331908852916897,-0.05734438842862912,0.578909781882975
-0.2072689533580272,-0.2654547658069121,-1.3334107162463968,0.34929293049947513,-0.07331485294819255
-0.6025963224245098,-0.7237362852667713,0.1655758511109365,0.43346461471733805,-0.7656647099033187
0.011864443609352248,-0.2909898024164684,0.9056107615967144,-1.0760072075007845,-0.19090122373245613
-0.2585048047201866,0.6554088919851321,2.5398482920334824,1.1182325016306813,-1.6333010717551117
-0.4718085772230176,1.4716624957044078,-0.3106432654605999,0.52215089001752,0.5229020402678413
0.5429422226356192,2.2264851024934016,1.2257404229005795,-2.045372099890019,-0.39305668070052724
3.040739406741765,0.4381618393130795,-0.8293729276645706,-0.09392805583386947,0.8426471123376655
0.14465948372407267,0.4372978680528672,-0.6387469485671882,1.0332060726833185,-0.22470752498514682
-3.991629744138455,-0.08157732850657881,0.7189052414407702,-0.02196954830640135,-0.8176857034099099
-0.09204755860988727,-0.7975046679172831,0.35781316033560445,0.9238128506440912,0.8257543551957939
-2.203370103082077,-1.4094328272113879,0.8141080648131055,-0.4447550640214958,-1.222006674045472
-2.07802661208215,0.8020312633752317,-0.1499153048962211,-0.9036205032291608,-0.35144997555836877
-0.13514458656075573,-1.3479077856419506,1.8509621278355108,1.2216188127401546,-1.691343034024038
-1.9843945817422883,0.3526408226952852,-1.8447201521205492,-1.2347703046479708,-0.611717687618123
-0.14365701797123384,-2.1092310968851766,0.050853396107310364,0.5520631098605115,0.6790213831141532
0.3568906964887645,-2.1735480881429745,-1.181549939692226,-1.0569112040418018,-2.086531138231956
1.6915498344779896,-0.49207646199245225,0.5829514367489569,-1.2535854123009686,-0.4049277119910468
-1.642962687675582,0.9927078097092767,0.11942605328015457,1.3640870138970502,-0.5598208772346865
-0.5713309953541031,0.17016256280251968,0.09743275245620707,-0.5248542053318892,0.9602137259646167
-0.2983438346772728,1.5226957244784785,1.0622882324265688,1.2650195737583902,-0.5966024627337475
-0.22271991183661236,-0.34707812449995884,0.049755397594393916,-1.1077037498526636,-0.2451275445313692
0.6579810271849359,-0.8259557480286752,-0.3856170379075271,-1.5381665572429954,0.13242525415135073
-0.9760551776909108,1.0746270306657508,0.6256678769395699,0.13685911992835215,-0.3510343470853568
1.0221091187939904,1.1184359951120268,-1.6257165165257732,-0.8382034120395887,-0.5522168121752444
1.1454861022476335,-0.8178383838871665,-1.0052786745936084,0.28069348091174556,-0.056197929565904886
-0.06700231557455943,0.13583453515521784,0.106825416258061,0.194065029122751,1.7918521038306712
-0.6202890242744125,-1.856952235655425,-0.8131841832804869,0.3385145885578633,0.46191797261491024
1.3247150740668274,0.2328098791625417,-0.32994819101712375,1.5189347614249429,-0.43050951923441133
-1.7358397218857398,0.2676589265243051,1.3790100065155868,-0.33224100008183155,2.633945005377194
0.31540080192617664,-0.7690036771933979,-0.25537410913667496,-0.38784126376077,1.0697469847505447
1.3614745368977608,-0.5528557583381902,1.0630520493711542,0.7437115543691266,0.18403785810747209
1.2632834983847598,-0.11847927428286498,-1.1260852837715356,-1.2619434518867914,1.1755960162025068
0.49511164240204075,-0.30262081038394667,0.7896669468593377,1.2224206985877473,0.45734168853333323
1.290998029989377,-1.4292762628405125,0.03000921972957557,0.16452975342866794,-0.6829011361229675
-0.21056256115414546,1.6573544802260811,1.4789375759916628,0.15264655607394392,-0.42145879375061535
0.9710582255249715,-0.14954027070740034,-1.2512193065288637,-1.5024402091686215,0.6297068609983322
2.4838004521292842,-0.09288875874725346,0.32426641110623955,-1.1271659935273552,-1.3352208399522825
1.0187875850579777,0.9557463860379317,0.3776542408728244,-1.1337158503584384,-0.33272056148701606
-0.8635610833816867,0.6659088328971258,-0.9801356635874405,1.5922767001689022,-0.7830502489100343
0.23716294726235043,0.7886284914358804,-0.5224384581416327,0.6736401510614201,1.234511558091833
0.535976882736769,0.5627831627260771,-0.12840643563081003,-0.43849254815166266,0.46432347456337314
-0.5029660039596402,-0.8704174634411951,-0.2024307056520464,0.8918735175151034,-0.522988428691245
-0.505396801449278,-0.48207851448817257,0.05563135726635811,-0.06502072001906674,-0.3890661060993299
-1.17449038527166,-0.6503296250774989,1.5384969441717196,-0.8716639899446579,-0.7182295184951921
-0.6700701326847118,-0.6926261777819159,-1.0484233951161595,0.5605642729422219,0.7619854727889236
-2.3169037366703065,-0.09289326714760558,1.3784118760035833,0.9323561073133403,0.26484374633942587
0.2617981094333725,-0.6705002860773682,-1.247536957924664,1.1726803456920813,-0.023649261840980863
-1.159735388139354,-1.5156910117950826,-0.97196036355117,-1.328578517440661,-1.748330020082331
0.8785836788768675,1.455848915298048,-0.6011547013000337,0.33756914201079663,1.5085944487693699
3.6147540682049706,-0.8894378759891692,-1.2004156746707146,-0.8698834678277191,-1.5609600087379716
-0.5986734728943934,1.098631817621953,0.10457230249680753,0.0020523306984802994,1.550416165407385
-0.047150739350574414,-0.382354810657061,1.4622598630544987,-1.2702637275853168,1.6429605631898652
0.30259601964263544,-0.21675343102344072,0.794577978777248,0.7404892205343885,-0.15297008762203126
0.21733088895710903,-0.8423110204969195,-0.5845593556080667,-0.023693763496605225,-0.6436335339809851
1.5685002633373328,-0.6303917729529684,1.0809502872113,-0.28459130950865713,-0.20737757634130835
-0.2889108802293922,1.5133601902549279,0.48891244756295615,-0.3872201352000413,-0.46696313334902523
0.73883806920654,-0.6245361966907803,0.43794268958235116,-0.2941862211059321,-1.3232337526792426
1.5060591724479948,-1.2153038395211977,0.7581103501099529,1.457909984557057,-0.6148761788270405
-0.15824173277559556,-0.18261354071042388,-1.0978512871329877,0.36672127558414974,-1.7835559946640265
-0.8943772821313857,-0.07669116727644447,-0.30058456157963476,0.0838681126933092,-0.09457082400359372
0.3041459559456988,0.34576630118437707,0.3667436692138542,1.8083259488135703,-0.5028774832563804
0.5198179631759914,1.1478838784353136,0.3386100379001802,-1.0071340522112981,2.557083325846157
1.7670578507750612,-1.167968319494081,1.1311557678165287,-2.4476265976962766,-0.19906725789379098
-1.1851486256302894,-0.2376920612453354,0.6819028225218766,-0.23261547681392664,-0.30289639692933107
-0.08820895648978892,-0.3985261455502545,0.6259276636563144,-0.48304919151373804,0.66866020156513
1.767453480570339,-0.29970606740228983,-0.9532130717600338,-0.5116469477936397,-0.9525990361407366
-0.952202303087551,0.0864608764606607,-1.3190382716191502,-0.8184857050302411,1.2726485124038032
0.1269251582540415,-0.15730296228960378,2.3696331495529246,1.9837408352080457,-1.1054109427510739
0.9884543882415919,0.15659911838729454,-0.8141614710275877,-0.25774167557596317,-0.5925252601868906
-0.23693757213173833,-1.7974522781441762,-0.36797864127776625,-0.8833453011303355,-0.45390887494544013
-0.3003480174150144,-0.41266861376021063,2.017193404965528,0.7283404970772422,1.2867854791824564
-0.059482050464283814,-0.5275550680579452,0.43139398587199473,-1.3986136080659577,-2.160233304950566
-0.36635443376885135,0.28074716253763643,-2.0033608490083084,-1.6401236182963974,-0.6904538882464343
-0.2040166692365158,1.2478826067656528,-0.17034130238565978,-0.7313011658049359,1.7697322714368642
-1.7543786244149426,0.3277207185903264,-0.28462388373414027,-1.8303161567365636,0.36656256271633225
0.39247227533321866,-0.8064096693014206,0.38636591412028887,1.9973088524013847,0.5374272360657446
0.8899655499960363,0.49222920760492095,-1.9691049006256343,-2.3113764025221464,-0.07920635559261681
1.6650670194905481,1.3078927925409667,-1.6471854216554074,-0.6886092011561764,-2.0851554523873927
-2.1959209604092513,-2.2878509780710443,0.5165645683144184,-0.7630672736715982,1.7598315969627725
-0.11983564615188631,-0.6460594721612777,0.5585665794994874,0.07353656222784782,0.979064584045425
0.8735852893959911,0.10292409720540292,-1.3533685017235593,1.0869978770650701,-0.41072100762836766
-1.1056499711854095,-0.06016984709288457,1.0835787136039432,1.6815901353639253,-1.1163905528737446
0.0032337812036949717,-1.5779454963042958,-0.91443684133196,0.09058784200209373,1.4016899153947915
1.3006709186316092,-0.37494023498893814,-0.4589870996849421,-0.6178096526579506,0.42594943783833544
-0.28223143494999786,0.8289759355681379,-0.7068311148931612,-0.47006927709478286,-0.9489420172277873
-0.3837155471405802,0.9032005453919268,3.4630782387979866,-1.8956417061509188,-0.2562203413414212
-0.3268530573002345,0.6680762964362182,0.6086780155417257,0.4025529046195584,-0.21687016481887844
-1.7834020947871216,-1.691138666247407,-1.0530502369685049,-0.4277722087038055,0.250549868943378
-2.1006824014611625,0.1402182928383393,0.8425791041761478,0.9897203772739996,0.22219934696433835
-0.22683290754124227,-0.17307910532932416,-1.4910186278691595,0.31349284101074393,-0.42282082652053704
0.3458935348648483,-1.2390402905629505,0.62326021512244,1.1063135341946864,1.8377293356242972
0.438575463996036,-1.3915473060352426,0.758890511822853,0.47052748175489933,0.5755014646705147
-0.14184146324191435,-0.13108785197462577,-0.13975748420709816,-0.47886668025212664,0.33842798099074656
0.611024710192163,-0.8370590117877945,-0.7129767687787624,0.5210187354617202,-1.1335011274973417
1.2196975498753166,-0.5444672927853182,-1.2176379858739395,1.2767902185901703,-2.1603531296659977
-3.278823385049913,-0.6972092157197075,0.81286322997428,-0.49154548420927,0.06451994955156164
-1.5969908530898074,-0.5355084213202351,0.8435437935641298,-0.2218074541203186,-0.10120798232623428
0.46113186154648966,-0.25449561910007434,1.489431792283118,0.449373730322115,0.9464578873715066
0.4233016263522202,-1.6210336743338998,-1.4413408386480286,-1.6187574528138111,0.8019246857168383
-1.0723709901901084,-0.1024577336683337,-0.4982286417743197,0.7224419594712547,-0.28976672680840815
-1.4175704123909063,-0.12963642511868437,0.6793960533440173,-0.31028234791807036,-0.6986058599478341
0.3942547455437252,0.06321795445871148,-0.953158091819252,-1.2684824019750747,-0.06602240839931484
0.6141878294297545,0.3026561425498068,0.793918428412264,-0.2109002311989885,-0.23829523315309942
0.5977224015245628,-1.47199214301247,0.38830957933042914,-0.7084232160058928,0.5989463780200203
-0.5564831988663653,-1.0499527170632212,0.17040828805773295,-0.7487846261892284,1.65501396780308
-0.3677484720991197,-2.0154565346309696,1.079366717483183,-0.6804761947680111,0.9527674449520066
1.0030348772784226,-0.44709665781508584,1.4265414205743863,0.37193321447817584,-1.9172405503185617
0.24993631371131936,-0.5726731915269553,0.4406981336594632,0.07576638757102558,-1.1017948972089728
0.1942162131402346,0.26615093220569974,-1.1452622169754885,0.8244424681377609,0.8090444373066399
0.333254813316501,-0.13456832715368594,-0.37025957812027627,0.8391139596751418,1.4916653816523235
-0.21056022136975378,-1.012928915212001,1.1157308433829414,0.7524404773639553,-0.9109729746693773
-0.6985003285561696,0.3792814345498969,-0.3442817562151683,-0.8911786646001862,0.2998843533970181
0.14987127246412638,-0.256025814831403,-0.9179144964304851,1.5779943023825507,0.6707579944263148
-0.9842329312329813,-0.34424855806986304,0.16336791595512634,-0.5146607286309569,1.1831407752229435
0.3401101937772923,-1.3184193363339787,1.080361296017388,-1.0209738650305376,-1.253125050571836
0.4013258653454126,-1.9312826487307704,0.7213880372214375,-0.3187622447179492,1.9722966710367338
1.827902172587951,-0.8702589577123873,-1.4579291487503623,0.8988427453343529,-0.647203906014022
0.23301773303633078,1.0237427286174798,2.33399995438069,-0.061742575445751985,-0.5184026487012222
0.6634957454503418,1.1962684364424934,0.8897873118917881,-1.8824563831435477,0.9121461209236025
-1.1521378934517719,0.7880903727427327,-1.6449397220255866,-0.43877088580817525,-1.7688382078238893
-0.07466045807230282,0.4340027990714774,0.10948689381440062,1.5676289400500416,2.722414781463088
-1.1162358776394259,0.605756157677756,-0.10896375785286512,0.6430370915424697,-0.8662314016605882
1.2319566408653098,-0.4608674650199162,-0.6392967095399696,-0.8294786028223515,0.2248739824662638
-0.15621473574369596,-1.1571471832261286,1.9524558376012937,1.2290253246616833,0.43515729678128373
0.6408779974019462,0.5316796099173828,0.7920450621130434,-0.6974722631893938,1.4699177410450526
0.8905095315258801,1.8000082492129263,0.03384095195315288,-0.09141079150054368,0.11428763237518019
2.0459228945383807,0.7578634737054771,-1.8089188766385242,-0.002375697175126165,2.882481079159541
-0.8667372415759222,0.23728728993007292,-0.620704311511391,-0.9060631160822824,-0.20896415152628905
-0.43398122663759875,0.05750788884088846,1.3829970134774692,1.9411113580763504,-0.8117886292096652
-0.8992176378611318,-0.33631974515521224,-2.0934952031786027,0.106974508295241,-0.7121810467689946
0.5982237266053132,0.9701856184735916,-0.5473172379561431,-0.8762268230967011,-0.331726396746342
1.5837623327538424,1.5227171329439249,0.47791600115199073,-0.21803945793158933,0.12663872714421825
-0.20599366570379415,0.40305233582503736,-1.7853676655442692,-0.8744272929644681,0.17842009348944968
0.20252088736311108,-0.5976334219777462,0.5528837893641736,-0.8363601183036035,-1.0924925365165028
0.8046431132794171,-0.9881973328336159,0.5297383343203897,-0.09302018363445991,0.22351244830908532
-0.7450963555403112,0.018581256146980484,-0.23545571402432,-0.8177462014252771,-0.43177516275531
0.5739653013843357,-1.4181983206516948,0.8007214320499497,1.087254933881038,-1.5195950600216006
-1.355350404964415,0.009669787706451978,-1.785469675994935,-0.6737171651829911,-0.6336642231347782
0.887358271081717,-1.9013847063936213,-0.7421119124662445,0.7038190812143451,0.23427496251621974
-0.5073363213109157,0.058235539297047896,-1.5067277017424685,0.43509832754582106,0.06521833614659917
0.12798093444581612,0.7580675490306706,0.22737126839117225,-0.13122485375340776,-0.15301501290893016
-0.004870567673427031,0.014334508310639848,0.9582858159373425,-1.168574657018109,-1.7041977656245089
1.2259706328225197,1.4543534009130337,2.201741873659358,-0.08498289051621707,-0.39333835236085557
-1.1770524516049647,-0.23459017932033283,-0.8391654921196802,-0.5784626415104313,-0.9503889321351441
0.6358896331801687,-0.39054038054430235,-0.3589435251610762,0.24808035677160012,-1.5564189705061575
-0.11897033404330783,1.0653332288862758,1.1342964270461044,-0.31736575227624075,0.33739150690425646
-0.6392560558261895,0.3348473028429481,0.7714818223991824,-1.2145815319629394,0.7814066842787029
-0.7831102165629721,-0.10749744033150188,-0.1551972974313721,0.578687039370223,0.9046549934400103
1.4273566433924922,0.007187318051500846,2.131143814982283,0.8740571897762958,-1.2350015093512057
0.12115592091436159,0.0025567633873045227,0.5580241178874907,-0.4204706561121505,-1.4631868801358499
-0.8086327899791927,0.8815070761891182,-0.7144761158816034,0.35473122576467164,0.7448624666853806
1.1040804485147024,-0.6854447285583656,-1.5063877584912133,1.5501713069420495,-0.36414918371547006
0.6042756945790814,-0.15384026460788144,0.20310955482935603,1.6295764048596404,0.6001481930652335
-0.820258777990995,0.802130652665338,0.7610836664343147,-0.39004014431457656,-0.2034764475400343
0.6658274690443033,1.7098550292608705,2.052731978739629,0.718497557587117,0.3176140856381686
-0.4851748375483221,0.5402295295174511,-0.2535145125628261,0.08112557433985527,1.5979073051563872
-0.10241629475258501,0.22460182941016008,0.37801877693062635,-0.2864552868895242,-0.018931371562089797
2.210291394070194,1.1300520815538582,-1.2432703322228051,1.3801521677582127,-1.5572784620386297
-1.385288303830389,-1.5227313985735547,-0.4540815336100439,-0.0817598949308582,2.661281673338796
0.9401256768621519,-0.5134544810929189,-1.230653627912367,0.791229400542223,-0.5816366042641693
0.15631770325089772,1.2396081022111092,0.8617378538178928,0.8670601586054253,0.7582259282154308
1.4374277887878963,0.23285026114242022,-0.3376501585836048,0.8062618190528339,0.9870074094025942
-0.01826410337010263,0.1764403075360456,-0.1107835686846294,1.773591372576369,-0.538164141853159
-1.1098212985299134,0.5912176955735718,0.5422711549223347,-0.8307874420746354,0.6457684112564812
1.3342369827082396,0.7852788775445172,0.3531222254143355,1.0812482516793667,1.0036488391161875
-0.8648526021887439,-0.9665853068518205,1.321944717243458,-0.5640229131691931,-0.7942448942098145
-0.4739788996050639,-0.4961122764034704,-0.38277712795512786,-1.9572355556873118,-0.34245573012540687
-0.17921033398270023,0.09825656488068801,-1.2256804038817222,-0.8446416623574703,-0.2749015872633387
2.278087807583986,-1.3672777380722965,-0.4251650909393579,-0.3754932519186939,0.7607267415079073
0.6319671859806282,0.6466065324223762,0.17080982581303883,-0.4697494013585405,0.9451411932741594
0.9056873797263256,0.09566563326578897,-0.9124836073955056,0.2161940575004746,-1.4092364637383081
-1.336667761648372,-0.20283128792100788,1.2746100909660267,-1.31441785003303,-1.8955938655623528
1.7982498069429282,-1.7602625295417647,1.78481753526884,-0.6744898308454955,0.34546134932616346
-1.100144085011109,-0.4130015311260768,-0.33940967198078437,-0.7078419982935029,-0.9248749248296919
0.09206087689973293,2.3921610804055486,0.2904145656752729,-0.7145078773090711,-0.5524808417467703
-0.38158958427240947,0.3925978325539002,0.22309305887242123,-0.5165903582207165,-1.7237388877677982
-1.2329516874543942,-0.00197203322412167,0.43802370176690786,0.05753011690935016,1.3701011743143858
0.009401457295620601,-1.6425105638744715,-0.26728497554539216,0.619891301119766,-0.7518729071837397
1.0416955102590897,0.15753473073557756,-1.0407596610522993,0.5231466649433482,-0.4269010168416092
-0.21310893858315152,-0.5891269578376352,0.15362230721537218,0.25831455617243626,-1.8410347213984528
-0.8106929733082653,-1.4112660261318823,-0.5400826413917089,0.4688182459111755,-1.290080507759817
-2.3271775188801533,-1.0740831290322452,0.7551860629386102,1.7757687192319513,2.688491513576497
0.8852738128645079,1.4586812448493314,0.1310333376266677,0.9653049575375496,0.11033554555015337
1.3024539140452285,0.08868447798533802,0.9984988980941556,1.2159937030785837,-0.26649537027397774
-2.93092018519858,-0.6237757862423594,-2.722154232057765,0.7401058101016532,-0.35989184786416345
-1.4874650792966875,-0.3566801751740946,1.8007028034297063,-0.08250189855102112,-0.8359474068458874
0.4168058055589545,-0.6312119264065169,0.3544317475727024,-0.2778273479763167,-0.7063793035825577
-0.01966043199860983,-1.0441076351049785,0.07715067722602748,-1.0074155152480102,-1.0645781552185332
-2.9244628852799703,-1.030532147208713,-2.658562635947615,0.2725148062508553,1.0613763549706743
-1.3695913216398863,0.7169283454685851,1.5833882729191,-0.41495103748675066,-0.3483189724701409
0.0722968541901732,0.3850269248370944,-0.5860052805920906,2.147116614611582,-0.5373659952794175
0.7965146038270225,1.8954404949831494,0.160637867949689,0.5156036269973893,0.8251724175936022
-2.0305283188386616,-0.07928379973785797,0.8427942072388869,1.8406988684658643,-0.424311676541377
-0.8654076160292086,-2.637577435244502,0.10213261641912026,1.4016981489782734,-0.018650182197374427
-1.1148162255217322,0.43691870713004355,-1.1378927306764013,1.0951842969786503,-1.2334663406121136
2.450245142112762,-0.1435196657860939,0.8078517035383351,-0.3570697514283999,1.5250855972957644
0.6440639646159092,0.3414858635188614,0.2754278567007513,0.3524410840816782,-0.15728265554201265
-0.42697765362584805,0.5556842885711785,-0.5361702402843482,1.3311434279852097,-0.2986455832801641
-1.000640763886644,-1.3896429518909073,-1.5447248595492549,1.2251221914226775,0.950178764520755
0.7640817906713956,0.41281738278247054,-1.7385538199331079,1.0189247392673402,0.23710356381960726
0.29790101062463736,0.44599250021162823,1.2527522945871785,-0.14102721443091934,0.3171719254659126
0.0883443422718858,2.503384858801343,1.7192497421783943,-1.3292496713475195,1.4722426331158875
0.4696431778464296,-0.8591698231327414,1.2157368740960222,-0.4701825095360307,1.2578239502457869
-1.1137296858813173,-1.7794992179391216,0.4225095358693369,-0.7126768602771715,1.074494083158667
0.491616470401524,-1.4515091133891034,0.9069276120208558,0.975059267233813,-0.7613145878331459
-1.0396291407719396,-1.434415092436152,-1.0647908657755978,0.46934809639650965,-1.1911203921764653
0.7665390729556473,0.26317553162384105,0.39517732947611095,-0.5407322134593702,-0.14467911553431584
1.1621303177280757,0.6274382559893971,-1.3463043184521548,1.4506207747602886,1.4244951292927155
-1.48402185594543,0.747594189582244,-1.5388561648385566,1.232113629811154,-0.3761104731974646
-2.6221485992990976,0.7207185743345587,-0.3757172622991109,-1.9165161596532847,0.12144812333500232
-0.04245203760052531,-1.3937047420719046,-0.120127413443309,-0.04764984888890401,0.2988002570217759
0.2959838583757534,0.35930991130221707,-0.6736838457166738,1.151699767108297,0.6891774202099881
-0.1465907605881045,0.4401455046755842,-1.8481276391959272,-0.8111243102940994,-1.2871428748646894
1.2039165016055104,-1.051910256945523,0.48700232665646764,-0.3951356804283895,0.11698677392287687
-1.1277473294575466,-0.8985639060538901,0.43465761925341645,-0.060351480740476686,-0.7501266381248708
0.41825460211731014,-0.9894049943239747,1.4074346028533735,0.44940590955019427,0.9422351020398129
0.9279860613129499,0.437113704539134,-0.6265760743185697,-0.006124394906603633,-0.7920405710998181
-0.575564609347126,-2.101976732137395,-1.5802926940954283,-0.19273139861508903,0.5185490926293003
-0.5103647573674824,0.30655207117881206,0.18364739116472142,0.09743537849779374,-0.7039843048352741
1.0209397297181009,0.5168793879074658,0.2003946148415324,-0.5569196987287259,0.7024603429461509
1.351984827686153,1.8003037220290818,0.018407077634851606,0.07505071140782318,1.3463141777045131
1.671413927851322,0.46450641665671866,0.6047293758720493,-0.7338507497653396,0.4330355620051343
-0.32349893028019355,0.08514531114760575,-0.5155682364267165,0.4636015105317253,0.9349990031253146
1.6555661381849,0.942769867055156,0.8842291825139154,-0.010883679930056686,-1.1034731189347138
-0.07831591321276368,-0.5087193165475273,-1.3240206680779363,1.902696240714653,0.7508057808169727
-0.04520077977025861,-0.07699695826869833,-0.10668260346467429,-0.6901427572557174,-0.4434000290219292
-0.4657242327458618,1.0403811203917592,2.198996215763255,0.3931343147844156,-1.9685549101141049
0.7982861835903037,-0.0934247548777088,-0.23896929092060637,-0.28946386715315225,1.0874501651323059
0.09369854053163579,1.5367398816483169,0.08845312850222287,0.18738707175529193,1.2557718016033483
0.5931731541179442,0.1269333731082594,-1.54123578530957,-0.09886108688583294,-0.39015825104129465
-0.9874544260053176,-0.5415107646608879,0.6137824081122656,-0.8158334937351748,-0.2781546768135335
-0.06382408926026487,0.7034971723111315,1.271371609373214,0.9157830484340319,0.9540279653623266
-0.763504308932098,-0.8019638851949353,-0.4071739295504742,-0.023538171180921302,-0.6319044701891103
1.6968792838585167,-2.2247183175190726,-1.8218108603746694,0.3720427547595144,-0.7093976559087904
0.6050892492992701,-0.5011628264107009,-0.28798873716214934,1.4700725490904174,0.8726231194517805
0.550825348812111,1.362193198541546,-0.8117869271910384,-2.2930610358318053,0.36021129661061796
0.18423531104492263,0.3597080689108958,1.353652900188632,0.031680513080626395,-0.1650038947698344
-0.6564463265724908,-1.1987046655525677,-1.2634247166203698,-1.1406281755127352,-0.3716287485527073
0.4740785700348411,1.7438979207322076,-1.4633524118624397,-1.5063943862088671,-0.7360243573051352
-0.4568133936040881,-0.6354896856166039,-0.2284268356786878,-0.35554705026068695,-0.9909123552601411
2.5076493112021616,0.30211265265726334,-0.7308844131938905,0.2966654123087669,0.9961290105071929
0.21802158276614017,0.833713841722311,-0.0680889158884964,-1.4304065734367766,-0.7505848317103915
1.385766377818599,-0.04816913192265188,-0.38336849899680636,1.125667382758198,-0.6573260844689337
0.1254908140329262,-0.6330884254535085,-0.9201135564504409,-0.7830310117750557,-0.5146461277045546
-1.4903697276835994,-0.548065612925737,0.9822464826399139,1.4717551814138996,-2.7915747606247154
-1.0905700216758707,0.14079371968855384,-1.661979806938758,0.3528478264832943,-3.684390931322924
-0.7333616085247089,0.40309136815198826,0.02018333701202455,-0.5787262657981063,0.28570988720816565
-0.8489873799354853,-0.8586679356959102,0.5386652745288839,-1.4444235605892743,-0.7643227445890276
0.056778846299743335,-0.8964735634202156,0.19480805415413657,-0.6713139200487193,0.18217264832325672
2.3501278701173356,0.38630986069690965,0.5713174148039688,-0.9218513078200907,-0.30548618885068596
-1.094598260863482,-1.0980141261233247,-1.1994047381075403,-1.3170902529095427,0.5436848142943966
-1.880285305597157,0.49751444127858047,0.927226434241788,0.8781512993257322,-1.8184639008541934
0.400653651775321,-0.7244122041910714,-0.9881341021905928,-0.5552311874939788,-0.7408180902310846
0.6826774323990751,-1.1877532031331153,0.3533469541049624,1.547461894996736,-0.9109958493000425
-1.117538169926455,1.3484617180145986,0.6804912154445254,-1.972361544954469,1.0631507661267672
0.5480281302683878,-0.3959414448749704,-0.19293734958570752,0.306442540852708,0.9948289092091964
-2.1641685476482717,-1.0067680461155293,-0.36674369370519894,0.2093370292015589,-0.9024873841348726
-0.31358083124781666,-0.1622366502451728,0.1813109202231998,-0.5143722932162962,0.3990008464043995
0.16945648328110605,1.2172061472069657,0.6301267793436818,1.4210973408585401,-0.5240438592300263
-0.8259692742742294,3.121204572812499,1.0920988952847681,-1.0589813096655598,-0.7705375902173753
-1.6254054815330383,-1.3530959764112458,0.6402778453077604,-0.7282862893928084,0.05665063038365647
-1.504821991166779,0.16396390443722791,-0.963254113239726,0.6983324047694319,-0.9696955764895531
-0.9272719181633698,-0.24983441336327092,2.6642622169843104,-0.8714020944437914,-0.258340833195539
-0.2249363373424411,-1.3661212173564095,-0.7292912872300265,-0.08634660516710604,-0.8155811997440776
-0.7134760184516296,0.0935952231382397,2.008898289966811,0.32125476880312015,-0.15020237488252974
-0.9591373907314695,0.9906482104970263,-0.3874530849063789,-0.8930007023576182,0.6500388469629271
2.5790856370122754,0.038044320670352245,0.32107111178455455,-0.0785906808904278,-0.7836466500199736
0.6550440321744,-0.054162786642457626,0.06849513915433637,0.01126390615323758,-1.133902926341399
0.8133176428967414,0.7998179959870954,-0.4801734518183053,-1.9774372418785664,-1.8613388063845113
-1.2860010850882566,0.8990995822379302,0.24670499022091086,-0.4993955721945855,-0.19715601349835912
0.21594820658497657,0.5046546291366569,0.5645416515965404,0.16737975716236272,-2.230060174540493
-0.10912356652831842,-0.32008718999661967,-0.5494449206126572,0.0572372717684657,0.42791642569835203
-1.7330957586947247,1.3661611810333176,0.3254209955398755,-1.175566594322765,0.5133360087472677
-1.1414947178215702,2.5140852604672626,1.2280780920031515,-0.1821868097952813,0.4279444394986924
1.0085395949622704,1.0366393308685127,0.9832610694731925,0.6064636142408292,1.4077333009064341
0.7249412234501902,-1.0838991547481058,-1.1915959638455982,-0.6635161507536751,-0.30756142421572846
0.8461666712491911,-0.4075698182823345,0.3735466369785781,-0.24820350441377614,0.1767712345627027
-1.0981520086735068,2.06467189639354,-0.07705640980718162,0.27060165924938845,1.187585427189639
2.206771180921826,-0.6156123026568735,-0.4078315727726948,1.2181970611410358,-0.720549072793333
-1.0699110585033387,-0.4028018902984635,-0.42844613328870856,-0.6658633498258967,1.1975220391521544
0.798285746536558,-0.11961450596824655,0.7018450966024952,0.28677767417175104,-2.2415188934907904
0.3047244885270832,0.08133653592054833,1.3677809219666446,0.39729987897047475,-1.5520498825613642
-1.2834197450061,0.611986747898307,-0.23202977067014185,-1.6248580613869619,-0.3785579329385791
-0.9861773128068305,0.929729397032753,1.4825593407906104,-0.6056298378270273,0.4775500268116673
-0.3167099565332686,0.36700780449532905,-1.8948484453243266,-1.052751285019518,0.829115191219143
1.2917590281950286,-1.1174824053679915,0.16401251212961188,-1.334164451866789,1.053488833372577
0.9689540661820619,2.5135768207458207,1.4298199363487372,-1.2654524013208723,0.9218734479239761
-0.39186967677651396,-0.6819327342199314,-1.0500259021388307,0.22742397732928818,1.2060482212440464
0.7467304202168346,-0.6381869629953221,-1.0232604468749715,-1.2405013934100766,-0.6597374316651278
-0.5826780916390087,0.032234427295251986,0.18098421287927605,-1.1862693202758412,-0.20032280115920237
0.7872941768750482,-0.25604834277852123,-0.3372353705404017,1.0786384801243525,0.4241352428891423
0.17473161597251655,1.1030099801622908,1.325688848015678,0.19539472001761143,-0.07397620600437602
2.024411302534092,-0.014012027542471522,-1.5344285661645105,0.31356663061288265,-2.457963178826763
0.44203955490969243,0.5391230659389437,0.003678597289253,-0.29074709098445944,0.16501687580978117
1.7701460498537331,-0.9798040477766257,0.22148769105508545,0.6245328947226934,-0.1872899945627391
1.3280987492242762,2.680971899702573,-0.618156735774833,-0.8432645248296483,1.2557537254559448
1.5199099123187398,-2.2551378411800167,-2.336912499551174,0.05515091555025662,-0.18536093961580144
1.8108628563019855,0.49718399518180273,-1.296229897462633,0.8469450352664273,0.019154407517894427
-0.24216344876459783,-0.36214315077123616,0.9324502946683964,-0.048263878873725186,1.5663742506946638
-0.0719053244798495,-0.0653722628068556,1.3919579840720762,1.6334260164083954,-0.15345069749290546
-0.6598383717392144,2.2038925570047923,2.007821084686938,0.41613645475436895,0.6315418241537328
-0.7788801515736498,-1.7694615920083732,-2.028721082920974,-0.3365073512365955,1.0047365728496138
1.2713993659136884,1.57108617142038,0.1397357718879307,0.01007042772836225,-1.6173631914229292
0.06897511666933175,0.30379955372408585,-0.3779976801873182,0.34910470224683426,-0.07043031822719682
0.8074078078884241,0.5796059195610069,-0.1306083425419,-0.027164030859778237,1.1868315531481615
1.0521153937039929,-0.5309564295606213,-1.8754793879483067,-1.3366832692929511,-0.10383930229321178
0.13413301006834422,-0.25106492742159936,-0.13943336872221132,-0.1922300500695695,0.2537192690052743
1.67377058185116,0.0372891885734861,-0.6649667746491781,0.5425555183679722,0.5189282383079707
-0.05354717502567847,-1.5301882057844434,0.34070462932333345,0.775952322577789,-0.21539582269134394
-0.803451684208818,-0.5978980734999764,-1.5039323283440718,-1.3954783791749952,1.2257525186091232
2.187082939945522,0.7488707366480255,2.2194047961426007,-1.1244483035563764,-0.7766425765129069
0.5406368984569175,-0.7673206971489801,0.15067891836363115,-0.1357143253132955,-0.14757438277834797
0.317620453339003,0.018756638009103974,0.0008919450505410225,2.1123353253305166,0.41130649541139036
-0.1275157262340869,-0.24131600976220993,0.2587835624728471,0.27141018531328287,0.03528068053057527
1.7198879424265179,-1.0280248819130964,-0.8157315791037928,-0.28463005417696635,0.6924166849520869
0.2651775749953528,0.4659419418463381,-0.7491348425250067,-1.0937776752183561,0.008989483900608075
-1.1183994503677626,-0.5008383818837536,-0.8787798532388423,0.9905736419219805,0.34034871539578326
-1.883893645219811,-1.0673190070374419,-0.10506998549942408,-0.3126218810613856,0.2658338351680623
-0.01654865509605403,-1.6670165695262305,1.4072638511385869,-0.17802969418769046,1.2244932124745134
0.3904856886434058,0.3816960822284233,0.43597926580557933,-1.029366773933633,-1.059785712107925
-0.8526629961100101,2.5501050653621227,-0.8969227817729392,2.0879530398089154,-0.21425461305668145
0.2295701075866537,0.5996869809517584,-0.35501278933413105,0.715291168541313,-0.07708611079341544
-0.44973825509544313,-0.5611442414848867,-0.30377668261967034,-1.4777158961448906,0.028886824496573683
1.9888470156236373,0.23553267120394447,0.47347996409695353,0.17104595353289256,0.9438770241848885
-0.3118907032023392,-0.2641054466210697,0.42196958793845785,-1.000287314233714,0.2440909372380463
-0.5948932850758121,0.6176057323188171,-0.162898841961107,-1.8049529115257679,0.4213080234972343
0.29489994547921683,0.554589455558323,1.0364248449740454,0.251402203198946,1.8367441276320233
-0.9704881950267222,0.6021821002594131,-0.7177235056609879,0.7468646300660589,0.5507024189313265
-0.3529384193445474,-0.5350066168331145,0.5699268826252923,-0.9426718272634947,0.1429422629485579
1.104320889299708,0.23800760508624572,-1.6193262293069317,0.32145428436487566,0.6100752002112627
0.6629247478699217,0.5966501873318579,1.6110108944039028,-0.20814000591812293,0.7375237858773399
0.1435038931522804,0.8041147717376539,0.16270167570692054,-0.9363059850360207,0.6376194363296339
-0.6545413213360866,-1.4111833481226386,-0.33301442993146313,0.35539709389728597,0.37290971077791224
-0.712578650065265,-0.09655880741493504,0.9457259753757583,2.113739329294481,-2.203407133861767
-1.0638091539780394,-1.609578042202496,0.5374114004056227,-0.2504751990358628,1.7072613816966309
0.2585827683186985,-0.2890519932147499,-0.48899756403614325,0.9910476599959922,0.5986774998259526
0.2784863363037671,-0.6037701256384865,0.5431533359402432,-0.24761883737619772,-1.0534047710767651
0.22277531109932422,0.5761162233851401,-0.1292925016064057,2.044050069683863,0.17193867062310647
-1.013987415803136,-0.3128215188499108,-1.522918304402402,-1.3068910842416963,1.871744463816184
1.5879527604193313,-0.7724643300373119,-0.11708943960977254,-0.21423022252831309,0.5081999690304366
0.9969066006081779,0.18461316599702893,0.6284105643253403,-0.4352201131213253,1.47004507037135
1.437775032806968,-0.06143764433718144,-0.02872472802438232,0.6846355651663212,0.12672897449911674
-0.5298735010845353,-0.0955156999171617,-0.07474056063358656,-0.4815000662054711,0.6409327433135454
-0.3989109906532908,-0.05179898515759037,-0.9741151305967221,-2.2066013856559525,-0.6900395542963905
0.4584214642709938,-0.47875230356301757,-0.9839301216196671,0.6945026626540514,-2.1750112952353606
-0.2700827738966931,-0.3735397044681605,-0.4506890880293179,-1.320443832136364,0.2876025190144273
-0.4238425944312384,-0.4674896122466619,1.3924415112115502,0.1826992514835312,0.7269967565314902
1.1409627242187983,-1.0692991367888902,-0.02829245819113182,-0.05085288954740921,0.7750678556595741
1.0317983611582475,-0.23049658312952911,0.18977840339053964,-0.21626701828178377,0.563513219614436
-1.463382419574078,-0.5842949723263651,0.5373602272838393,1.1045652943772646,-0.2706287612341351
0.1492045748681258,-0.079723861768339,-0.3180037111400485,-1.325128217559535,0.9300677121601834
0.17380004255687018,-0.15264251085731503,-1.88586810725357,0.05952229813124171,0.5415024364956323
-0.0288128478168146,0.9084253592951799,0.01231529038510525,-1.8492209610347634,1.0286475195145082
-1.668780842115183,0.7242501348526994,0.47880823909636333,1.067439296521059,-0.3475459187517989
1.2175172795131497,-0.34177909140225116,2.2454551325308825,0.20938243036531518,-0.9317892716702366
-0.3018045755695835,-0.4903648127043465,-1.996294080434757,-0.3514073369851949,0.7208797806612538
0.045347758145047115,0.3056537598469419,1.534790248964637,-1.1248594284181264,0.6793508427030241
0.46930414900356116,-0.6886405182454857,0.9301731475350331,0.45486779303618763,0.3409996014685139
-0.3932600505007609,-1.1886057497387619,-2.218667656787824,0.5990368302913276,-0.6856064538724639
0.2525875402080159,-0.9782917606938148,-1.3178831533501734,0.4158724488397318,-0.3020143721188134
0.43951762913699843,0.43078272849612786,-0.23498989090823114,0.25715312561677667,0.0016405704121307853
1.2386540188060002,0.18423678599636498,0.6345451292873207,1.1268479866559986,-0.17968680816302973
-0.3196344414001247,2.563202093838722,-0.15329006608878884,-0.8793367671571445,-0.6077657223278204
-0.7371151070156104,-0.6751623969860822,-1.6188336448307634,1.5722679787644678,0.08520927070760566
-1.1992329910039745,-0.7209452047613093,-1.2812704599425198,1.1746764322568852,0.38626426198746544
0.39214959305241764,0.1759674572001303,-1.0752360242287875,0.05081513754314833,1.2596822239356538
0.9532669094119615,-1.1986004519847906,2.2533632127615406,1.133939489774472,-1.4207355718718124
-0.55315379265858,-0.6960812893916616,1.0971721542338027,0.07527980860274508,-1.4597731076207858
-1.3221526800758583,-0.4911965237527186,1.6978798301093512,0.6941491710528854,0.20311379566028742
-0.12362885185014334,0.5419729477829965,0.05879410051828414,-0.4992934204192085,0.4181618274917843
1.8231938482228798,-2.050832484028322,-1.921353933519094,1.1358165989205768,-0.8630953594699365
-0.05059041331397653,2.266877463816196,1.3944916030786279,-0.45388651379470535,-0.4312035151003753
-0.8438655093753427,0.1556261375676205,-0.10963966203789133,-0.17137127009742334,-0.168834199084907
0.40420117304213243,1.3402028720831196,0.7614129865363276,-0.5089113432203766,1.4402669345013162
-0.8413509315134977,0.2012453877998933,-1.0902519534408204,-1.3697038694859203,0.8070622489851461
-0.7184078793074964,0.10626648857632814,-0.46522609892972316,-0.7479540984210323,0.0972672083833268
1.254675789570087,1.8338753572026145,-0.5020119804396399,0.5167456809846123,-0.14437756456982337
0.5778735959980922,-0.006616458438210806,0.6530547039438717,-0.27102809049479115,-0.07307807780389525
-0.6281970463447505,1.6671268466756266,1.3191025340591105,-0.27589753195181976,0.7379041692959962
-1.0202140988897563,0.9518262633510527,0.20157107200301624,0.5014243797547657,-0.9951044490746787
-0.6875692374997062,-0.9482816363203662,1.1599042430128965,0.5971932994980337,1.6269074726064952
-1.3231695547216893,-0.9946746216980162,1.1669893207951427,0.6417627091288806,0.35180200575322457
-0.5261434193753594,0.9614854272192904,-0.3342080136609705,0.5511843120757881,-0.6490621704171823
-0.15501089530075643,-0.5736439337444031,-0.20916397639048956,-0.8820855946468656,-1.1716368489607532
-0.3848126012429763,1.5017044550872236,0.4962565570484878,1.1386630738733714,-0.9803568005408702
-0.1946256943575617,0.33249429909608375,0.4574697013931727,1.1048323484709224,-0.9791992373939603
0.7248322747023612,1.3247897629735232,-0.11565636229594939,1.6226903757061715,-1.232660819472072
1.4294597803409472,-1.7899342648297232,-2.580553436504799,-1.259926799403352,0.7675149913365548
1.0833193500947331,-0.4018933644827793,1.1165037033069616,0.6414803142625551,-0.004147321918722776
1.6244703678447938,0.5879851594849019,-1.8966433554254827,-1.8371422788223257,0.6305567042257328
-0.33080617290351083,0.1797541445679683,-0.4488591313024811,-0.9921184354939906,-0.5489869851191318
-0.4168620489305484,0.28505643941539144,-0.6267568572845196,0.24003078806550138,0.2397129595257765
0.020503182094898334,0.6785744959737857,0.47739463607508104,0.3052970488673968,-0.3411141704262605
0.4699934091323211,1.5882609566739194,-1.8637462386006818,1.4166783284161213,-1.378810365679083
1.1091753241831437,-2.3000468735701975,-1.9522805846459412,0.9027857019429196,-0.1248770161407598
0.8597160223374513,-0.3552512881437925,0.052840166844957195,0.6828783393634439,0.615638877976156
1.985297716634928,-1.8583803757620303,-0.30019516012095493,1.760989508023516,-2.186116028826853
0.6919133327272718,0.8290898834295976,-0.5496075101980643,0.1898779431330671,-0.4270787556516718
0.0885680034393473,2.503239942921751,0.2272762301092646,0.3582926903565613,0.5068891464497793
0.7253942174796975,0.22088282041076404,1.0055290410347801,-2.2726820814975106,-0.5376582752403235
-0.3097952030998411,-0.6076584441695311,-0.2853091372168888,-2.4011419912788114,1.8601271529890528
0.6867396992974383,-0.7112441228455114,0.6231301443677331,-0.17884794258066972,0.5936058791769945
0.38150665692177976,1.0580140688478685,-0.452985157966053,-0.653715651157796,-0.5646819474666095
0.5588653682559208,-0.5238576797601044,-1.0295917525453127,0.1148913577359462,1.08887390302825
-2.0485619073830597,0.70851588066771,1.4343248310129442,-1.235332306410318,-0.39348718267267807
-0.7811450980102789,0.422527289692089,1.0922891533549803,-0.7860850771745367,-0.49521376018040736
1.7765388691454713,0.8670624010757999,0.6005192298953967,-0.6095944067497068,0.5494400600080708
-0.04109131024582089,-0.29017060984838566,-0.9997032131410649,-0.9325087386771258,-0.19609787789654218
0.3239849633777175,0.3911893261318752,0.06140618819689697,-1.4407579549596017,-0.46388041908469957
-0.3538593550083495,-0.6021152765169456,-0.9179161939647035,-0.23020054431260453,1.1210180156803538
0.3263740326220985,0.17402322746377863,-1.9539362242070022,-0.49030574416799777,-1.353710467464168
-1.2925310357036632,-3.0926025162340878,-0.1093331636200582,-0.02039736550509893,-0.3217818188715022
-1.027137244788077,0.43125256692096525,0.8683465979365373,-0.954450322101773,-1.2748158140195125
-1.874482308828375,-0.4287080683440513,-1.3904694470980996,1.2057046453270615,-0.7580166195614016
-0.5675948648067017,0.7426997420565704,2.2673566767284457,-0.4850599952131571,1.5734597974107485
-0.9367134146586705,1.7578722214253222,1.5803476813009059,0.4939217467073735,-1.5192908254565725
1.620910551933727,-0.39594066590163557,1.3260024959827277,1.1231808418103073,-0.3183859286920633
-0.2802125775296348,-1.506093183949718,-0.13807647677055832,1.7753448571378354,0.526209755111772
-1.0159834454278371,1.4035841143191787,-1.1061798872341146,1.002014848803353,-0.09657276824790133
1.6672837774604583,0.9888752417906663,-1.3356366025070041,-0.11437375244151138,0.19973433537403684
1.0194597419877838,0.750226164812418,-0.5698645314865045,-0.48255321332355217,-0.48436750465442424
0.35934441229208497,0.16250370832425573,-0.02481608908013418,1.1065371906558867,-0.037326337182821114
0.7818620224281511,-0.17501427812525044,0.5611066848566122,0.41999705479205124,-1.4094951066476964
0.5827815974372698,-0.21594397168526663,0.4559569039562426,-1.2951495639741624,0.5819931149434204
-2.02423083922138,1.1255133689215575,1.081716154864108,0.4371670836830919,0.2950246025312293
0.10337218382161573,0.6462731545405238,0.6156235091662663,1.596783734554386,-0.19898458394798593
-0.6974503159144048,1.481650189765703,1.3222183209830924,1.2860374979835614,0.14817775262224048
0.6533559225514701,-0.24251164030136224,0.4256104117561762,-1.1233483971104499,-1.7931686013839443
0.24657525717961232,0.10355644582729169,0.38608441897316687,-0.1279163475927848,-0.3092162822787545
-0.2817690322562975,-0.22620070222434124,-1.2913485844762012,-1.4470632050990018,-1.225453335652009
-1.3061452264890763,1.38388187068799,-0.24713660501609314,0.3603507955223624,0.9473529416570919
-0.701982284371502,-0.3885799899391435,-1.2943972362272484,0.23711363447909561,-1.4318351938756606
1.0378091211930245,-0.43483012800303483,0.5932737383980377,1.7714057196159314,-0.22852438764038205
0.6171598362382466,-0.08656122960753011,-0.3740160870080402,-0.66897318236049,0.0972110422640105
-0.136867253105791,0.7301794835371781,1.0923174605316281,-0.08967864085418845,2.718906404528043
-0.3601577834861588,-2.500477939408334,-1.1497491355883014,0.8625143870113551,0.5940543984297006
-0.20417972179006913,0.21113047783890213,-2.3130551882474566,-0.5488462350701074,0.3387978930168678
0.23079493585125732,-0.23602430666084825,0.32380342586815136,0.3300962051155935,-1.4918524416331436
0.04330076544795691,1.4368800777321886,-0.47210027418236516,1.6783735589811992,0.7379418104196305
1.1281071880889257,1.2960775678302823,1.8970721569323825,-0.06705407989440883,1.4131897600662642
0.49039739703652596,-0.7087484116855979,0.5691930666035123,0.02550818721382668,-0.5802055007296512
-0.6874748155947885,0.7563680184120055,-0.9904234293795702,0.05495636268775762,1.6742803144008442
0.5873181321807881,0.5387161738436487,1.6045002333290066,1.8992130906711215,0.5753739504307629
1.9360373638009587,1.0908574056778797,-1.2359680486963127,0.11001547694547943,-0.5175704844862465
-0.49016705367963204,0.502753180430224,-0.44720879008908465,1.9390154132402133,1.4205261572755963
-0.8456929720185365,-2.7035334662729644,0.2111470996111998,0.19886594357795673,1.0123875130467626
-0.7053697317626421,1.3181604272707022,-0.19520383887451406,-0.45840347901945877,0.8564701546720318
0.5896381037218251,0.041651298554573064,0.13535021959114224,-0.11023259186783725,-0.9316549663804918
0.4459679908342253,-1.6064250123238653,-0.9900144823500177,-1.3361865927238217,0.7873812202204382
-0.306560211737707,-0.5593617735016277,-0.48242667326763605,1.6683451097095063,-0.23170969517316198
-0.038587916124729976,-0.09536977019137172,0.06902768793311419,-0.5701624893234799,-1.1066588045460217
-1.1414715733609277,2.147484601930325,-1.9332021487544409,-0.9400904450470922,0.4501572781088331
1.535461006851651,-0.9351041605989512,0.35761274439528423,0.39321892459480967,0.34053482469494933
1.6106176552082883,0.5566497973408626,0.9716013636078121,0.8205511467637442,0.5870241971483893
1.7897254378336076,1.4319702101194312,-0.4166920136271757,1.707701136288799,-1.258327209028666
-0.07688863005831892,0.11522890440157613,-0.7744292631646914,-1.1208510242314704,-0.1365126015389476
-2.0623633392462772,1.1621029971872332,-0.4061168852990805,-0.9933078837391793,2.7842023477911275
0.5116146479762661,-0.5731665879513006,1.4516215815381475,-1.2649357325812385,0.5082722832001775
0.8735754758586477,0.5347554377235683,0.5453100183017882,0.48489763945177417,1.6025371279241005
-1.4476264520465156,0.34289320181917865,0.9321457749548414,-0.3037810586432904,1.1364154342757256
-0.6953786812298062,-0.018393717864599337,-2.85359140692997,0.6571552460199381,1.1013503393236903
1.368675088640883,-0.08093592354402854,1.3708225419737552,-2.095523225606529,-0.8296291136108553
-0.31679709693350794,0.6985010835109278,0.5720788961766166,0.863675633499272,-0.14432474104424503
0.4523665215391371,-1.094158853174912,0.5154463394094435,0.2743905298968608,-0.31779844414927566
-0.8021957634494096,1.322074645062675,-1.0526549295102647,-0.6103119171670347,-1.1757293442711478
0.16074704491543662,-0.5389604818996278,0.3221498536389399,-1.5882482671273537,-0.5481994965665421
1.8720947275304582,0.40230001198859966,1.2243807920169405,0.10632675781882135,1.1061297894459703
0.17264043354397693,0.7778417075714831,1.5423123458726085,2.4316450748062097,0.686419499302899
-0.011467341461023644,2.283570158933385,-0.4579280374668536,0.9131417185730112,2.121687927196053
0.21304277540340544,-2.1361190496685936,-0.9788133202817734,-0.028409953872679323,-0.29324400122044264
1.3136656094915191,0.8214725834264786,-1.1960687566110682,1.713577217229627,-0.01805422786318347
1.599986982228946,0.21273240760502043,-0.8484443960368507,0.017152877928760857,-1.4577590558825382
0.17569112819475605,-1.245941110178646,-0.7888982782616196,1.8072267423986417,0.27400595926487914
0.49299751522581964,0.5341914182588003,1.6219338133586307,2.549432406556233,-0.39952068356148024
-0.5139500814591927,-0.0349728503480279,-0.3770156546305621,-0.26575209874202116,0.2930562935109947
0.49122110103362104,0.2676713782999778,-0.6832264734290134,0.8998113659743378,-0.3358466398110525
-1.8025549770761853,-2.128813259073559,-0.9809314282221014,-0.12039386239023701,0.6560234855331224
-0.8036513140187759,-2.813735483311369,2.225566570260841,0.7421698467361946,-1.7837170328033292
-0.38422219222257925,1.6474341548372196,1.465165750199813,2.100111269792897,0.01831082990068251
0.032334644248296095,-0.21107115929570716,1.7945266655542083,1.4474711881990532,-1.7053618516001898
-0.8498833615295142,0.13346969227218758,0.7349157572916087,1.2099611087882127,-0.6767385799421797
1.1456835291453298,-0.09594798863573381,-0.5291349185698334,0.9572118528750968,-1.031086015130804
-1.22566920009095,0.27256282652853786,-2.141845832241036,1.1520094218726227,-0.8109424147080131
0.3278050437890807,-0.7995717205649974,-0.3106518344101959,0.15939370597263158,0.6362020133884028
0.33788030493515864,0.7804736457919575,0.4955585231250106,0.6354535766787208,-0.5051062863466159
-2.0585644657572737,0.01958406672396184,0.06581413114520189,-0.008048311457915324,-0.8965276413481957
1.9078401827063438,-0.35304831137766046,1.538369250847911,0.4172572064497971,1.238281881505323
-0.8118151744420173,0.20891277462070984,1.282949677846219,2.4017354323069906,-0.993960092708352
-0.7418546670035366,0.6019033015866831,1.2426438581001675,0.6329263944492801,0.7601231793428307
-1.3512175838139653,-0.14316243211266,-1.744555229788299,-0.933615058176427,-0.5010417790964544
-1.668208282556396,1.2101665345776882,-0.7009750543066845,0.46775536527640266,0.9009981820546455
-1.1800846169746189,0.5980748267659519,0.22845385406205357,0.013411573579313078,-0.10033280184260002
0.12525936514686517,0.6344802621258817,-1.062364724957807,-0.27999612638521665,-1.0367354954310737
0.7947461836851671,-1.1232514951495862,0.6393813942329919,-0.3255942663207259,-0.10085219834174233
0.46876358197390006,-0.06431822303986494,0.21430459923541095,1.698563196759631,1.8921081654916307
-0.14513935128964064,1.4132723914783618,1.1769845286360654,0.8237621809932455,-1.0251864607391377
-2.2428730982586527,-0.012983629111360735,-0.27802364183089573,0.5609750623303925,-0.4406670640573017
0.6263108483548003,0.08248193328741567,-0.30160990473960153,-0.40248289389604874,1.5968888948009565
0.3846992662562806,0.2787236918350398,-0.5932685736326032,0.8059818828668367,1.2887974980206252
2.310178396261354,0.3713727088604832,-0.33339225026883346,0.8217949826618476,-2.011893060442145
-0.06393329077273559,1.8392710459554096,-1.830902152633997,0.6574640598485951,0.379951342340012
-0.3147638500763588,0.6343484529075809,-0.5610099455971643,-0.12035848912565068,1.5455086912185245
1.5334132790056152,-1.0417879667082235,1.8750867798001558,1.513302674843634,-0.39117497253089084
0.1584993010982375,-1.3236350731986035,-0.4689651453520746,0.07363273907303997,0.3209588487531689
-0.13737519679530102,-0.724167146627631,0.06272079638391856,0.026362182821376028,0.7361679783233548
0.3497275442858,0.3412746839401912,-0.07914113063248411,-1.0742028753326889,-0.3940342900241324
0.5336086472757959,0.940688291680011,2.477156646637069,-2.6910758084876725,-2.2489606198736833
1.1825246234073776,-0.19733320518243172,1.4660455272028172,0.06232329418500946,-0.07241640210633088
-0.36660989091313884,0.3037271271491187,0.3038787691615876,0.9006800271348769,1.2046985248839188
1.2016973762122032,0.41188260052407605,-0.5701971763452837,-0.41229457553646215,0.6531202920609959
0.16128705460498052,0.17644344919321003,0.536275701229137,0.1800606766216985,-0.41797748495190074
-0.3425467522833452,-1.7720001542328088,0.8494750651813893,1.4785264759456977,0.15968964091079027
-1.070921425758106,-0.7033921571663487,0.6192541223641365,-1.9064281849105285,0.37307822808703545
0.05971357745716619,-1.820040913621158,1.4506013932627404,-1.4404936230711296,0.24791275032373172
1.430785365517794,1.099297640775211,-0.20112933187187743,-0.2769872426871919,1.0870657133251054
-1.4903339504297608,1.2340261667758774,2.308751758682427,1.0008826342682906,-0.5676038106042871
0.35980423276631895,-1.3539280577066573,0.18754079904432938,-0.5218472442474549,-1.8776487242505555
1.4165041101592233,-0.9274711460666725,-0.12165677929630621,-0.36330780965698584,-1.1192811650018268
0.33334880619815277,-1.4785248470779673,0.9483357237082701,-0.6613427181880835,1.3010422440344622
1.6414308740280537,0.1510525645342672,1.5238469036443434,1.5597033498077093,1.624119909788288
1.5778142593672535,0.6353765309759238,1.0246399449595676,-0.8435145681855967,-0.3999451259599365
0.18930702504925745,-1.004799129705359,2.4675217610574784,-0.4947845379181001,1.1554285994004208
0.2407600953638194,0.00627893836749108,1.1566118731331116,0.24455807129856236,-0.23047476147693702
0.22016388743602056,1.902405681050095,1.6170576565097698,-1.1946854307283592,-0.05213359291299443
-1.9916604829987945,0.9204812509396114,-0.540376283561749,2.0479315167660923,0.4508020220440435
-0.9365745086961308,-2.661263527506719,-0.860648954974404,-0.30826630352692785,-0.6102149314583074
1.226095668434066,0.7043035888912759,-1.350365865623896,0.7791025033487895,-0.1506234049259873
0.23696128772599184,-0.08253815107249522,-0.29531531824717333,1.5681529912269625,-0.04983208967001947
0.8842644951505612,1.14545646334651,-0.8773192643263267,2.5374464685704545,-2.332368600928898
-2.744863210329278,1.9396098582404826,-0.08461285922207068,-0.35793985101940545,-0.5985337460535449
-0.12346971282420094,0.49828581246070575,-0.6661024509008701,-0.239086750276481,-0.8079345382134926
0.025210646000603524,1.085108918146409,0.9343432950377504,-1.1126050617272771,-1.0936539295609728
-1.7909579848502923,0.6999432201104594,2.9990538326707274,-0.11669715285845997,0.926360693697748
-2.0118197134280753,-0.23889186398195145,0.6296274024078472,0.049662145225776465,-1.2078625958949856
-0.5005260929265241,0.7798661552063573,-0.9452035627527555,0.977275428381294,1.592192741926618
0.3491091800934574,0.3497747226134656,-0.7223876269675794,-1.4159562033478397,-1.4184673736558344
0.6739908565164999,0.8786517234021782,0.17872881553693779,1.5587977065468428,-0.2930291794746017
-1.1153029077910719,-0.3120223696073581,0.04907605011340251,1.6273643306704426,-1.118925805562408
0.6769487854058994,0.25985201891723975,0.2353243141800935,-3.003395653522119,2.2440984698883915
0.7314804818744904,0.5430979511448891,-1.5456099552098437,0.6591325223487567,-0.9050919990782083
0.6142480518234302,1.3398772721438532,-0.6973669263093112,-0.6315815814458666,-0.9738372222475254
1.3676476889651168,0.5530854117026324,-0.28231433825541075,1.6509552693675191,0.594648873250857
-1.0184625844619215,-0.4865549210560175,-0.21739962983591413,-0.1165113964227679,0.7789295465237465
0.9118565595060679,0.8752758878175587,-0.16364581112849777,1.4178064110374682,1.5837270469460587
-1.3796337850468186,0.3328780714074324,-0.6923982421322292,-1.898983351033904,-0.7631610090730986
1.6027050549904935,-0.6914963388025173,-0.6635756552941512,0.20798241342043108,-0.3894833814207782
-0.20448741876427687,-0.39513538675831555,-0.48490262167147663,-0.46788638116367004,0.04401815581103427
-0.8834138804095204,-0.32643886977261644,0.24689136428529998,-0.46556075809925535,0.6935034311117446
0.78519320766134,0.4937053197354741,-1.1606536037447193,0.4015260778851043,0.16217957267492694
0.3131707196375633,-0.7506062781918285,-2.145874011646287,1.2456044021541854,1.9819286592638337
-2.9411768310285242,-1.197879579729882,0.5503485724073731,1.0937434641112287,-0.36189895500875496
-0.2503224921725489,-1.8423987494236633,-0.3897294331758155,-0.024921615041968995,1.6954497074304649
2.740401057331599,-0.8738361754542895,-0.5687990141374636,-1.2764512274114381,1.2157359360282813
-0.01847717509627691,-0.2890104992611165,-0.9895448983230828,0.8912155258325677,0.3152301340314951
-0.12423136871751304,-0.022384640691765142,-1.8068788576442736,0.6888802391247333,1.4499464015343893
-0.38083858512965985,2.5970231964722332,-1.8813995832217496,1.2598179552924413,1.0724489123038672
-1.0809589195290938,0.24562998354440785,0.590151137163276,-1.2601663398839063,-2.003579211197211
1.4444410525221645,0.8300910467831928,-0.56035096946614,-0.48384710121691993,1.4129045760006012
1.388721658263413,0.7657715182395549,0.7227596304679684,-1.619362070707644,-0.9379137282791087
-1.4837013741433829,1.2421735149435162,1.0117465916659687,-0.4444313289930286,1.6718453473912243
2.657006253182254,1.2471427438968794,-0.25678942687693135,0.15487999322473825,0.6661440154826345
0.7073634331513076,0.6004420912177398,0.18252898976637866,-0.6470125577893864,-0.1286176779190191
-0.14427460843542508,-0.8223973256908357,-1.535574974317134,1.518452046456196,0.9034014550639469
1.0717992375544327,-0.16629307076839348,1.322018471326773,0.620742187486608,0.034883010710013304
-2.9055732524312217,0.5001939511360235,0.81786524868056,1.833980600579881,0.008672596689073615
0.14653389650375556,-0.6561199795937908,0.4803559815022338,-1.5869108486360013,-0.26941655017402694
0.6315282868033872,0.4997573467971446,1.7136592870990999,-1.5921078546264942,0.2368475167401891
-0.19928756701275596,-1.3011948413258494,-0.21631276091953586,-0.7930445781566967,-1.0646043494190438
1.088310710101732,1.8625342115900472,-1.221504035612286,0.08615220527522226,-0.056561806082487655
0.6134957164563658,0.6652558917978417,-1.3948515164147501,-0.4829957192741671,0.396821815763989
-0.046537689874862946,-0.15806783848357484,0.36454764708239856,0.6208664140514796,0.3145926043040179
0.22672310630119946,1.7525796760328303,0.35443740233882914,1.2507410680263777,-1.0151663578702577
1.84309466257644,-1.9009505288789896,0.3204995779261208,0.7771289089359898,-0.18032513059839095
0.7869724793408213,0.15471226227908086,0.9743445561110055,-1.2035852556899047,0.11367242774133211
0.8513094768150833,-0.6947056954166975,1.0748571658110049,1.6144555309706679,-1.3404910631026916
0.7640550991381692,1.0224419743088908,1.8479761344233598,-0.5298682833295505,-0.7929536772983634
0.848765302080028,-0.48239319844017536,1.106887906008517,-0.506562308690349,-0.3350150486545675
-0.7249784982412305,-0.7638078963909827,0.12560674890271498,0.6489322571971965,0.23223954903925773
1.1951724594358228,-0.06969940208889962,-0.8132035246642894,0.8834864105971006,-0.4165099754871446
-0.568957297978276,-1.5026401160873981,-0.5298220938172752,-0.25677579080541607,2.0217599176783794
1.9882012016134962,-0.2669186502540908,-0.7778969668271806,0.6334946288149128,0.41458919210859696
0.783497994011547,1.806808974564379,-0.20024794341630453,0.10389860232668294,-0.8329572099198481
1.1189816121647844,1.0449944013157142,-1.6116697335060608,1.0185359087430086,-1.7538058510662289
1.2968915415352635,1.44185491369579,-0.8093439118423387,0.6491862880792659,0.8010622749434193
0.16489184070432722,-0.23810920759132218,0.7184209503871704,0.670661491585877,-1.389273957150539
1.0037592566387918,-1.7847096135083484,-0.01242510433081761,0.48368682034178073,0.7408816783876946
-0.1353418177904615,0.16045293074563566,-1.2309745137060215,0.8214140771298822,0.5210785679890676
-0.8575217266385474,-0.9633376628818541,-0.48944056579333883,-0.10244149229725219,-0.20038744618969773
0.4373290883833851,1.4848885786664747,0.8930424769158509,0.1032179025780754,0.40360380088382336
-1.025636096685985,-0.1851739289021967,1.7439186699141394,-2.821308531024565,-0.6890245722999728
-0.6426706269229392,0.739533564797071,-1.8973092790520623,0.5782695605276594,-0.09538386534848733
-1.3806567931322107,1.2903281153669126,-0.1209238527600797,-0.14857250027499533,0.7925652662882656
-0.8767612003331708,-0.2317099764845315,0.38216892561421284,0.5488335993148916,2.2316167950104377
-0.9789649483876633,0.0033338625860420317,1.463866544404931,-1.0935615893734756,-3.234205691627337
-0.12538246063935252,0.9187123069075794,1.530434409108197,-1.228297616083364,0.8042384441878025
-1.262374801344647,0.6716032408231528,-0.9290819120547369,-1.6665206269908852,0.7147888346555041
-1.2807152988911223,1.115850037100468,1.0180508932856143,0.4944378359806809,-0.3949172023428291
1.7596520054289444,-0.5987234908932925,0.2389586685653908,-1.029954964936247,0.9840840120910874
-0.4255738466901454,-0.27181447098427214,0.14064686588974637,-0.6605759256049872,-1.3279253818020085
1.384561530377625,0.7987750061452421,0.8129657560344825,-1.0068674139266742,1.2085120963123281
0.6401196177277964,-0.7463365985374669,1.4290900290617983,-0.6832651821869437,2.332836723694749
-0.6210586438422594,0.6658458126610711,-0.795200149715364,-1.4914778430369369,0.09489074360457002
1.014916754613446,0.6915961514264903,0.2588870035717591,-1.561034352916955,-0.744064104116392
0.36117857539019177,1.9908739702673088,0.08079520402696863,1.3287822748895908,-1.0440080091449466
-0.4986657414011903,0.7549414595835104,-0.2076525059108284,0.7192509779547211,-0.5227288968458316
0.584720440388975,0.3115678445796296,0.3449486627024412,-0.49582259904000053,0.5079473985138816
-2.9851155569058587,0.7214469583624258,0.30487969402381365,0.9403932907309328,-0.1927165560576558
-0.9270663428258942,0.60001430226773,-0.9821824898057531,1.134099559179513,-1.2677296825498336
0.12709816975688804,-0.5927453132449768,0.552005073134182,-0.3562014308103003,0.5698377000431404
0.02020213928722392,0.25542295202560517,0.2591722537186684,1.822819549965697,0.2974471146714561
-0.19178014309666724,-1.0328794251496909,-1.3232043365449773,0.0637092809925234,-0.5215468856047311
0.5609887298724281,-0.6206694052057282,-1.116876443412189,-1.5763124226518064,-0.37116784788557833
0.29397728742915386,-0.7028965540245125,0.8853848948183662,-0.2743478975939613,-0.46420470771306455
-0.34450962071313446,-0.41434170331611614,1.2670369109917863,-0.9968664727315276,-2.093416867355114
-0.21336155846705085,0.4633509206545842,0.19238534469713578,-1.0893521012889393,-0.6135699800732156
0.46284983266535934,0.30831204518597577,-1.0968902849270272,-1.009183548918532,-0.0793141279072497
0.4237572877091336,-0.8902933124209365,-0.7293784503221292,-0.8953259776372913,0.941419666455099
-0.2687600010283488,-0.14107042489721972,2.746643368872106,-0.3171760663455656,0.103522491251355
0.6624821346620616,0.1562162181719767,0.3176841700609744,0.7909499602560809,-0.13073085634912993
2.6427227450515014,0.3827212437621094,0.09724255020404907,-0.6776474437865092,0.5866024741748748
-0.08159283842557116,0.678593030610334,0.8106810126182654,0.22905505303111498,-0.7259460960141163
1.2314703170800734,-0.494094067394328,-0.6655513832167997,-0.31844768676978097,0.8793831991869792
0.43156446926685754,-0.8558075258451461,-0.1921582992231086,-0.22758158377407936,-0.3952185897951438
-1.277220727197974,1.2629265496657238,0.5855785513622581,-0.7227779946882498,-0.4542850206658549
1.5237589576651693,-0.058747004551476883,0.22443654160317633,-0.5229430807672776,-0.5145902321052706
2.4469648905751,-1.119930154158855,1.9564414279183253,-0.20846801530879971,0.5854868298397639
-0.7030151029931616,-0.9107259028320538,1.2935441097643108,-1.450062037187688,-0.7318873747164683
0.9921304643287168,-1.7303983174874453,1.07422626796101,-0.49575066568631493,-0.35351670883233105
-0.2741543874408016,-1.0696965860006584,0.35467892503315757,-0.5648402414116401,-1.6740144737904572
-0.4515830614230599,1.2842081114501371,-2.394423717592904,-0.5920524699338507,1.1182958575765933
-0.5561678812435394,0.6799882122124732,-1.0654957828795655,-1.106304082126472,-0.5007805952232367
-0.9252520601722899,2.087140333523055,-2.180739130404287,0.6191598800580508,-0.441286201630948
-0.6954169504238515,-0.3387398313779669,-0.9382242388765164,1.6120931341156548,-1.7802907337311678
0.38087335597101435,0.39290131213930857,-0.1302825872265132,0.9318602796122147,0.14325046738428626
-0.21331393892663245,1.3204908987614303,-0.6820094139307381,0.3011629881303007,1.2463480166470835
-0.40055276557238756,-0.41511344288058655,1.0648348110239174,0.5843122757130418,-1.4245712585099266
0.3557673553365258,1.3420707971926382,-0.12551137411066818,-0.197062160899406,-0.023640345917327294
1.0529614308306185,0.17880619168837128,-0.9183254817385923,1.2311163341152784,0.7021151548147182
2.211091399300752,-1.1900797896830078,0.736184840542721,-0.22080424092843184,-1.0841652550510654
-0.09394039031107757,-1.0816760618042758,-1.5573216742429938,1.0971322338807892,0.9334299447934638
-1.3976166272503745,2.3424340739312286,-0.3124734020615827,-0.04165073017004778,-0.8554624540421542
-0.49535125568227983,-0.8286722387193001,1.2643197732784963,0.9761218262348964,-1.278640849774597
-1.775146437870846,-0.1537134033129612,-1.5310176826702897,-0.5581366324506667,0.043839262899548606
1.2612887134032473,-0.06411951389043945,-0.6539320452414844,-0.9353702781989236,1.9741118969748526
-0.2660606304377099,-1.0731658978192113,0.016775318680598457,-1.9469955349800028,0.5435721998272643
-0.30055855718110663,-0.09036742058972383,-0.49049092475986295,0.7093713647874393,-1.855266917919103
-0.691504666911504,1.5195653438104213,0.3483047074559238,0.5111090297072161,-0.513225208651229
0.15494662863744504,0.401548631044748,0.4029366822580092,0.01006051408476323,1.2382328457087681
0.6056822423927364,1.2230353885249903,-0.12900268684806793,0.07346391030170749,2.0383685642706895
-1.0218064180294262,2.787484559724512,0.8557899278424382,0.5688141171989488,0.373280546375267
0.20098358013457132,-0.056698017551975684,0.15753090557823163,0.45069949612840016,2.419660904460963
-0.31006440947777764,0.25264783811018227,-0.035692184902809045,-0.1670701777949756,-0.7205833167479458
2.654824016434991,1.3187780738023096,0.10819122238351195,-0.27369902130546114,-1.344975949420677
0.307395330422703,-1.1362387688521929,-0.222784574767873,-1.1631753298138876,0.44168937596298435
-1.4782428819110314,-0.4218350341382506,0.08421111915165701,0.3494389627822435,0.058223183810120996
-0.2953228030784537,-0.4813125597734021,-1.6085342790793362,-0.18431576709487854,0.2714121225255283
0.294020398642035,-0.616199546933174,0.7299626157809177,0.4313585786443263,0.9298887146090032
-1.7584139104766792,-0.3508294963560874,0.22202694538897275,1.2402382316866594,-0.4772654686940259
-0.17907814346209636,0.002014805007130687,-0.06304013733509763,1.1186181910192157,0.5151411046068282
0.06290857004337762,1.5090448900645879,-0.49808120585457505,0.007562234835987516,-1.6647612661545395
0.6049585657918317,0.2670124407421425,-0.40248418069598435,2.308583230243924,-0.8135030471850574
0.6816993111561334,-0.8370401996670497,-0.3380031428507991,-0.37878348176619875,-1.7007142438345153
-0.14783152781777012,-0.14597952629748145,-1.0250300850453764,1.5478780132755752,1.0625922302835547
0.7505718826356262,-0.7899269752151589,0.9645599696166857,0.4936469736288629,0.07148805527177299
1.6094568924664154,-1.0997701952411834,-0.024654317030712376,-0.9062806249907774,-1.8637463058612491
0.9642070002056031,2.273490876635128,-0.1879668165305255,-0.17825635622175454,0.20066498218516576
-0.14947280252961587,0.5903312789291446,1.059385342086337,1.6389297199709711,0.693229682753345
0.6001151649288854,0.7368575271630512,0.7778577139324573,0.2632240480712178,0.22606338797857292
-0.40340125474830985,-1.5287278143888763,1.772074206430263,-0.1988900185232155,2.0267003006421067
0.8256492166493146,1.1263868735097795,0.12182405672429109,1.3856778915309802,-1.0934202016031276
-2.05004196327448,0.28007549578420027,-0.8656655551272129,-0.5351851708264357,-0.677446536099496
-0.6363985759506812,-1.069115925938674,0.4160109878443834,0.604465486351256,2.207248582007154
-0.07361260042677169,-0.2428745126949707,-0.9296300395600705,-0.2510113262080186,-0.8721187477950844
1.0948217287447655,0.1238625340934051,-0.7843086635508132,-0.6762976907444398,0.6527384303077985
0.13135026781795778,-0.811673107309961,-1.9035773522628026,0.6027541950800117,-0.01462341141472991
0.7016041587034045,2.0442284333933713,-0.36562482173787725,0.09672553898007098,0.7761299961008383
-1.1837137622967904,-1.7160027253762866,0.7643250395312631,0.6563992684778782,0.2701123989651902
-0.3541439091136531,0.520283197292444,-0.15386954692292254,-0.47216098498233305,1.2937231182671818
0.051568837690266954,0.2717459966726502,-0.33429940837316824,-2.032902666028307,0.04589264732981607
-0.29089767871646227,1.462472848948443,-1.2338461474715525,0.8553935397190815,-1.4581978656624148
-0.7587831789996509,2.454056445973899,0.011182206225266271,-1.1199911296586114,-0.4987895267387032
1.3379146146695904,-2.618713885227161,0.45621222998590427,-1.060403853564774,-0.24768255819900015
-0.7309271756863662,0.05260341457288003,-0.19859239123875805,0.07053222358116591,-0.2676977435051547
-1.5489811411344783,-1.7065617384092246,-0.14246836933257745,0.5292910592467174,0.32933871304977624
1.5298980131809754,0.4482125910002189,0.8001770119641548,-1.4764294453533826,0.8551033456229394
1.4127493753047504,0.280088019863257,1.0057157330692996,-0.709794273361353,0.25738699351521543
-1.6982240563393654,0.004054631655544235,0.5481534783348043,-0.14432769750703947,0.6688609912689164
-0.1716247402471062,-0.10657644835090574,-1.5364861706066877,-0.19825046026752657,1.2905563416508243
1.164163948268926,-0.9680024053475741,0.15824187034458245,-0.8482681555994602,0.05678777507173282
0.5896268171992874,-0.17552290656103703,-0.15992767172020922,-1.4318861570850225,-0.2191805628762484
-1.8428329302244888,0.6033379916509017,-0.30074107062058353,0.02783402408774106,0.13407370444667294
-1.071093761717988,1.0668330684401666,-1.1010122037662902,-0.3657027623677304,-0.9949352920362918
1.28396606894391,-1.3669755693684087,-1.5423223862523918,1.2141810448794423,-0.13802972694729704
0.23709759644611197,-1.289922151962937,0.7445886639703202,-2.2497686745098364,0.43985381611940727
0.16272926808421712,-0.256920725071935,0.7242617426389233,-0.5865625717970739,0.7813426928594831
-0.35929161002195814,-0.05116738852056855,-0.0524855672714132,0.33345599407059073,0.638964340438429
0.4984735423103952,0.0960160976968604,0.8848365106590653,0.6189255867402359,-0.09641805730544509
1.3598937992218774,-0.4960743552839854,-1.1714424525496092,0.8458025710037049,1.3269055375287282
0.8295360281378108,0.2522310072662231,-0.11497134202250445,-0.8421590226610944,-1.5455772391580183
0.2541618871581243,1.829650956875091,-1.5099494789014525,-0.10685810722907083,-1.2103666451032697
-0.6836751447488147,-1.1714418551134496,0.77084216005089,1.5938392563788502,-1.5835392934165582
0.6811130804472042,0.3148310707733484,0.3059319512964372,-1.669953043776456,-0.4518192518318233
0.0944543247608305,-0.03534724409966091,0.9622603835918959,0.16034295242962954,-1.0257739814341484
1.298358155036177,2.2851184024546076,0.814103484717364,-0.961786584432841,-0.020558429866986347
1.8483667546966083,-0.9121846598689822,-0.7689627652907065,1.3978320219897906,-1.0029152276928446
1.3085388312008106,-0.11241457566868153,-1.428590680810345,2.5257916816314645,-0.4271454181850288
-0.06505920504442594,1.1324172495512859,0.28007450608368173,-1.3535078286498199,1.0433655009546599
-0.3136768500469008,-2.3717757963809896,-2.294143469649278,-0.3603843554149321,0.4728768066688707
0.2730281208611639,0.5742633625732525,-1.7794453596999484,-1.7494848717143388,-0.23768132566701913
1.202055436199625,-2.4060273807883115,1.157518696275343,-0.19502186872823263,0.5427626301349225
0.340509781219223,0.2777730714849786,0.25205934151822235,0.9090853648936416,0.8459555802460818
-0.7083787259389513,-0.583043591654235,0.6935982578437149,1.1108171737138315,-0.06346284396845016
-0.228619341475805,-0.2984926124603821,0.6948024668137044,0.6813363568283116,-0.1939816296018321
-1.4143010676003673,1.6534760772080896,0.34323386522031885,-0.30530198108777645,-1.7124065104359536
1.0507095277548715,1.5742837802683403,-0.5193530205107495,-0.7746541129666666,-0.08692716381148374
-0.19443955153965414,1.6014514140615483,-0.04398554784072699,-0.7268006452868834,-1.2100899406505672
0.37064621599230846,-0.5447481734385546,-0.4281530654845456,-2.286758031470627,0.5007028608994166
0.054887714509223834,-0.28479595771869964,-1.1268423877405687,-0.050873614235517936,-0.1584874597063427
-0.65836417496977,-2.0090636694338055,-1.4627323773157808,-0.5701156725351582,0.1238642137424057
-1.7968308251517595,1.2492110445252274,-0.449706312639263,1.0143271756765917,0.18435344524051722
-0.7863570687935308,-0.8157169227610728,0.16040936769070793,-0.36491161100077646,-0.5946122571077207
0.25860477890004585,1.016734128157542,-0.013201868051325656,0.19495707048135444,0.07898965230739488
1.2521685066295665,0.36288967394846516,-0.2922642573202996,0.031115844262563523,-0.7116453751635543
1.0778331625002242,0.9220350598828118,-1.5820169316520771,-0.6938413555037304,0.2540643669873466
0.27595929359793414,-1.2980555308589259,-1.5958170926265396,0.22928764034689908,0.550275419779729
-1.0894960086765912,-0.2843303470082358,-0.9949298049678605,0.21197263556890278,0.9183618373106295
0.16027288607602516,0.33398620490854924,0.35983642740153404,-1.1304861593000792,-0.49172359017340933
-0.4476927244711584,0.31146302843844725,1.1002055314919512,0.14503264209520866,-0.6394151178697013
-0.06486230134610843,-0.6605838624985712,-1.5940242808081369,0.5366046045617315,1.5068807378317173
0.6561190231314601,0.9773305280891006,-1.145625886188595,-0.3656090753057086,0.8995611365544205
0.8217863126043294,0.9591598618199434,0.4590946498852685,1.6482967805808808,-1.834004546995111
1.5852233866569188,0.1447741882027969,0.14085179427302474,1.1058004918364321,-0.09121118755830517
0.43737861118344534,1.1910384173770359,-0.9297763549130366,0.5637657945712576,0.8520984114268298
-0.3290665827427721,0.12218152619512047,0.41244236162288334,0.5749146592721739,1.0388171364440644
-1.4802865026500616,1.0183841107443865,-0.5203024862038712,-0.6631552634243775,0.46942328934818406
-1.7512346033057533,1.4801914119129216,-3.5592151008724455,-0.7803388697861429,-0.20956071626269449
2.589692763231904,2.1002800889447784,-0.1087581131022957,0.8196910330721197,0.11538331984835809
-0.5409401735278867,-1.264098081544541,-1.0187942979045443,-0.20791489883350717,0.3649591055577834
-1.5287609137958498,-0.6885335287661978,0.5386113694338059,1.6406481802933173,-1.3414069828103254
0.717243415101582,0.05080180572591635,1.2480983157462873,0.19855380038170084,-0.23068798075720448
0.12131624428922227,0.9036829867875361,-0.9922633057118678,0.012378167521578757,-1.5230326769418518
-0.03906687773043092,-0.728489276935523,-1.5545105586993913,0.49345693086085407,1.220380945336382
-0.11811370465213049,0.934854234089087,2.29649939694023,-0.7325196598529158,2.01018416989522
-0.1870425136685633,1.6012488793370294,0.7895596178441161,-0.1748551485375607,0.28693342492822854
-1.0409800833950547,-0.2444911171600106,-1.2100167672573547,-0.5313716878480877,-1.0896602549542291
1.7414647454225256,0.42767171265087356,0.15861464446958756,-0.45992543515180606,-0.9784384054991575
0.516531486170225,1.3831896882582426,0.5184782592087914,1.174092544392423,0.24024862470640493
-1.050804084899722,0.1714496038932706,-1.169418398711013,0.529400068812556,-0.33099571354790264
1.1081273977653265,-0.05366852781720313,0.5039407402451912,-1.6555254453172112,0.2225093370897492
0.12574626564580885,-1.2196835061873317,1.0203558230521217,1.1456855689623027,-0.23990411367481654
-0.0642769533797469,-1.059252641887562,0.9349432730149854,-1.2563285498422325,-0.21802919359701242
-0.3868915629581607,-0.798286437300894,-0.05845318503205586,-1.786070408226434,-0.0035138457089649486
2.4089777796384904,-0.6070206630267583,1.3719703371321512,-1.5996572466816155,-1.488010645577107
0.3291594191318109,-1.8113102570249502,0.5842696998130542,1.2559667514748654,-0.539517720945722
1.092030902997798,1.3456013182105966,-0.871344213725469,0.027816322005478157,-0.9796954485826284
0.16107540922542363,0.36852302361056344,1.2312802376293788,0.12471814819082239,0.049064181016655724
0.5224976053412439,-0.12685040589239108,-1.628801348254214,-0.07670660869427617,0.9418233792356807
0.018124804730504068,-0.8151058634084151,-0.8193619627808207,-1.9148656574229928,-0.9951077224991584
0.1273493409060505,-1.1631086700875983,-0.6687260819248098,0.7476705438529104,1.9407210837899005
-0.6834216322821741,-0.20864145945336035,0.006807497428433231,-0.04476351627881505,0.08514159328494238
-0.18720128044058332,-0.6491969272896209,-1.3424016162027779,0.38755150429520574,0.7948682349645282
0.26934324382611474,-0.8786210691004841,-0.6070538970054163,-0.8379387584530645,0.07334288155439736
0.9621447194969983,0.8708452599812581,1.7707282028882694,-0.13553814705087425,0.7579620166651913
0.056330015183987656,-0.3368742373399414,0.9668070842255405,-0.2466657321681712,0.2533974773724525
-0.09334641334022045,-0.612442262857723,-0.0596715531336526,1.230295607749039,0.09968079159084432
-1.1722413152915745,-1.84578555519539,1.035746446001392,-0.4875501558226272,-2.1708603288464303
0.8158741244146422,0.40198129009126327,0.40429431913545394,-0.47123259690662417,-1.1794559966043312
-0.8623100553450347,-1.0443326748504822,0.13402864910088716,0.7593182612855806,-0.8055214668290943
0.3713736233291519,-1.3014731783969056,-0.9699980649970604,0.8325294744182368,-0.33915122406351467
0.464508488900822,1.5758304311879736,2.38465704170388,-1.2397383025778614,1.7565954221090432
0.6190742461086203,1.4334786969825821,-0.5119281813760727,-1.3104860621280678,-1.5429990547225572
-0.7044049320669881,0.30595938372511317,2.073917275089378,-1.6053501942027704,-1.2194932227246083
-0.8516365011588477,2.691561020733068,0.6681777439109714,-2.724133147809028,0.5200668243266867
-0.48973482768229953,-0.6190823031956539,-0.3438625519127821,-0.8551445458705796,1.555636776324577
-2.2456032868560167,-1.8966481584768737,-0.2808112512266789,-0.48674438975860923,1.0905117144189747
-0.5997799899866485,-0.05135848314412041,-1.7690648617246671,0.4681696829517433,-1.134638407655471
0.3780628658218467,-0.45521677121083587,1.410854041120448,0.4281792209929636,-0.7758534661461925
2.005632266212539,-0.7220685706141492,-0.21600505634717143,-0.026047080076303287,-1.5751812334267066
-0.337226323249713,0.8941471480404157,0.4392611347381178,-0.48379857338314813,-0.8550333416383369
0.6580904278820827,-0.8265893814239602,0.1797572564064769,-1.8751715527857868,0.5094051273336416
-0.17134897644701316,0.2225760123659748,0.7031750245775851,-0.31098872387944876,-0.016457430127546906
1.3485950889218743,0.2035459778166469,-0.324013681727704,0.7538069880215265,-0.8253316448414504
1.361513842646569,-0.30547681573936797,1.5354518057049447,0.14189242121450357,0.1882944113967567
1.4565593384148625,-0.6244698873414734,0.46882469758557627,-0.012400058697092712,-0.0023237917193310287
-0.33266084641459376,1.1392795141910517,-2.015523103721184,-0.28503382305534364,1.6125751352379676
0.30503656549181485,0.14096436043678412,1.4440653688699978,-1.4382699442238263,0.4037479553657559
-0.5039819363377807,-0.7518665996467314,0.8870488813839065,0.1961071837792775,1.8519676993861325
0.09659817665231064,0.0013811429586957052,0.4079232343380521,-0.34003334145734776,-0.8218218739664931
-0.7259629830091143,0.5369827909326628,-0.8525667472434347,2.1066649318466553,1.7560252152935352
-1.255670205696132,-1.681480638321813,0.16863728441425582,0.8627943047443726,0.04938355575318271
-0.89242636577472,-0.2889278864256632,-1.5465908599787088,0.5064808591258511,0.21305345396648973
-0.8870941224655572,-0.10922610750148064,1.5297569011226086,0.001670983588790387,-0.527744269229491
0.635991878218961,-0.49570756378636605,0.6554499659451932,-0.6787420559682641,-0.08763853954327464
0.07833699492119528,0.8276079660791561,1.049495892894131,-1.9100014850936256,2.099361194901025
-0.25959075961286465,0.6396231326283084,-0.16200666705158223,1.4893617125039422,-0.06829095087858032
1.4480576573333275,-0.403111728539137,-1.076989556228683,0.6819272845116201,0.26816403424322255
-1.3620074156126873,-1.8890842134244197,-0.03843941532566913,0.3516555998883549,-0.31124880972044167
-0.60972908923085,-1.1041133624492798,0.8055554496540793,0.5427883720302765,-1.0716196101141509
0.6543985902225187,1.195722830006626,-0.7912751960649377,0.6422430347400482,1.3935596731499786
0.06540776285257167,0.4371353683139137,0.0604862168264421,0.4709799878677902,-0.9704738131565113
1.2111006953454753,0.029388013620922606,0.022248963319341945,-1.0972804711801922,-0.004986759522744824
0.044137599584066795,-0.07393517603067207,-0.6801678161711631,0.5764832269063959,-0.5313695573205133
0.9370872950211345,-1.55581182071396,-2.871622872600519,1.2840421413739012,0.544377904431923
0.19200001620639437,1.837253425001478,1.7784912907731634,-0.693005722533326,0.9441343300797712
1.1308754385735729,-0.11353792373689531,-0.2214206487683821,0.16645202204669873,0.33577254996346995
0.3760292942096365,2.2657837915154917,-0.8156387082068646,-1.5390243885630939,1.4410287505679458
-1.5148403893182378,1.069177363674479,-0.36426576233307684,-0.8795415961255302,0.13083768506776047
1.6527072467606714,-0.6991121403719589,0.9989548077275476,-1.4269397589183055,-1.3457175529676326
-0.2534729400165971,0.0742570944140908,-0.007009745364931543,-0.3205007673512246,1.2400909348742746
-0.9526725636524431,1.0151803426318262,0.383565909747141,-0.959507094074805,0.4249685221249039
2.2965687325088315,-1.1415814813492207,0.2891510425956279,-1.0868237103014768,-1.0238052773828836
-1.991713673097407,-0.7604820154273955,1.3760498146130606,0.44107582669225187,1.321850532514004
0.45014349676016346,0.06759039470176778,-1.4444269793348912,0.5403711947173676,-0.6593903565894089
-0.533325261526307,-0.07725994689803722,0.42924544607323134,0.9353314025646791,1.380067098542007
-1.4457443838109911,0.47963035330264436,1.438027715942498,-0.32821706562353586,-0.3620346971288367
-0.7664407137653496,-1.5092721073440778,0.5829624328586662,-0.22584090246846916,1.237775694401056
1.8333841672705515,0.3333865846824042,1.394249481977265,-1.500283251072612,-2.2777542223664042
1.173811127086806,-1.1929361520001067,0.6932253462419582,0.44321941663539766,0.3402663605674711
-1.6794292408196632,0.1424547697434148,-1.243196623248679,-0.38627753321524116,-1.6727588223957408
-0.08875586277784947,-1.623734949174387,-0.32519039319073795,-0.4629166972103347,0.7469199411107651
0.90246910454706,-0.5091533634722754,0.6300375762558934,1.8775376819489658,-1.0660813243347618
-0.23607261075367597,-2.237639353905269,-0.15300268901569888,0.7667786256159976,1.7434924151087665
-0.7788498715210973,1.1799889856694197,-0.33783991998545876,1.1249162187435662,1.6331964845012388
0.1932058159961083,-0.5949627925494589,-1.731525813914184,-1.1799344612011826,-1.0785505222560445
-1.494858676722746,0.2141411578473154,0.28701700202791885,-1.9183872853336528,0.06406282112629137
-0.6828687172111522,-0.013857967706261432,-0.25601325862759766,-0.6426938719950598,-0.9097052614955592
-0.3953684825390058,0.6220311851707421,0.6338604035952766,0.9930863777165354,0.11430506390886984
0.7484923965909268,0.5594087318722715,0.8395505659113613,-0.40944907625692584,1.7424878021254908
1.0125184040788002,-1.293122510270299,-0.6253289784295788,-0.9308878357075954,-0.38474942602207357
-0.6301565593375437,0.4834381488950378,1.1872101423871675,-0.7793513625949237,-2.049495619199246
-1.7116412284841964,0.021032090512161348,1.5869277230614185,2.145813812970768,-0.6378217839003754
0.08714443911472669,-0.2336546290301756,0.26626374565819144,-0.7767856118337764,0.14606681632193283
-1.5727745545018337,-0.5323081542000861,0.12342456791428869,-1.5949773969075698,-0.20363806308030863
-0.6293557687030616,-1.7136058028825394,1.09681621710648,-0.985872639625549,-1.4526959931524337
-1.3253380142990336,1.625590275782108,-1.0592293671753197,0.5683297105475669,-0.6660264446167629
-2.11888040409588,-0.061897024940623345,-0.07886109117188439,0.8955684351182789,1.3724515395895889
0.4087355503264277,1.8560068662725657,-0.9365813683581944,-0.04798615823900107,0.445130621910136
-0.12169846320196125,2.216130206763679,-0.003399288708782509,0.8768985341171162,0.7359721349426982
-1.2001351942800291,-0.17632222506741127,-0.2468371825777656,1.7152271501175487,0.09705701181989354
2.700301502628464,0.35941147758670317,-0.19810287743101632,-0.7895470937036588,-0.8106412792321879
0.8972023472368864,0.18209094763978897,-1.048306617648668,0.06722114233989697,-0.16548136682595804
-1.1402832671656218,0.7890753930170159,0.1982380049302058,0.8427180949281855,-0.4048405950674642
1.022124411414129,0.5831765920843611,0.445663779224954,1.2630850903665858,1.0290527424286826
-0.09942225648004839,0.7603039921034062,0.30213485041755206,0.33317582317869354,-0.4524327711793642
0.03809775990457206,1.6158206565026194,-1.0242360643356023,0.5056362265386274,1.1448995916428906
-0.049900744135808424,1.272917301463404,-0.4734035243242128,-0.19391239607061408,1.0233992126285392
-1.4229937254651772,0.15516969704575126,-0.14668361103795718,0.8772282486330122,1.2355166801353672
0.9720400039097734,-0.7999499229093076,1.9107709733831955,1.7636975521471687,-0.2824923138787911
0.9499524150569102,0.835800068754577,-0.71892789405697,0.7050873473233338,1.0226679105645877
-0.25153081070155703,-0.4386996785497596,-2.277132129628812,0.9007930804480644,-1.531798448017812
-0.18022714801091025,0.455699733923001,0.8281527539077526,-2.1563278742801133,-0.09885533996214
1.015328618711118,0.29879423847964404,-0.48181137207432934,-0.21100659912497122,-1.5260417840873162
0.703452242952652,-1.4540535794565095,-1.1700317881335869,1.2572497860001721,-0.8915147776141341
0.0036845468581713646,1.143633486507594,-0.7283339654422728,0.6379261720905197,0.2433584101133928
-1.4949980741251734,-0.5635813503003178,-1.0076859147214785,-1.285677497987239,0.7373501295152919
0.4795667351127327,-0.4190986310761943,-0.04488437592129307,-1.1824138099832626,1.0238204470908117
-0.6010651473464709,-1.3202347983918423,0.3576437968373112,0.66830274864021,-1.656649292361452
1.146458282544264,-0.47485867060259124,1.088959767417925,0.35945568828533847,0.035778859046832756
1.1149312361530441,-0.3942838179438551,-0.7093142505839777,0.050296637781950294,1.120491337022413
-0.1457107894543063,-0.9685618869275101,0.2957062060274522,1.222498754919728,-1.2491287420300667
0.15355562218921867,0.3160137155461565,-1.4364826917557776,0.004801042567282992,0.4467239389318791
-0.6931133495911052,-0.3056376427122018,0.6109815061849807,1.7024254047499003,0.6974482060760614
-1.2515820432747775,-1.27590515120403,0.3734094463137877,-2.102885669752629,0.07535736572219258
1.233476758870646,0.30939618665499213,0.1496844832350772,-1.699385640828885,-0.3758862570928561
-1.684288640308991,1.0708228444071368,-0.8858341814896715,-0.6749894460151022,-0.7517661204145227
1.2420680565531508,0.9776306697578061,0.05675341584923238,-0.6370199606219202,-2.4912768064058515
0.9377725310212376,-0.11393781460675721,0.020901017774366946,0.8945309870529086,0.4986391163084508
-0.6758403335966193,-0.3359150517083532,0.13009218184881607,-1.501342798878082,2.183590479844596
-1.3529288421886252,0.17842630537686627,0.14472071611622483,-1.7577056668824071,0.22687554162718696
0.1930451947249635,-0.8408228883348842,-0.4005943853148301,2.113888073708848,0.36849049259468486
0.4110473282089569,-0.9924387415994949,-0.3437306722622619,0.4476971729158454,1.1499688471423484
0.8756722122001844,0.29525404998863053,-0.5773248266236579,0.16604364364559052,-0.7514577364857152
0.8882455940732121,0.9843858193506875,-0.34330957568747683,0.3199585842781122,0.19238519101847196
-0.9475179820303833,0.8329903157588439,0.42814311379764186,-0.5416727565918285,-0.3216971625586079
-0.4794272042612244,-0.5664697422170446,1.222734377034611,-0.9296828984872992,0.3707981173100561
0.9862612335322757,1.3759167088772344,1.2327519370597044,0.6576665265656509,-0.05952238979914242
-0.14422139736773568,-0.958538598038379,1.5233294524456393,-0.30279832582698946,0.8880277882643409
0.729022738293613,-1.0972431044551658,-0.29035717901894215,-0.4372083346620237,0.42226630455838843
-2.075119166642794,-2.2173768991499805,0.09503443233298918,-0.03232581184637497,-0.8926936239205798
-1.2616795195326045,1.2897285674284011,0.7870714318050495,-0.47361309183727796,-0.33232078656810055
0.8051438248148827,0.9082070290935564,0.5834215944949386,0.6264193401569709,-0.6676062676654154
-0.5804781238413694,0.32764119679206216,-0.29552444881056733,0.41858603085076135,1.8089026255621226
0.5538183891941599,0.7111968541749494,-0.46514553282693016,0.8621372115024516,-0.2031286538119291
-1.3279765678713908,-0.27254415158692946,0.582052756248893,0.49197475851057904,-1.7751843657157436
-1.074084658740714,-1.9004950466266062,-0.5850063230821713,-0.04137708464392678,1.2359813350138915
0.01379010695434498,-1.5239076487923784,-0.5688523787254829,-0.19970338796388587,-0.08454043804877487
0.4031385743773699,-0.3328212353805774,-0.41855265407698505,-0.06684982550351926,-0.3855249949723211
-0.16050971344856396,-0.0999412897927947,-0.3069755757484923,-1.439640084006117,0.11562764437782101
2.106617130995315,1.0080632058073244,-0.21596011415292674,-0.437855696551098,-1.0591344517038201
1.1561706192888836,0.20927718919053215,0.8287166700931898,0.12214324312669543,-1.8821016002491762
-0.9264512434396993,1.046618899605643,-0.7818472500760483,1.0915669202109397,-1.3342982319468548
-0.7848877340906762,1.0070340547109726,-0.6080829811467078,-0.03014914248431699,1.844039660814827
-2.2170482953599957,-0.8968811363665137,-0.0014260686915709552,2.0422227574946934,-0.3989171212345266
-0.5398461324563686,0.9817125930054494,-0.44143180190999365,1.5639052464593475,1.2556784895749407
0.8683614356198442,1.4276325529825824,-0.8226142209435391,-0.48665696498541533,1.3477306610043125
-0.8256177469953295,0.5392256231784001,-0.6191295547417889,0.23483130816582828,0.7330887029018887
-1.1222345090987487,0.21544375790813594,-0.6165686514171835,0.9268707881880981,0.9800777375234273
-1.2598122605403264,0.16015385133339768,-0.5702484085134223,0.18967630455173098,-0.20374276816398942
0.5034770335929267,-0.14951749131874836,-0.7689095856370319,1.7550175025296013,-1.278299917446464
-1.5541991996309266,1.2355974705503945,-1.4013884824597038,0.5024995683038586,-2.398908202437523
-0.6904502770738117,1.4818471678389507,0.5923036433542778,0.10430944511853259,-1.2838457459171742
-1.079530360487953,0.2986524009933032,0.7301684360158784,-1.09306009547836,-1.6920463039833673
0.03403624902596215,-0.4308169133103563,-0.23809861586397343,-0.4752358978222552,-1.613784943325985
-0.36077669101123166,0.15288111597736176,0.21117469121192545,0.45835486322257923,-0.3802222826414548
-0.3772130320186635,-1.846375449756645,-2.2123793094585786,-1.0547992538942654,0.5979776638572957
1.364408208384211,-1.4626253323982377,-2.451501838092768,-1.0015409442232277,0.9426521400907106
-0.785721702830657,0.17717995821367302,-1.0456927099367765,0.3022210896983079,0.6448378267477133
-1.4637810142682108,0.19117239966895394,-0.5945409401050951,-0.7827459279098693,-0.677173613608962
-1.1967473286188903,0.8960546890628515,-2.1825841324774915,1.0865132999574758,0.6281990449821553
-1.5076808892921723,-1.2403789374268197,-1.6204308452652225,-0.6401015095225511,-0.9118000575356655
-2.1134503227272554,0.7966771406757616,-1.9798513551634327,-0.08385515117555002,0.1370274979826554
0.04134648133248204,-0.37416642420057444,-2.784208693072211,-0.4402990223474916,-0.7655715929291055
-0.11038802245025621,-2.1698616471648,0.6886923812350607,-1.2655354152274454,-0.4037359362447565
0.1547576798364452,0.13712665072976113,-1.0519686620624538,1.2957514343089234,-1.32934825774542
-0.3912370986521258,0.9348103651653752,0.6054616391110638,1.5555530416531023,-0.1570938603839564
-0.5279581414593335,0.5779873019486834,0.3611945746190288,0.5153396358710193,1.3282130366719478
-1.0622036181670416,-0.011911585081131559,0.6057163902118291,0.3328051476478986,1.0523907557460581
-0.7687071817340718,-1.7161050850333541,0.8401260167441293,0.9607439317873253,0.3675534089018419
0.1326357321902802,-0.3810127488793768,-0.36211426420318216,1.214972600904818,-0.6864152732894886
2.1341441321356935,-1.3760422513779647,1.447733136248408,1.1087991395709633,1.2259066878813454
-0.9973478995513853,1.9888436598295138,0.039109855557982465,0.4197756890186288,0.8069731479267036
0.4118161117062907,-0.5500623974736731,0.716774219991771,-1.5849527229346858,-0.8822661893258497
-0.847494042155112,0.15068865578575047,1.1888578143967123,0.9024469708549673,0.48050607701867926
0.6355615534159911,-1.2208648023137574,0.02019256582172219,-1.3016709130006503,-1.190169933455066
-0.8411400969166847,-0.306216289671434,0.40634033015287757,-0.9149407465221261,-0.5346658904315146
0.6784704962450753,1.359795021205557,-0.35099221858887775,0.05467619687736774,-0.4102563262741357
-0.02276759324469737,1.4903921080250748,-0.16417066153298224,1.0045261181848677,-0.8621634472744283
1.5563520063705905,-0.42473418220399617,0.37491804421322655,0.6881290115949273,-1.0499768523840733
0.04987235210319531,-0.18043495682336363,1.1378892752763268,-0.838267134590782,-0.3184319942951459
0.5000275128494341,1.3872330901625232,-0.44896062186251884,-1.362235020181928,1.3663749825923415
0.03767363587345135,0.25464810234041174,-1.8745617471984974,-0.2202989780914083,-0.5579921176272381
0.36562905321234695,-1.0162346509685445,0.7491062486666957,1.2874711867823103,1.2405853808160272
-0.5830307989748726,1.886004832626212,0.6060758141528203,-0.44179759154433584,-0.9627617439900618
1.1231011791715138,-0.12369308691104694,-1.2860432270905007,-0.2621548207212868,1.5992797723259564
-0.14047106675558607,-0.6223908354573618,1.1087864206667275,-0.044870046742986815,-1.6711184976082287
-0.08930411818346207,2.552716047927107,-1.221065831760286,-0.28110559266874696,1.9509026783562142
-0.2574340718326952,0.38609433553109873,-0.4027826615882263,-0.23872024174178194,-0.8603375629153553
-1.447567616150854,0.616500924865823,-1.246414016859262,0.7029943378137993,-0.9217858350811909
1.4373655512505454,-0.39050025537178296,0.07443736023906343,0.4890822186554519,0.234779831936345
-1.0927472823424336,0.8944897455060663,0.7180064426311716,1.6213480155421602,0.5466005915678448
-2.0799430629382445,-0.5555210203958955,1.0409149047743906,-0.726293983728904,-0.21387190719617846
0.8565531321722114,-2.141930999803322,0.919535534570665,-0.241963574790033,1.6205001244886006
-0.22238506125818577,0.19903609229456248,-0.8658172179573811,-2.6342195476484296,1.0850554693087584
-1.4661822034965293,2.7148116193759324,1.1148954631015693,-0.7485716426793351,0.4017559904080933
-1.2816630786400027,1.9812792305391722,1.0224490217891777,0.9973073557381863,2.0992475718721044
0.31452010022226135,-0.8546164576673789,-2.2643172891576886,0.5060132038702618,0.11241373636348014
-0.29166225913050536,-1.0688940896610684,-0.021988838070986793,2.208902906169812,-0.010041543257837043
0.8336219702901013,0.7375305385631041,0.647603474034484,0.14473258154797078,1.9824608520790548
-0.8547524683350598,-0.2787932508226344,-1.5707190579003982,1.4387166073104005,1.2373591595517435
0.4718035102367235,0.5383156492053751,-0.07092899688350271,-0.10400065800406096,-0.21089849859371523
-1.9088505040630726,-2.0367436408180333,-0.2435436110085363,0.925390632396579,1.07494236318131
-0.3175738822468804,-2.5694646241727117,0.8262118114775289,1.5503993997555825,-0.8378423618188252
-1.7895248645982476,-0.4224582685482532,0.8308284618947854,3.5175905385693156,-0.07675883304511791
-0.522721643146646,-2.048093331785841,-0.17157214277179647,-0.2123147883915604,-0.4575618729838033
-1.1585524198835417,-1.049699538806698,0.4641758791507083,0.3104074740727716,0.40315830751948256
0.5498713874359219,-0.024646768518468778,0.6149144195932192,-0.9645478614061387,-0.777899372697554
-0.8758759177368917,-1.9131346743899067,-0.4387466067305644,-1.3667966656924797,0.6720519456234062
1.6593798261240145,0.25832434848617275,-0.9592799111709129,-1.3333413266746665,-2.017642398168697
-0.06614253083676043,0.06260648670232213,-0.4229399143378208,2.100850658730519,0.42825995548707857
-0.4724005173359442,-0.11921072592400492,0.45190162653264204,-1.3282098920656435,1.544690148103274
1.0449294991733276,0.8479176082995111,-1.1716428245856654,-1.3512930006498038,-0.4225393215414075
0.07033968664497718,-0.9771015057465806,-1.262027410849628,-0.03424435121402327,-1.797852120417601
-0.044454315033941164,0.9307489406624206,-1.7980748714965165,-3.5167640547050443,-1.561550397480874
-1.7510826919582045,-1.3672888937227194,-1.7968599649492059,1.4852426175568074,0.1388900113525869
-0.4971373680375399,-0.6008042520062902,0.6338011337736482,-1.037573981536163,-0.6830403508088938
-2.633918216718237,-0.06976209980249007,-0.8712170169767056,0.062451729507690366,-0.06012606383834726
-0.8642878270770348,1.0284950857291204,-3.1480389474314454,0.379873176673885,0.0295091491713908
0.6776514580382555,-0.8104732511602142,1.715491687110531,-2.205554500950929,-0.7203779417908249
-0.8254482872786422,0.3183722503829996,0.03965766897582044,-0.15353260823184292,-0.07506930839222437
0.5122936494283722,-1.1234341350489685,0.5233994962823443,-0.08526646680499003,-0.2977357770881165
-1.485190623858632,-2.064344977232547,1.0003535048121277,0.15257518036243184,-0.48339806838574795
-3.0591045539478996,-1.4938564821812703,-0.5923796359026099,1.931509030837281,0.6885662747455117
0.4135675871238792,2.167876049056576,0.9601005343097361,1.2821973189275468,-1.427015262309534
1.7050316190090125,1.7317397646024073,1.1962393434120673,2.5082604721308557,0.8756019006595149
1.251732091819344,-0.057427340302435,-0.06814132005585523,0.32929526989689567,0.3358577324759907
-1.1135637135334135,1.2431022284248112,-0.501665251811541,2.403356473724235,-0.7231925227461791
-0.4795924788419537,1.74562603558916,-0.42502442849371086,-0.6733486969022959,-1.6799215499952693
0.2540592165613097,-1.152596128189845,-1.2795795658011444,-0.055094050779886716,-0.049463971744853896
-0.3946780734578592,0.07972597956133336,0.8454857351702094,1.5448476475596278,-0.4464960143492205
2.6057515438469685,-0.3041968556736421,1.0120797339615164,-0.3687218245672783,-1.0605317994611188
0.5476842365858122,-0.6218093359261339,1.3941518079472672,-1.3164783744510538,-0.06112043682757022
-2.490330923771099,0.4870286044055276,0.48954608202423405,-0.04305731208545195,1.3936261195230513
0.8226855704683425,-2.146001605346302,0.31698998253502286,0.7637377730311772,1.149135544993294
0.6859721334890017,-0.35500826273443004,0.017129164674502918,-0.5766606011157366,1.569034639225107
-1.4067715574613677,-0.7750791514769756,0.3330888051486067,-1.46630947282519,-0.15752927483083312
-0.6489961701999027,-0.3776378319762503,-1.6157419786385454,1.4012294497396283,-0.6553412675146679
-1.3762507859884472,0.9638420922704216,0.8925720912203008,1.1251300361911438,-2.631421945511606
-0.577294412347295,1.0486702096705658,-0.08337158000522352,-0.32254918988576875,-0.6352960176734453
-0.9984829287606473,1.1043008346426082,1.2799739237426144,-1.1165641463831382,0.5006938236487477
2.157212157596011,0.6814729621005039,-0.05678469121930066,-0.3014937899672443,0.4691380774719018
0.6204677462973064,-0.6058837938665246,1.101211134402479,0.2042800595220634,0.10338820132426639
0.07145721770069194,0.16212721228318344,0.23028306491058523,-0.9742050335157434,-0.21047606899566357
0.7309300233961459,1.3758483296598314,0.3730455662819077,-1.2131111529694958,-0.5613343803068377
-0.6351076617215683,-0.930463235647233,-2.1047494671316747,-1.728586060998385,0.14785433349209012
-1.4247390697672364,0.5299562017716856,0.5423282942872072,0.2661999145020019,-0.24898744295610378
-0.22787418250575062,1.0386524522304252,-0.31965517327218385,-1.2872957909194676,0.9910337458116247
-0.6724197447626731,-0.9547423977934336,-0.311152649365966,0.5308370306317052,-1.624379080266704
-2.313827767672695,0.8728758752867688,-0.22520315903719043,-0.6058590491461684,0.4632193127249303
-0.9337087411689716,0.2967351386333678,0.0640265415409013,0.320470670480575,-2.322095614586752
-0.6628980563529282,-2.2662906722609097,0.44663284353992655,1.3756484644154248,-0.17940725538725805
-0.6600075040270509,-0.7069445498925927,0.05838270495772596,-0.6561775812615159,-0.46560550973112796
0.3793772209733267,0.476376419883048,-1.0353227133253222,1.1602444035745352,0.15195140402779217
2.0939228545181066,-0.567548028992944,0.1606401850715537,0.35407364358368654,1.0892772963630606
-0.8244852090152128,0.5184944783790205,-1.0533982039874232,1.2061354941948952,1.564078380798036
-0.41657709920640845,1.322729589179183,2.303379037794558,1.0213481946424645,0.8873040830786836
1.2894270778599046,-1.4962392596199872,-0.08591233865191224,0.5992965190261677,0.8677346410481079
1.4550353799859619,0.10821037622174395,0.771155326662473,-0.9497651130279923,-0.9313763737600738
0.2182725948576282,-1.7480597411039211,0.5504652723608642,0.9095434788498529,-0.6262888632743334
-0.6016506632583696,-1.9048423020583332,0.05806216262325065,0.06545338285238841,1.320185491260099
-0.32788710555864536,0.09267752342682407,-1.6626623054623166,1.1799893099916685,0.8431106087604368
1.4513590532009277,1.9960242645717288,-0.991410071196075,0.5549355713007537,-0.7923467783979983
-0.2632480521231166,-0.7768224229163739,0.17890048903108163,-0.4495859113328088,0.9275446512953709
-0.5151099445711365,0.6745029932215302,2.137113330294133,-0.08140823214512133,0.6135912451895646
-0.4345583278756861,1.3808652003973296,-1.959672808935737,-0.798690168841168,0.07269307721293124
1.6273564377931213,0.6095265843981399,-1.2800131366803427,0.28121389338337605,-1.1094893354708286
0.4534245070895103,-1.9182909645456687,1.049128448857778,-0.7570306850542128,-1.7987500012022084
-0.07100099270200384,-1.1542415043840033,-0.57023260672777,1.3930359228374898,1.961474661880379
0.6422610095405799,-0.2874853482847153,-0.9382810058514667,0.632461701882173,0.0866671643517515
-1.4049780296730898,-1.0727370336494786,-0.21437351629554513,0.24851565276240406,-0.2966979611102643
0.42847391470803137,-0.2691437523407324,0.7750691093485591,-1.6347768846140351,-1.2974365559536405
1.8272878766945966,-0.5543495059847449,-0.9593735925236049,-0.6123802411475264,0.089714634958451
0.8776179257125527,-0.3076023952928232,2.748282469790284,1.1072967930996171,-0.3393193435020029
-1.8975495801518807,-1.3674914607808473,1.104789856929018,-0.6704862877097545,0.5128095724700547
-0.10869808999075557,-1.5657262704957677,-0.6054043857001484,-1.9064759140156533,0.8542930348857906
-0.2706705241781404,0.3294655799197638,-0.6939494476382757,-0.28762013199430814,-1.478073521941306
0.16466335032911575,-0.3618400633564877,-0.9760717435683226,-0.08708707561359656,-0.871073257951371
0.18151625647841949,-0.7748684301653945,-0.09442106733023005,-0.35492090376178176,-1.3825182695142175
0.41008276362466295,1.5871112104406115,1.6969651250840065,-0.8255012528981883,-0.5383573699833515
-0.6358960729387794,0.2787781769034411,-0.7257305891033708,-0.11144168093600698,2.791588711610459
-0.761148564413489,2.338028886704225,1.6054667440997428,1.6350588482953863,0.44328793616062506
0.15611853545085322,-0.29772452916749326,1.2189416816443461,-0.8041479605949408,0.2478468791950631
-0.7083746369666376,0.9691156878779035,1.172650944675612,0.8390706230987213,-0.3250414362959025
-1.843307840074204,-0.03541853948846097,0.32799057249470337,1.4609214259993644,1.3999947397112886
0.11253239334100126,-1.7015141847835094,-0.011523140098451604,0.24703896187194,-0.769234919612689
2.2850220903249805,-0.5551349752156024,-0.2920688866454191,-0.12996010265214483,1.725635586791916
-0.5701714936083621,-0.16729492189402503,-0.14473253075256037,1.2550457842080303,0.6957435607839549
-2.055634342474766,0.6541706845333783,-0.4248952498417544,0.22849986696472493,-0.997176491012367
0.41878689112093337,-0.6139021795665895,0.5161564850625292,-1.1552732999759396,-0.28569957025925247
-0.37226896521785874,-0.31416035594198677,-1.0402466402499708,0.08921706518470239,1.0909717786020425
-0.35191894428353404,-0.7846105827181747,0.21655041998340138,-0.23321084695065036,-0.2078322754636435
2.089420134219011,0.9965715645972247,-2.3064171854956617,0.42494949673141486,0.2970965312449753
1.4719460176864982,-0.8467301557014602,-2.1936958434134564,0.9204629067684753,0.006079366151751998
-0.76125045984077,1.4909987165070244,0.09691147482964947,-2.2558801180871,1.3017787783016657
-0.4163464192201816,-1.2447753513548345,-0.7193509141279676,-0.5573178670010237,-0.5375571548512882
-0.90727102829446,0.7134280313033765,0.44726772531718134,-0.5387034228968297,-1.0979352199956194
-0.0969035335375437,0.8851695079645053,0.4283597967967721,-0.2693167863296599,0.8947086176623857
-0.4407319970355994,0.3106559947846707,0.1353596646768295,1.7312324799874586,1.0071726519698119
0.34696971127603654,-0.4897403209764807,-1.1294970062949659,0.5859826815612283,-0.5319838701531716
2.283268220181678,0.09048475902320163,1.0375345491511978,0.053062676445763846,0.22120621741733731
-0.904020101286928,1.852301974120098,0.4280901744091864,-0.4156894680934317,-0.11726651556948384
0.10342175614393863,1.1876068231038275,-0.041633584694587666,0.9701613699954074,-0.4021628017139422
0.0840415991721203,1.6839732388266677,-0.760759816410261,-0.923939493270982,1.6633607615382222
0.027989777806157735,-1.336760602158977,0.10105520853464668,-0.3240384719326329,0.18938046899270178
-1.6656187350883067,0.09156537882905588,0.6058745075289509,1.055518477259149,0.1614021610039453
-0.44115422302047536,-0.3091660109339303,-0.4589469615079083,-0.888552663055258,0.1429496888316394
0.32964907740463584,-0.12003931433430759,-1.03174592249936,-1.5778384266944645,-1.581385452676391
-0.7250227763646135,0.4025271965727246,0.8810742300501617,1.0498822756145116,-1.2617843017744796
1.09849428325105,1.257269240339271,0.526245109022125,-1.100586765674476,-0.26092676803435555
0.13309619357170258,-0.546631647962937,0.10857135043841762,-0.08034971864638131,1.5847503593353762
0.17162079001420255,2.1467904230843766,0.32344072994707035,0.3880939800154339,0.33760786554728833
0.21791505063050864,0.1255939358486817,1.5029611593952086,-0.3920945982459102,-0.3396290110360569
-0.2699676146001542,-2.2246427467104386,-0.9784495718337667,3.020026177003536,-0.9798727435209871
0.9522502236476388,0.3660866099429702,0.9488851382776147,-0.9902038692599474,-0.42451122559236104
-1.2209370112938103,-0.9682242593907089,0.44736402573240514,-0.2754874149961472,0.6254726890764221
1.4889073068862237,-2.2888400485680616,2.5812896300770873,-0.04276797140386101,-0.25015391402274273
0.04868403750713539,0.6880494459255629,0.29772602690214395,-0.025690062030114102,-1.5415319931684257
1.3239855165311738,1.400373573300433,1.6975257307395881,-1.0694088013646537,-0.4335615850329914
0.6893814896054944,-0.7659951639644272,0.5222548693012684,-1.589717193972015,-0.8974351880977991
-0.46753766439099115,0.05085181119686318,0.13813316571455705,-1.511415563152004,-1.9640274987965314
1.4825671398871563,-0.9871300998910932,-1.2335922693622445,0.47335978934954154,0.6841099943835254
0.1691801394154941,-0.7777177618694099,1.904668078888866,-1.2614593023361875,0.602422017717197
0.5140169209056287,-1.6047592779655508,0.216209878110533,-0.09071689930512943,-0.6505448362014062
0.30160240701052843,0.18586899174381163,-0.11220650263799722,1.5150440166011603,-0.2800901932440666
0.3781287471136086,-0.5961754905611347,-0.46334840459844195,0.331113222830817,1.778183743273789
-0.3282147979197059,0.11254423703972018,0.9348921518261101,0.9133448853064534,-0.505193261974653
0.6818890740149429,-0.8080537184915555,-0.3156523978324747,0.4343404692470482,-0.9375769984857207
-0.16552683655816902,-0.27207851674548966,-0.9811951292309783,0.43069410137639197,-1.0772943693624601
1.8062532431927656,-0.639648244752627,-0.30077244082916993,0.6428020768140198,0.17945128205461083
0.6591198383021993,-0.05059789444364512,0.4279933869963398,0.6514245978373394,-0.6244264991518683
-1.5528854575248006,-1.3992843592545927,0.5342343568613501,0.6176560198059085,-0.12260054804028553
0.09533718944747971,0.47122150461734985,-0.8985687090060094,-1.0868010869696683,0.7902468082533078
1.0191951713940859,2.1496726048815886,-0.34777263455652074,-0.33594516544840425,-2.2855492095438037
0.15891830082306924,1.1670941561526844,-0.34215308927527466,0.277308809984863,-0.37881075472226927
-1.5960684162898726,-0.3744076003497941,0.3110954935374525,0.006064671381338841,1.3648596699905062
0.8182943099370802,0.3190949217953091,-1.0772475130634014,-2.2390166015212145,0.6794931355682006
1.2811530812353178,-1.7156767918235258,0.4314200879797577,0.8618625268798767,0.36232552974681065
-0.8787876700260004,-0.8943570278843536,-0.3825041870346757,-0.9742107895746445,1.5556974559959884
0.9996139815681708,-0.32215540064946124,0.8780554795964901,0.08429544816271278,-0.3815292421589689
0.22502719042952293,-0.17587973484026698,-0.590091529213974,1.491761999237237,-0.3601560324669825
0.34677566486051803,0.9020984584415829,0.27929733469113294,1.210780139625838,0.051055599744615085
0.857999339567097,0.8957136584360728,-1.1943974347812716,0.33746892431780035,-1.2384122385412226
0.9082964997853957,-0.07378342868047735,-0.35582588484283273,1.43151220338589,0.4234478106797646
-1.4683621730427412,-2.023315650329838,-1.103458948565193,0.34802287641634533,-1.2209593630474
-1.3797242653738524,0.08150233459273219,-0.5480121893767009,-1.2872495462507645,0.40133159229151827
-0.9658613922676987,2.8721979158353026,0.6346080984081043,0.058794096869728196,0.9696757533788609
0.15922216010399487,-0.8410542639503068,0.7509357898954111,-0.2666808542442706,-1.5107846263645968
1.246790393712386,-0.12613444466837173,0.03668945649941193,-0.7666857235216155,0.24650859138371628
-0.12714931991114525,-1.683740758319013,-1.14308714143647,-0.7842020162468768,-2.863969159741365
-0.5115111200259015,0.6427434236931401,0.3208460334393466,-0.4751119647459885,-1.0782920180401876
-0.7325599035529887,0.3778010084431876,-0.11457563591691419,-0.6584018350017989,-0.6946234031145996
0.6927631491900011,0.1643695372090073,1.086259897145508,0.3375934286329796,1.188070319284145
1.2670932623441253,-0.6497014957223143,-0.19883132212074897,0.8682254226726003,0.7400966126370195
0.707678456783848,0.3904440635890102,-0.8812217561977389,-0.9760536078888408,1.668214851733544
1.502657872298744,-0.7304416099885539,1.4069104357919122,-0.13518404722164615,0.8256560465359163
-0.4862804213690152,0.43177570771124835,0.25879546617364374,-2.181705932834878,1.8256123500827637
0.013139885313354747,0.60917900551921,-2.3773455180947747,-0.6792469760161695,0.29139579092534956
0.27223368907160306,-1.5830315530265417,2.187768408397329,1.178001067546441,-0.4064942104024674
-1.2471991194908054,0.6937979619201886,-0.13593368754249027,-0.3716118627070569,0.25195545701500893
-0.5404534145049215,-1.1052018844777858,2.0319099594315677,-0.36630058254725906,0.6831162971687356
-2.6831538504564314,-1.2554723731656245,-0.913344359031733,1.4961317244328882,-0.12388112866713054
0.9505336459556896,1.0609127202322641,-0.5954036800772474,0.5737850694081623,-0.023010677565189475
0.542706547238521,0.6617249748655519,1.8509823020285106,1.7496124628996081,-0.15575402086293286
-1.845614123364667,-0.3021287885224704,-0.3840550720148286,1.7844600566812547,0.11300756326259306
-0.1085342734950665,-0.3990848910726248,0.06621371550087664,-0.26967314283846044,-0.06506646559024855
-0.856692612907161,0.3654189989675219,0.21096412873986387,-0.09920105027454955,-1.5518756320552554
0.14607789760587436,0.13427901417751786,0.6206414288322483,-0.9864430196864876,-1.5211529287104106
0.33487690725093,0.2729329549005072,0.9313386328234713,0.18114522061169258,-0.6145471305970064
-0.3946888308269247,1.2455003825134885,-0.42328104817530726,-0.331246585893113,1.610827431902317
1.1253149470346053,-0.4865873055370013,-0.0799341516461353,0.5215514755390125,0.39212038529702675
-0.254864772136218,-1.3347482658296466,0.9137274012841726,-0.32895135003854503,0.4283588540750995
-0.9937155144185928,0.48706787891190767,0.477235588668768,-0.7643490993684361,0.780291898550288
0.5224008750331325,-0.627466179816586,-0.19490553387828058,-1.1658947809299391,0.7978089639155916
0.2339847246802232,-0.20571791529560773,1.357097562172437,1.2605593825741301,-1.529288340415249
-0.9828083390071254,-0.7260780919568265,2.3347650618513383,-2.3955842852664024,-1.163686819085737
1.6210926112200386,0.7952038877628707,1.0896992098484966,0.8500785800116716,2.6799778408324504
-1.6335192074537028,0.5534208576441454,-1.4263525231880079,-0.26512123357297457,0.7321522039620755
0.03044028871097064,1.1533437874804329,-1.4503745375257624,-0.5517643181999528,0.30266317461681447
0.7378239042026312,-1.3906311563627238,0.3736466281904444,-2.164828004565387,-0.9081343528886846
0.09772996663842937,-0.22815722184676634,-0.5663523679794618,-0.24898453830800638,0.2164993971451853
-0.45032710166542184,-0.2973317190821909,-0.15750533915529763,-0.09704476687812595,-0.32740261132816245
-1.2355367075430903,-0.27241234458769203,1.227469288285682,0.114243679778744,0.8418208076037584
-1.2936022834693086,1.0660835705297562,0.10373809142259094,-1.3685352143275662,-0.8902147140425448
0.6922555163716552,0.5379550850099032,-0.3151417996553241,0.29750116090571516,-0.844227118565199
-0.8663709896864628,1.211836307257518,0.30554951303391303,0.7774985876549302,-0.7491274033383507
-1.9323792393509076,-0.19083899018922795,-1.7405466558736171,-0.9034597856746993,0.2880450996640653
-0.1451713512834149,-0.4465074484794461,0.4162186088864513,0.33184686599926416,-0.6765737617339876
0.30281180489104276,-2.307496256782074,-1.3763060311723947,-1.811753790329937,-0.4359837431954819
0.019625446949631947,0.009923010251147906,0.5328168971902706,-0.9261670025310221,-0.8122979721037225
0.5983838049482417,2.329207483768429,0.4171870260847108,1.3520657641349119,-0.15994185162237892
0.7799110460021708,0.7172929532256591,0.33239106869358365,-0.24642905556017455,0.31781793818958415
0.6300600974505165,0.04568239961550295,-1.6289352504559218,1.9294164783879426,1.155123867195589
1.5937136925097015,0.8458220963411709,-1.1666928038898097,-1.3895947344049697,0.8281174391474555
-0.11894090554830465,-0.8624191531436871,0.3663789538123495,-0.38941123496326113,-0.821099073771601
0.5325050153362074,0.2767417431091185,0.6713826245038361,0.8899587575168242,-0.5314809507931759
0.4998013115747112,2.073975009551954,-2.058477919624946,0.3021221372559326,-1.2958015973215837
-1.5400161169187283,1.0989414444853085,0.17323258241995657,0.7910611440194139,-0.6165508352385283
1.6502905770229537,1.893051474043924,1.4060742289157073,-0.5103295569650296,-1.0829271588568743
0.2711371013534792,2.1569900311029127,0.895451936195888,-0.09165685353619162,-0.46788635985250054
-0.18288428184373787,-1.5474598327377325,1.278271334922708,0.5295051020154957,2.1856774639268863
0.08755542341134648,-2.4175087782952724,-0.3010118713277259,0.43042304377743124,1.3580133060350372
0.33639318379540023,-0.5239778547769911,-0.8254791363287817,-0.08267842261941521,2.4328526798559245
0.4715569366602792,0.9612846824261745,-0.5634766527836661,1.2525134704838632,0.0797508218803242
-0.39964811606156364,-0.06421761341548385,0.6302507923903183,0.284396576278604,-0.5466258980700524
0.6326840630473322,0.5739961663956402,0.034919839549359837,-0.9593545881468313,-0.2431008429369332
0.9016035853713155,0.9845527482277161,-1.5811664888079984,-0.01097829315322348,0.4709813484725537
1.0254858190257763,-1.9097622343591978,0.11687364635609925,-0.12710466988832628,0.7374118935428853
-0.5758319724609401,1.7231913291523333,-2.08727633686934,-0.9649205979791041,0.5148781868083424
1.0169838893238945,0.5210660559831376,-1.4180997855886035,0.9646447858599306,1.5866539398782114
-0.4522234775966012,-0.8219949040983641,-0.5850933676960796,-0.20376449445878753,-1.4961065183105366
0.6198484824184356,-1.7603902608445061,-0.9085037873297552,0.3875188495174171,-0.55825462260795
1.174769043606091,0.788314215530254,-1.8858679282816615,0.456235031088079,-1.307429256871882
-0.6676039577120153,-0.9034287620093631,-0.48931673347496535,1.5596242507927494,0.7505099281379862
-0.021920639467096725,-0.4971200779289769,-0.41648537141736136,0.4811228082621188,0.1521649722387635
0.5427210314271326,-2.4488818517271684,-1.6175350030659428,0.11612229860441141,-1.2069440722385025
-0.6764450389615577,-0.43445277535145005,-0.5595684815631741,1.273615928712522,-0.18009567400444965
1.160144494503806,0.07567437203138529,0.49395002403033206,-0.7800603281858541,-0.6559412558813547
-2.6307801293816238,0.768695638558042,0.48635239665013935,-0.7577853563279459,-1.1430475873309576
-0.7191968629932343,-0.9254262481532062,-1.4662561121401831,0.9551196363826252,-1.791939627408688
-0.28711473070134913,0.06139860831942215,1.6078728437842515,0.7633444657940626,0.2948249900435685
-0.6959252492156464,-0.018819958839212652,-1.2797103489589972,0.10513975226823481,0.2529478079387429
0.5541723263236726,1.478422557075134,-0.20899623213590773,0.16968232044570342,-0.5417789124812509
1.6031107476725612,-0.8128824641449639,-1.5811429194081283,1.7319327183558433,-3.9164594542838387
-1.2777038326861148,0.28779864299318964,-1.0537820463548155,-1.013383498130294,-0.4190273775474403
0.9036044096556843,-1.0394774380304292,-0.6670759148235832,0.011956702972260601,-1.257590047343563
-0.4067673535612082,0.32632485514104503,0.3903220268567663,0.797721886384574,-0.7203408400517306
-0.800095080333785,-0.9980733949604694,-0.4782174919152975,-0.6662721288416693,0.9443883780303974
0.8331632444043023,-0.13655646239107086,0.1210240521226168,0.7980783982138876,0.07732151440388775
-0.21238668553481682,-0.8316855212125598,0.9055428804538064,0.6862595799409575,-0.17956928403551592
0.3966964807230802,-0.2345913512538181,0.7429462782557826,1.194254530752272,-0.7840919174744045
-0.634987782080941,2.144296088261843,-0.7203802529864494,-0.3617225546325482,-2.3088889344497034
0.258543954919021,0.16987832256670954,-1.881124968199856,2.0185853637136506,-0.5013146129496525
0.29444811500965173,0.6791895630055088,0.37987390184513775,-0.09624279812729225,-0.6699979398511204
0.24219111484389766,2.2707317398064175,1.6687491629282498,-0.47986818521040187,-0.6940056183683575
-0.8765453442190836,-0.2101104076404306,1.1725984137136045,0.8997925686628829,0.20186230175215863
-1.8348524621800248,-1.0447121728807278,-0.8575047062167986,1.9052440271865152,0.2281240957863739
0.038608154440193866,-0.7943659317238292,-2.6989325301714318,-0.7923973845861457,-0.3227564464003944
0.038611940246124105,0.1458121632854577,-0.1641084783656724,0.5022902073968727,0.02678717099273264
0.5354454596343171,0.8739494112728646,-1.3453401583949163,0.2934869040037396,-1.6008780129089921
0.6600197558678302,0.07591595781305126,3.2416432282044965,-0.08279417267921443,-1.817991207906086
1.4035399496985859,-0.7293278973682583,-0.5062533302680623,-0.49310755946369433,0.6204731192280002
-1.0449204578577451,-0.280925275395323,0.5264529606163304,1.4840444565145667,-1.1027270323020844
-0.1616429911625027,0.4558410671447442,0.323686707479578,0.04141701751661745,-1.578834252009749
-0.9073462920424556,-0.7024011083207169,1.8265281907339146,-0.8534289764785541,0.6084511016806743
2.377565308453656,-1.4184279027067876,0.9607074879920168,1.0390894133626218,-1.6477235936423278
-0.18697187619163153,-0.05962299584115826,0.3993792611774192,-1.442284481518889,-0.21109286495665697
1.0901301051407934,0.059205593626120594,-1.2129742200754976,0.11953264460866189,-0.6995898368766472
0.15804120848901185,1.4279553031375511,1.4955565935978994,0.2723099905699178,0.9327421309109495
-1.152279929103996,-0.07690746256097508,-0.39077040324082607,-1.0657446309382352,0.6574482714809111
-0.7904323298665822,-0.3244687305810584,-1.7780040116422133,-0.5734743225467301,-0.18750950590875143
0.0255540458290923,-1.0685211083321031,-0.5391870129509403,0.05112999477607231,-2.351114993132779
0.36788537496876533,0.7165648040390569,0.6766226531186531,-0.03829141789664242,-0.08937945078724628
0.43991270137248045,-0.033251697952066256,-0.7424271910128375,-1.1174191019749442,0.43761048605930175
0.3298429436849466,-0.609520835419524,-0.03515537790944499,1.1584218587741044,-0.03255130466965178
-0.2172639678660994,0.25881173815510505,-0.9067722659661972,-2.670446121088334,1.3063932611614135
-0.29723499566104467,-1.1018371111899004,-0.41137096739692486,-0.5080666228339282,-0.8237110076860096
-0.031359857117962874,0.3711512673236246,-0.23240798859454692,-1.0531266067590437,0.07691516019362232
-0.12995723592395536,-0.2871099498032562,-1.980708964944656,0.21229304564796228,1.9191253033888327
1.0322238782262902,-1.5755147427732399,0.051943693411102665,0.22580917959287414,-0.5950918907399062
-2.175734967471672,1.6463242098123028,-0.628800331012682,-0.5540489684262747,-0.1937349609816413
1.2321523640781331,1.0147582556921675,-0.04165134175974414,-0.7510110716804425,-0.3985968356403836
0.2686901946641279,-0.3988496478185674,0.6295710969695105,0.4653154663035131,-0.060531205156540424
1.4715464031473597,-0.056313222945102825,-1.5336113075863882,-1.3680297073831038,1.7775654864943868
-0.12169101329665337,0.04694998436610524,-0.2878056314642061,0.45536803372201473,-1.1248882340413733
-0.7808067890854166,-0.710921954025704,-1.1316430426718276,0.2026060418977872,-0.8729147270239184
-0.5918502595596282,0.4140759221641255,1.2812579477979888,-0.7961221159711824,-1.4114808488788197
0.7873100108945857,-0.6802911614052733,-0.8619493195237182,0.20808342831889806,0.061459025304887706
0.19363240318497757,-0.4335043381792853,-0.4559375885076824,-0.4691281066702809,0.43720313972968927
-0.7039843474220912,2.0035586032504717,0.37103628291184676,0.6629154792404598,0.699012525021657
0.4906266823502073,0.1492402019538399,-0.6433500550531672,0.635042058416966,0.6296871229794375
0.056911409077428095,-0.5239668225208829,1.1488885039472487,-1.368538374680181,1.1061382616237199
0.7614658851711686,-0.3226041159609761,0.057570138723662574,0.002609313462983258,1.3703582011845454
0.694815261876038,0.7910533851189987,-2.370472343479543,-0.7075366317562657,0.8890174834778798
1.0097984126891237,1.1754515557151815,-0.547568542428329,1.2169274756285255,1.1556496366646762
-1.1832375772655392,-0.4694174871297193,0.013850294229556557,-1.3811810884360798,0.474178630403761
-0.7150135718032266,0.989139627372646,-1.888569067811865,-1.4083771084659824,-2.0396947702770345
-1.1209220017141226,-0.17512319884287275,1.4299430729441593,0.38468674754143367,1.026686367452939
-0.3061976030884688,0.5699283736585319,-1.0048848983419403,0.9626359089676291,0.04462877811007247
1.3118597599407953,-0.08979121181748084,1.2308732519664032,0.5763370351871413,0.05985520996964621
-0.7221788215107898,1.018473819174245,0.4924783053940367,1.3691762582478966,-0.24536231008828743
0.21427101393658388,0.83391035156759,1.7166065189507211,-0.8721727937915675,-1.043095636263573
1.5193089215916555,0.0675181415652305,0.1940066312459943,-1.699335558874913,1.2886647944591398
1.5585478303347866,-1.5304488764421893,-1.708745088951228,0.5703254394550595,-0.0699202200799478
2.1710407309206614,-0.40829572238505185,-0.5899990372493394,-0.470618462080721,-0.7964052734482852
-1.3950285714164812,-0.5058645960371962,-1.035080786363531,0.4363842030720982,1.8105902600777513
-0.603849892814488,-0.2801798365571575,-0.777017748126003,-0.6120715355319771,-0.7190761313828717
0.7897778180229988,1.417150908428731,1.4322325381500804,1.304556676946729,0.23890870701314984
1.261855489072452,0.0797017024703054,0.32045996070062077,0.8347281266546507,-1.4246386763699808
0.7988481392077799,-0.006225564673207542,-0.24634221904536713,-0.10509491856906449,0.5508470970885085
0.2371135568066817,0.03981233201725681,0.4213618135322954,0.7500957137414591,-1.2097192945942987
0.09318783773287091,1.2866283547348953,-0.3471254905622022,0.2782244604259677,-0.8364964631522768
0.2157785022908678,-1.0689462762586428,0.4313463762173919,0.35210994489708464,-0.005872486982785845
0.8271057522762639,-0.04783627330536406,0.12893919055277128,0.30901330779341735,-0.968580982995257
2.347934157717906,-2.001397642162235,1.21232194269433,-0.9380815418548374,1.789797762373048
-1.2080325713729752,1.3032274958820023,0.6732651825796488,-0.8568516826284206,0.274316498209421
0.06283548188251849,0.8992784690087675,-1.9060094752421637,0.476446198337899,-0.7867271416944093
0.13254516577509406,1.157211212824932,-0.915140433628121,0.3558312251134583,0.029174716756402812
1.208717327783346,1.182101585095771,-1.0519648481129045,1.2676581063978698,0.012543128189747252
-0.5308149746122784,0.08630817377755264,0.30262851582802897,0.2325186262820445,0.8938954064924728
-0.11864358550409082,-0.677649398104625,-1.0635482590053595,0.0462100515280932,-0.5020973796904419
1.26659331107754,1.362892140382716,0.04240755739323362,-1.0553678396074107,1.454034402947755
1.3575134577001715,-0.6986777533036135,0.5599371536299991,-1.9314202217329512,-0.5414570196788947
-0.40005517335430907,-0.13284701283941985,-1.5700611853716573,-0.19286020009371505,0.06523944859238957
-0.6601354818554735,-0.7143734820985688,0.6405155105421284,-1.114917310645965,-0.8269106868774335
0.8158227841866184,-0.15995314421374876,0.4434135591270444,2.214523797398666,-0.25346316490340615
0.24981371140515354,-0.1681293258367955,-0.0016730535373986133,2.2827668131331342,1.8685768306620028
-0.365589239404963,-0.5186006164275555,0.13497110124844103,0.42454823501652006,1.0535322804978904
-0.9644047690411739,0.05437654993710301,1.0006518643591338,-0.3326166311647504,0.36041069523885383
-1.1607389647639743,-0.020692449116204485,0.6204155538606465,0.4640713049053733,0.4973636594452594
0.5427429609248006,0.07786957313743385,0.16252556699098022,-0.5980117278853058,-0.26213360649826084
0.802386010451243,0.7698491742250116,-0.2181239817237502,1.6094032119483932,-1.85236003727628
-0.43465914619150053,1.1991848984840578,0.45118275324605694,0.36750204720581375,-0.5046188254570996
-0.6135763415800248,0.1154018360701207,0.28722390408885035,-1.6235056644301573,-1.8555411226926524
-0.24052367133726674,1.4051842522547098,-0.3833625954009947,-0.3702045364867148,1.0126872729185379
-0.6520541363081779,0.6140193456452119,-0.888103245107855,-2.3659626604775386,0.9968662316413829
0.009752135452672346,0.6724458813124173,-1.0078596659011843,-0.21010029719323112,-0.5898124834684398
-1.3605389164639712,-0.3452924789021022,1.276119877423471,-0.4979363337033223,-0.028845692192894287
0.5240629172504043,-0.6856933891779285,0.026527429137682093,1.1752558107900304,-1.3415657842451745
-1.3178284490706476,1.3186322025497517,-1.0224326483253223,2.643639249979163,-1.4717131084301163
-0.8145115775098647,0.40931562911728675,-1.7626339639779063,-0.2511686864013516,-2.0387753023198654
-3.256935812378708,-0.8257723611754177,0.6811577253661433,1.5562724475076861,-0.05162024105499827
0.0008477300785719054,0.6824388873143157,0.05281308125092969,-0.14666483323177315,0.08771817946946041
-0.32064966856680077,0.9821277684917423,-1.1574761767979649,-0.40859611067946305,-0.43921193264438224
0.4781536909791389,1.6739498912841024,-1.4235918232380464,-1.7150753223144852,0.3566582311417744
-1.0404138592701413,0.3576738874133105,0.14602250200847333,-0.2804123876215334,-0.36790856977374137
0.30947203653899086,-1.7482855816753577,0.5196107478588445,-0.1553511936303151,-0.6594607093165018
0.8779743136552608,-0.9435937708271813,-0.504159023463393,1.2464494398516253,-0.7055750509564066
0.41964708001774,-1.151571381113727,-1.0781766185590216,-0.49273913296742095,-0.1975508295264244
0.560224852416117,0.47990607821965003,-0.34695652049412684,1.9942538065231168,-0.9249547691432857
0.3055645241788392,-0.44074698788276245,-2.451330532113757,-0.5488642259374498,-2.1123571036775566
-0.4603448428889192,0.9242561948032127,-0.6885925591375547,1.0694122685157836,2.8899435298745684
-1.2913267575779253,-1.0844734364511155,-1.534006075828663,0.20836910723448357,0.3951236972615764
-1.5521679548138703,-0.8144544262874402,1.5426172168497805,0.9049452796333742,1.0768714543775244
-0.274322428967637,0.7463922249646804,-0.6644670696214487,0.13933362375808245,0.06561595941326064
0.393206942467504,-0.0378232245048036,-1.580454268572907,0.35578404461876195,-0.43678815396465476
0.08829784440711533,2.295339430484517,-1.7715705951165721,0.2859712016683804,1.0946753256027575
-0.8405059595406316,0.8768138873120312,-0.2613211280121188,-0.07725948511402088,1.2577882199881427
-0.4940324336838031,-0.9139423249640803,-0.025044635196477143,0.9204890763671089,-0.36494133799218564
-0.06006751871804303,-1.0975509375047225,1.4960654597714576,-1.9163346267443346,-0.5866011594227154
-0.056932015650877486,0.0760462783053396,-0.7837326760019047,0.40570154983294926,-2.424421827997713
-1.2344756144412723,0.12212224088478697,-1.6961341088314925,-0.8898956023984536,0.6875327833990071
0.11408097229520557,1.4980416204455826,0.4301213233984909,0.4726218509102418,-0.912264468369811
0.9796419258331126,0.3756491744705565,0.43849879168031203,-1.3068518606074153,-0.6909773627282134
-2.4276654146342826,-1.653289320451919,-0.11268657538275258,-1.441172762921617,0.19366837228513745
1.0276447206258235,-0.6839663618879872,0.3179349451427644,-0.44337325982198195,-0.00701255012552442
-1.6309064423477222,0.17589096113863317,0.06265276806985348,0.7653559282277455,-0.16524935937937044
0.6178636197252321,1.0928434067500232,1.2551172257799963,0.6344176839374748,1.8293969457314034
1.0288961081524148,0.06438172653711963,0.6713070877787882,-0.3126854324102151,0.8386618609203209
0.35191537573975795,-1.127955767465,-1.2928661810471425,-1.1486926504767283,-0.39199370284261403
-0.7886334866640795,-0.9488121002783065,-2.4072360301241735,-0.3044595075399146,-1.2003937855430782
-0.13272299995609466,-0.6531669098620833,1.0343098978525025,-0.8138803386639385,-0.9685773701423276
-0.20730272476896394,0.07646078922176887,-0.8659611591630855,0.9233873888928552,0.10912098557834173
0.37170022733754765,0.5578447254639983,2.080787276252169,-0.5497825939923846,1.8440844593470342
1.459565071031935,-2.241356354699119,0.8120419570568673,-1.389399771952234,-0.2713470780968984
-0.5620067184767115,1.6985927664268086,-0.5269199017431971,-0.6409125192838442,-0.9039850158028339
1.1815726468607803,0.11982515562170146,-0.007855905606933236,0.3519580914501554,-0.464147751922942
-0.005062354075541046,1.5657139358724548,-3.263445751562531,-0.764266225572648,-0.19832251033718049
0.004911451071063541,-0.7911551022787984,0.606282627880695,-0.4540279522617301,-0.10745098663102294
0.6064494541762168,0.9641523563074499,0.018979493573990164,-0.21923446694457466,-0.622176346069166
-0.38306275472371826,0.5538180896613419,-1.425039735984108,0.07570193875393338,-0.8426388271970653
0.43634212091881225,0.0605765431588264,0.6874452103497977,-0.07471490326617462,-0.3655327402401899
-1.4129491807237344,0.19341703909472824,-1.2494315636121025,-0.3730925966682544,-0.28181723669845976
0.8212931845455438,0.9224562758059763,-2.5857296341241063,-0.6059762009587191,1.3955144657205703
0.496440833244421,0.6085250396376387,-0.005508580343521456,-0.6471875628407222,-0.30100894402631995
-0.37884772715822385,1.7978140077775608,0.036194660670347906,0.1469891954306025,0.27526621736632034
0.9738751916188332,0.741721086666761,1.965020936421734,0.10515298421331695,1.8547126888497065
0.8409115886658571,1.2063610842806767,0.31468104906814137,-0.5367946476281874,0.17803302934031123
1.753505385506813,-0.673047093736388,1.257376609785606,0.018966957854362032,0.34792853413130187
-0.24267300773989886,0.3576662746277066,-1.0697068531002312,0.4319527555578829,1.126533108923496
-0.4814653819539841,-0.24489184070211417,1.0070063479996736,0.5380772314590204,-1.1589848376017673
-1.8081025134271334,-1.2378205729567744,2.551881366021555,0.6283104924766613,-1.3028944904911075
-1.570524153639756,-0.25773121326130627,-0.44937003353708443,1.298041959039021,-0.15640445615582696
-0.41887149936339935,-1.1779453868215581,-1.451028378669605,-1.9514736152960355,-1.0995346918733346
-1.018816957446982,-0.8067985135944964,-0.07665729670355133,0.45706318436577265,-1.4798040314447976
-0.2074772696548611,-0.01691069489885597,1.7454020221182451,-0.7323152505861487,-1.2795332315622903
1.9652088823315172,0.6023389606542925,-0.5601388357148317,-1.1185150729009403,0.36043214802607726
-0.30716580797621046,-1.221709101211306,-1.9612350999857164,-0.23851084516283846,-0.42211310413682546
-0.34747357372532733,-0.891241352649923,1.2546309212805589,0.35850093614182726,-0.3539917157845735
0.1619838767984121,0.6916555709564884,-0.2653929069038558,1.2036257872973208,-0.4308530544631143
-1.3656751708954247,0.45063020772511014,-2.0699945868399365,1.3083783022364888,-1.4136967164505767
3.062127770103602,0.47383847624787756,0.7872201034270518,0.15406413245913284,0.43886940058944407
-0.33520603881093103,-1.2889703516457383,-0.117085928327777,-0.2967724478427992,-1.8157386781949496
0.31742490006358165,1.2241728414483466,-1.0823054983637908,-0.07167090067755863,0.5718301715081965
0.08709449684132911,1.2452396022579375,-1.689961113654488,-0.011255903896395206,-1.6112322418049767
0.39424138267249564,0.33095137330794694,-0.4799835259148742,-1.1313258814978158,-0.3115867367928226
1.2114486936849946,0.537340616946009,-0.44188650020388076,1.2796391525437436,0.28913531011158367
-0.49744351400251996,0.05652881546468446,-1.6159548524463427,-0.02486876591029706,-0.5381466952437852
-0.884103318568453,-1.384740877986262,-1.3726687738499221,-0.12001691576040323,-0.533722384874669
-1.1534794095201366,0.7829662826157192,-0.11023506849815713,-0.49599691388503864,1.1446139578649435
-0.3849250722136148,0.10470956924516026,-0.6324581401198544,-0.7722991370467905,-0.7836047058114972
-0.39781933736891123,-1.6967439812167362,0.5944199212467435,-0.8575013989811936,-0.5803312288931459
-1.4140305762642218,-0.5453876708329108,0.40776743559960704,-0.8503516053503737,2.3212558055246846
-0.010960238682762254,0.8878955466136427,-1.1766361719333809,0.8647892885114273,-1.7256917721536276
0.8605601730845448,-0.5354696658225772,1.1314474410029833,0.30511747024583774,0.048786024999974795
-0.7813807743841026,-0.3165012600340745,1.017827408847964,1.6878253119225943,-0.13935013577245836
-1.9000534916742646,0.4778443225549859,2.579053746060869,0.43178279738852543,0.5347455822611358
-1.1869027731311006,-0.49052053590300126,1.0458849051179824,-1.1393056712450964,0.5787394251405288
-1.4891306098368156,-1.5477101337784924,-0.8608586833810501,-0.5756939510805783,-0.3356636480941529
-1.8198005568768225,-1.7476702267600253,-0.11211960001198239,0.5509773772902004,0.5190224722834379
-0.219034424321336,0.925170905825985,-0.3991755098874958,0.6199586072181638,0.42585138374666337
-2.167861706979464,-0.012150636229326581,-1.406248236432555,-1.1598994265388065,-1.399656184265247
-1.7713042426689247,-1.218377219583029,1.0832167386569316,0.9738168536277408,0.6075163684260172
0.5494685803028683,1.4766820524548327,-1.6981765019393171,-0.5574497439927414,0.8569426309985038
0.7078728725175485,0.8791267215374949,0.43317962975976987,0.905729986903388,1.1368444618777795
0.2275308144295821,-0.48954630145384753,0.9789170209227639,1.0859877174735628,0.04817393676169576
0.8364074530919661,-0.236171862204273,0.4886881991521983,0.7699597256903997,0.44192011877154547
-0.08186248234154307,-0.2908758769757138,-2.124079566706243,0.031814596319567005,1.642963431701948
-1.0545085308910171,1.366956416875136,-0.6705834424512549,0.7262974011201642,0.5151818977415725
-0.05571126217119041,0.9669752297975014,1.0434276867223264,-0.2517492414128518,-2.413652385924152
-0.11993043670384368,-1.3664025174796213,0.3523151360630698,-1.0743101768463788,1.2519228485385447
-1.8285929804550425,-0.24252891674262197,-0.8181028760799394,1.0009763905469287,-0.4314579907426685
0.4304006804197605,1.4504271349136848,1.0235282298623274,-0.16158774777878243,-0.18487149005416031
-0.17688083223078332,0.8277767460411231,1.2199864488140777,-0.7195589305364182,-0.41602994251992753
0.8664908241263654,0.33381886578446185,1.1553178261045296,-0.3817972978744892,0.060291366804351626
-0.48620802511605543,0.34042867225476514,-1.0559629975635774,1.9266596232135609,0.7953971948558594
0.12965115214098857,-0.1496019085735608,-1.1382014425330411,-0.05808309760074855,-0.4465216783906536
-0.16353319135205927,2.1383420576447065,1.7216720278211368,-0.13401496620894252,-0.07272063527041801
-0.003747036178311789,1.0710668780464967,0.9964020503891323,-0.2698316354118832,0.04574858945082277
-0.04849085665541869,-0.2430522931026129,0.5128010006858131,0.49485407368354567,-0.18593151352173434
-0.4219066990347335,1.7710767953639275,0.06002791080004018,0.09857730771821395,1.936776073527609
-0.972572646310469,0.7946752060696902,0.02422808704008125,-1.4980057949931505,0.02190737629702555
1.9488264994353879,1.7522311972641165,-0.49035104499118476,0.7839436542793494,-1.1224453563569528
-0.0684336922854737,0.30218502665353625,1.1008655565629906,0.8555455125722597,0.668176497691901
-0.8376645563380944,1.3979511829054778,0.4367936027314837,0.30994388967723,-0.5955577674829745
-0.19602568429101114,1.1473199496823256,0.40213055682451226,-1.3276637932446955,0.6034284813697529
-0.5452965688074021,-0.3615250909006926,1.02639675811913,-1.827885828045251,-0.04491890349628172
0.08872334690143091,-0.12143978657546721,-1.711094751963787,0.21118561724143622,-1.584785787235265
1.6368822301710502,0.9800791458023184,1.0151852570111277,-1.7129451530945718,0.12486441199777329
2.2020599107661694,1.2077243411543257,0.45335615051667266,-0.10548636275544801,-0.7232216702036245
-0.6993112933858784,0.06483353947469236,0.04841591754614974,-1.1522184893375453,0.6273290369617691
-1.1536158126392198,0.6738732747325396,-0.9517798482093485,-1.733009623515376,-1.507109313741167
1.8739238033776817,1.2204737231009526,-1.2189540930236649,0.7220198459190489,1.1393853987945644
0.16247856329100266,1.5650661597683724,0.7681630457014776,0.3700264288439569,1.0877177497348167
-0.6964760371048042,-0.2869415234588739,1.7774952359337044,-2.3706117684508237,1.1073330615768693
-1.067175297928272,-0.6817426081420777,-0.26340198514988616,2.6608990289734322,0.21476891405543191
1.0951092070310549,-0.9746962003665381,-0.591860093592825,1.2302908181152459,1.3869046190518668
0.2923666974486963,-0.925416972736624,0.746847652357696,0.7056495551267685,-0.5754855177269512
0.469954646071901,-1.4643021560923308,1.444395738252311,-0.7222772904065934,-0.4270710532863653
0.8729186820696043,2.800193789818118,0.543085368193158,-0.8716093842204602,-0.8283046023679751
-0.7741215310706194,-0.19870925527688116,0.14810885667447815,0.2524609115080896,0.22059770401721343
0.07639799147109624,1.0413771919046344,-0.46468274018359124,-1.6957841774447875,2.520067350692593
-0.8240751160789713,-1.2425862777574943,0.10843712895008308,0.5579721837711508,0.8510671584846357
-0.8430726771703014,0.35840094581339993,-0.23295700574460265,0.09102686534988237,0.1547586367427157
0.5411801573091928,-0.29015355230452017,0.585089523639243,0.2049211550663308,0.9692246136774387
-1.1550700828424911,-1.1389351431899655,-1.5806857212367886,-1.7871062368943074,0.1449225908873522
-0.2591834111900285,0.47739154423360874,-0.542819166359289,-0.1870252354083679,-0.48935561444577874
-0.2924073920416819,-0.44995324634581185,-0.3813156122009243,-0.4367718166887413,-0.5407268639678116
-0.10332863970513115,0.3689587537865414,-0.2251746930052813,0.39323886944671327,1.6064208195784264
-0.46857526343658007,0.08114774886367888,-1.6412082310841267,-0.8273371967055104,0.015257341577673942
0.3930890049555041,0.050217634285043763,0.9701436229925926,-2.0161223283516154,0.4389131974753349
-0.725359199430473,2.512280482076876,0.46870192572266356,1.3729216523332295,0.1770793476409825
1.2806439360558488,0.3872597130117929,0.2316265361398177,-0.7546934377036729,-0.4508160496501889
-1.2895257599435952,1.152908491517332,-0.24624145989882426,-0.49195985221017025,-1.479274437592652
-2.080893904790643,1.6471649132777564,-0.014206405964119817,0.6276433896777072,-2.0674277692639684
-0.22728646229714902,-0.8116383139539889,-0.423368914957337,-1.24532474764453,-0.6710052518658611
0.9484617101048359,0.6186479422892974,-1.4521992132243227,2.7060846216749375,-0.6629239929237831
-0.6970469565737203,-1.021758704847694,-0.34243939057249934,2.5060440064714666,-0.7984990441590663
-0.8155582866370488,1.6491615141958609,-1.9768401771267243,-0.3889195861024494,0.8014107658834554
-0.8979912003634025,0.9330670080406708,-2.0452528538075683,0.18658555541709695,-1.6375509936530155
0.80996052053992,0.03591233385428838,-0.7493830559804607,-0.35964233874301665,-1.1046097600196594
-0.0724274365818464,-0.04759772290606315,-0.20622825687742033,-0.10413749166038615,-0.5035113037888298
-0.2193960401385902,2.0579660659127423,-1.3639581422230982,1.3428281486306404,-0.5166383908202165
0.7131540867078414,-1.0971934839030257,-0.77352969498535,0.18231838051830795,2.5638043549353418
0.3573772800038628,0.4073936030380783,1.2630828924653545,-0.3731857661899881,-1.1809624008381652
0.840195537799476,-0.08684436025534621,-0.06324479059732209,0.8009363763492212,1.1207179886122607
-0.057394868644238727,0.3085167653311925,0.27620603936054405,1.864331254962225,2.570011837293697
0.775935823623245,0.2149245573334473,-0.579924922899846,-0.2332638760347714,0.6624653503885878
0.3999854660516419,0.6492552991441021,-1.083353559718081,-0.3526627444329271,-0.2678434055584417
-0.802039572866031,0.18420287969442645,0.46085474262979703,-0.7583217255818195,-0.9008360361273958
-0.3179782423928129,-2.1763934018208224,2.088162857892825,0.016777772628740334,0.6934540850828818
-0.7950995126028271,1.7680879821405677,-1.6915759035833664,-0.6990687664225192,1.3224473931812175
0.8644089456643081,1.39304578457845,0.840826459243274,-0.9990952519597772,0.5550654923581387
0.3027924965016487,1.0097640301292787,1.0481000140160712,-0.5629309427431369,1.1283401313628085
0.24866961104534444,0.05322141160045128,-0.6308750954147474,0.6227513958841336,-1.4687586232107641
0.07669728276558477,-0.9167036335109588,-0.27552400455992193,0.3387546037724579,-0.9531471818619823
0.6603705530130991,-0.37482133672629153,0.5225028820132399,2.1281347486288738,0.8601418976228157
-0.22509511429744186,1.1604141567091015,-0.8391391295469208,1.8221148144847519,0.9423237634149811
0.053399976567008824,3.450143834743391,-0.22452494807855325,1.6819136138144144,-1.3686456407158856
1.4525966064717266,-0.1111592472773324,0.81273998688574,-0.110973920217138,0.9594100090655026
-1.2762521354432865,1.503359253290397,-0.18344056977987122,0.646459221402104,1.6824833259706538
-0.9052070473908647,-0.10803190268904149,0.2996349654301673,-0.3004803828565021,1.335060711037281
-1.8493727501838357,0.33544880477114536,-0.8595698232009827,0.6759842700487192,-0.1672943468871023
-0.4149679632211657,1.0635168837774711,-0.010208519524461977,-0.23790450536545707,1.7425084574198246
-0.8349826830190854,0.03209368755934019,-0.4040258094589242,0.7427301405703214,-1.2141960148073474
-1.8093002430750593,1.516569560916778,-1.142154273655381,-0.052205712073371664,1.6438009201746464
0.5294916210151587,0.4736584230024983,-0.8328104074599229,-0.7514428682264908,1.2426640055606146
-0.9885805449941187,-0.39531202786495434,-0.45817947344254856,1.002692174273864,-0.03602133467090914
0.3764961197671533,-1.244449934734337,-0.7480231748204356,0.6552094815975023,1.3069678739012736
-0.5897919956011791,-0.09698368303780336,0.9685004808344001,-0.6012006392533394,0.007457963394662139
1.0073977131755842,0.5883601704381738,0.21504052686307704,1.1127173347188888,0.7370056177859472
-0.4940580428706053,-0.07755117499724255,-0.4712705227925295,-0.7365888500988035,0.6232716250959944
-0.5654258172953438,0.26040092953215005,0.07931559852738948,0.6632334796300534,0.6638647247428024
-0.37220404158201315,-0.5214277745452768,2.0275154946246654,0.46742291088948845,-0.8546785566157578
-0.7935588815189997,1.4226161078348531,0.27189993205178525,-0.00820044656488801,-0.12172782488085199
2.100224447393114,0.6187200941970267,-1.1106236455874883,1.4452490427500027,-1.1280345140933308
-1.6548397118560245,0.0687889001388981,-1.6451161086047803,1.3476995210401779,-0.23444023081432802
-1.1376213496324632,-0.2664730746749505,-0.5531235018918707,1.1889923584459716,-0.37486253759063093
-1.1074962901924634,-1.430363030484682,-1.1178244620723141,-0.5993980988156987,-0.6027084066865239
-0.07654314390873024,-0.2959002036033171,0.13932537745856652,-0.20496215731124645,0.916574226009456
1.2246513564246333,0.12936895362283643,0.008811198646800649,-0.229447579812278,0.5639470772740354
-2.049163630337837,-1.206746783842589,0.5973379600650353,1.5386182829400072,-0.543408679619672
0.16658066373643257,-0.5029924801299179,-1.1747864310256901,0.17432781853271648,0.5371865262930773
-0.1205758654367364,-0.11808530639802592,1.6996704656066117,0.5162673838899065,-0.5779030004810013
0.7369739684697297,-2.158963015895332,-0.10988745213124386,2.0829907652930832,-0.4899449688340936
0.021844285907292576,-0.08291314530420374,-0.14416760404416587,1.015368828683194,0.020687912261357945
-1.0668008730209069,0.980025568349371,0.3150861095161177,-1.8995579524495425,2.9314503281365134
-1.1705079387867665,-1.2788143335368356,0.11584510973758076,1.1322428605432628,-0.1871751944079872
4.118828277079796,1.5896526277279401,-0.2528656832042555,0.38470327601512394,0.6121218429838392
0.17938483750620832,-0.16344942666611978,2.3800467034639086,0.38262423101582804,0.13697601092775252
-1.2177949937129378,0.5835077515090966,0.08094712411930781,1.1289277834039164,-0.1786990826632459
-0.03433321092524104,-0.4316491496565941,0.7708115172069073,0.3975439538137421,-1.034764039253557
0.8562356346046761,-0.6484324828010826,1.147011683960558,-0.3763965441087899,-0.9051181546950627
-0.08847639801216442,0.920156588128972,-0.7761189513207666,-1.3230697886031344,1.682049676525366
0.18480741564419317,-1.5026483666496167,0.8954148179507365,-0.6418473971039077,-0.5642513027417674
0.349517489945175,-0.5662953113236834,0.21125902569860516,-1.6751975627287294,0.04669945642287893
0.6146938152807535,1.4526129225561788,0.6544583161213064,-0.376153630706667,0.7238011300826188
0.04416938675447682,1.10297302891791,0.23419716896201317,-0.2994321169190955,-0.987886485196294
-0.38782410750014773,-0.13508557127003118,0.7167222991681723,-3.2647358084192257,-0.2992730530542088
-0.6002197245177187,0.3660923132207634,0.6438601014436451,-0.20322173387767775,0.473282849539214
0.8409396603830713,-0.6561247974151551,-1.9880959936678362,-0.017675050690930224,-0.6903492434534476
-0.4152836844280986,-0.3171243098585592,-0.5020805512622591,-1.1963126178058807,-0.40947994056406484
0.6171454964905538,-0.10671213448660137,1.1730496579013578,1.2820732770045251,-1.9724768423446328
0.9235357858659657,-0.7853599369934406,1.548492398717574,-0.30897410963862204,-0.15872692787254666
1.1606775997480354,-1.269934414292804,1.1131331237496453,0.496218515864353,-0.21855663990355062
-1.6922896883227163,-2.127352501844589,-0.2923399649862224,-2.6875919979057117,0.8652783610704972
1.8787370726372805,-0.9567317298456122,1.3551818735353942,-0.9548656080675909,-0.7899587178062745
0.4202071003231091,-0.2691721825282406,1.0719677609849556,-0.1412380744364349,1.383053727941425
-1.083294207963112,0.5890694601458154,0.17165551844924723,0.4865600738908962,-1.3950711103185824
-0.15236515632454728,-1.2686715387013838,0.5649308678315448,-0.3031301202445528,-0.5335700164964763
1.4545987674932588,0.49685415110122694,-0.11646938612479615,0.7074320494199265,-0.04470339831517383
1.2264998487436143,1.9305236601469966,-0.961891199845269,-1.221736374940063,-0.7331114473067641
0.08451274719501906,0.34547967536396834,1.0819834435822133,0.570375670788984,-1.0015278725964638
0.7500805122688251,0.3285453972638308,-0.057077027358743954,-0.7233373953597775,-2.6414722760526868
1.7469755212984364,-0.21636545342672509,0.31133436009762594,-1.0551312394035155,0.049865777264748015
0.058723611342742586,-0.7586619928492984,-1.2525070840191594,1.0022086026648944,0.3902855659415994
0.10988464931514313,-0.6108154038603169,-1.4785383313631149,-0.751464136905252,-0.9438356181325717
-0.04101523971719137,1.6656553532766747,0.05615710558029433,0.133920674870389,-0.06371410956527394
0.15751945520081007,-1.1078415524165088,-1.0335770809952676,-1.6401859017194798,-1.2628288881342435
-0.005526633382298478,1.0499265632814498,-0.06147828712334946,0.41850853451946174,-0.6177342774790553
2.7602151866665983,-1.588506154230544,0.37725613293898647,-1.978942369384336,-1.7843013018032772
0.01857732439138195,-1.713907082546083,-0.48563258665002607,1.1553411922706234,0.9474049410497376
0.5263734010424802,-1.0840323505933689,0.42652307782685006,0.3360575141423263,0.8269039624388033
0.32241732519735533,-0.4906427574701828,-0.7780037556962941,-0.14401925467200988,2.0048024321243765
-0.5165615081916047,0.7934583423924448,1.0481403205092412,0.9240958166950712,-0.07195302521114741
-0.31771184096643523,-0.2965911877504003,2.624632311477447,-1.3200733037688759,-2.444040383395073
0.22746443548265793,-1.6098439246977327,-0.9694275139968872,-1.2720300737002612,0.10510451704493923
0.8443111724532602,0.6880415272367386,-1.3403669369070212,-0.37993747366392105,0.5366516191426638
-0.8978232564048859,-0.42435660876640025,0.2192515003543968,0.20100533232243661,-0.48904484617592553
-0.5942090630587892,-1.392914751171057,0.7391147510817562,-0.42498151663773304,-0.7015618233742492
1.6220206822468495,0.6204910367344372,-0.9147038179821535,-0.23563211604829015,0.2498132719854466
1.2234011841038734,-1.347485600776292,1.13270229998878,0.1392283326047217,-0.5536808733518909
0.8462929656476019,-0.5773543809661689,0.4384416594111546,-0.540566853541129,1.9271606460963435
0.4168244295940918,1.5268920571893856,0.6013969153381824,-0.5708415682980059,1.2379815271789127
-0.05818713693578569,-0.21036795957717877,0.8359104490881142,-0.7837590813232725,1.6219867731736042
0.3744157068762343,-0.44047241664801967,-1.2958183353262578,-1.5973908649344295,-0.11774245876114603
0.6607800082954435,0.5001589496064366,0.624049264851084,0.5580775174439503,0.6362907362295244
0.5429230609416813,-0.487157568304801,1.3794531058441761,-1.1729633917220272,-1.713696597359046
0.5189090484895111,0.48896907605148765,-1.488754805015201,0.3358032411696981,-0.055375591310514005
1.0964569597746716,1.2414071215406814,0.9593195756921108,-0.16877412063397118,0.610529525555054
-1.1454744352889539,-0.4370360124234539,-0.48153156922105633,-0.8619173654449865,0.6273488494183102
-0.8115848020806092,-0.35577971951996434,0.9157045374512187,-1.0440806801221283,-1.021535002771609
0.400973027893091,-0.7875436577380728,0.38399176256526607,1.4260814437966343,0.3066961880211255
-0.5140597750957488,-0.8016566577255515,-1.4789389329318128,-0.5491136670124646,-0.7571537422907665
-0.9078593827780571,-0.9889478280792562,-0.9349008405474334,0.6098964374658752,0.062228439229738676
1.6579246219663766,-1.2697932901424203,1.831789725186457,-1.3206316676576526,-0.9361123782871361
-1.8099098831952198,-0.28042588983575467,1.0761595509892519,-0.4340217399040241,-0.26009349613726335
0.8191582470742771,0.09235820595483742,1.0609248918301697,-1.006503508891415,1.45050236292026
0.06392548064309252,1.4780249046613252,0.1434028500696991,1.9542763556509124,-0.219960084938726
0.1589440408670467,-1.8063463178719874,-0.399138320416666,-0.7213776106144221,1.3271263150314794
-0.5988394327084033,-1.4154756674080615,-1.1590581626801113,-0.8644056890418623,-0.810330792867858
0.4859643352544976,-0.7816901849980277,1.144548753983255,-0.3394001532253466,-1.1333731931044047
-0.3364681322631617,0.446499287631914,0.20739648053430518,0.20712665710404518,-0.15658285164896865
0.9919876611495655,-0.566973727734823,-1.2355769673162522,-0.5168407423974697,0.28491148562420526
0.7286266457544439,-0.7559761445742738,-1.6856742123042074,-2.171732962026455,0.13348604190941513
-0.12267868924782306,0.7452027108703291,0.9040064299159384,1.6065426190300351,0.9005507817789429
1.4126268285917538,-1.707567773502705,0.8342496597530763,-1.818455354116406,-0.7417316632375585
-1.5441492624624582,-2.291844510460666,-0.38349494580525073,-0.00036944319756918563,-1.3057371850568538
0.5215934403029144,0.281775185226325,0.8304329491072394,1.948164633956785,0.5595757428640694
-1.5367852913633437,-1.0660667935033399,-2.1419649608509865,-1.8406810684620154,-1.6856844656482426
0.31864733828410974,-0.41070026075978566,2.4896271921370183,-0.7696794780724117,0.3416849575576488
-0.20651897100738587,-0.21719610495668948,-0.38785170712807737,-0.04510340522661213,0.6049529658152965
0.5637036885926914,0.88410041755841,-0.13717224614178564,0.250940036294658,-1.1640329899576245
0.13471613775846156,-1.220874825339283,-0.5493127107149746,-2.1225820580056434,-0.15403799393671416
-0.1828801827959197,1.465685873341023,0.9995444487581047,0.08999266142632581,-0.961408381654118
1.6228161068471165,0.1238888151706014,-1.2837894254120703,1.7629070677586,0.06629923206491212
-0.1504840297013941,0.12723742905007004,0.15814784670431353,-0.046382177717595265,1.5622142742059169
1.3143547948276137,-1.5174859144224782,0.3861455374499524,1.7672955828589956,-0.8564535506136741
0.5888234363488944,0.7504811428198014,-0.5072705532830217,-0.20095144573785803,-0.17436885783419642
-0.7867370365928887,1.8648725574813185,0.7983491593865066,-0.21451553735350246,0.380238155192187
-0.9180274979854826,0.18390878421683376,0.7368947089017052,1.1039977413504938,0.2186557554076449
-0.17834729541590066,0.7292314657016974,0.8954147912611433,0.7647128263554671,-0.3805807434123032
0.20616757814034212,1.2880577117044236,0.4277559145150421,-0.28778739309926876,-0.6420189258687818
0.16323757842668066,0.5000862339509992,-0.731431585320726,-0.9462012393058117,-1.3600406505483682
-0.0007426128685387073,-0.6339259098918666,1.129836839540285,1.4887737980983395,-0.07467301669949802
0.9881037946927159,0.0076352628941994075,-0.48631128266679824,1.4052123920353252,-1.3250631930540313
0.5438122101319628,1.9074714671297262,-0.17698141302775316,1.3019353581209965,-0.19909976393435855
-0.5472667690376196,0.4449887839000252,-0.5504747914938362,-0.6099746537492549,0.5411979684581845
1.2033350139414558,2.9685195565737654,-0.7201674798607783,0.6064304676398612,0.6925822780620712
-0.7407867853326559,0.30664158190159924,1.027941101323339,-1.1534970981650403,0.4008344046328536
0.671607897909315,-1.4264202877692853,-0.757323114037919,-0.5795205953014305,-0.762133027366169
-0.5404222147041585,-0.8329714628779894,-0.6888167283674181,-0.14526481980189415,0.3197714648301099
-0.3222677223190206,-0.9324147003048447,-0.5289929633667257,-0.37707897251265887,0.7152875604038158
1.125225793596207,0.11361579849704903,0.11040435676367193,-1.7349430520487512,0.28776564609888045
1.0269601017711756,0.915984182576976,-0.9428644198711204,1.7329318892373744,-1.3355149588706132
0.8856674125136061,0.8788364928962893,0.12254320732164431,0.447936751221749,-0.05013740238145827
-0.856322325683454,0.17791794208364597,0.053972765724488905,0.8395322186026289,0.27359953333850295
-0.34696285479345035,-1.1817650457661621,-1.559380007219561,-0.07083788590730088,-1.8954171056960896
1.168474353021271,-0.3535870217216746,1.505746696596893,-1.3444820983660355,2.043003644126723
0.47866746255369086,1.4119089928841861,-1.3640191159126336,-0.5710203741100556,0.9967658656274396
0.4505727413880014,0.8116798638178607,2.566220460470848,0.6659118784376868,0.32028260850973805
0.3439107679504282,0.29634182630215467,0.3806176380344952,0.9815754455106231,0.08609964681285028
-1.000525544168917,0.4879514500546331,2.8414011700201085,2.01164628161133,-0.24734581227470886
-0.951321670720665,-0.9943720861737956,0.6397300462251528,1.3923735164722695,0.3440149854668954
1.7378968390843035,-1.0290374862464207,1.3553251592771483,1.175090170241645,-0.15522529729568457
1.1647102053330327,0.7431741025352879,0.6719949158782585,1.094866562038472,0.43557402853591765
1.833064436305847,0.9985210790201083,-0.8690002533253316,-0.2870459224403631,-0.9997166139213234
0.982320579425368,0.10879884693751793,-2.1764831025495868,2.041929119866196,1.3463886380673613
-0.5252119513106841,-0.3903072163322733,1.2220837814280254,-0.9446038006998695,-0.4830987788846836
-0.7811785528884111,-1.5092937723376738,2.1777136165320914,-0.03418824230603941,1.363449585350161
-0.03131475547944536,-0.9171813923532791,-0.8198198094550552,2.3827362188783745,1.3173983403854816
0.1833322807570472,0.11120408479864455,-0.8862101034277179,-1.8100006872353722,-0.052873717211563254
-0.6535986888752235,-0.8206379188115179,-1.4743242968407444,0.5714315912010652,-0.13736048906822093
0.8184754233947988,-0.5235288092372871,1.056325408355085,0.09659332287485221,2.0386198890476304
-0.576879951993231,1.3844041680193673,-1.9293120269127344,-1.2995938772641271,0.9461934205567839
1.761856969766535,-0.22041871970824042,-0.23431570296273901,1.1129664071839387,0.4731188539432071
1.027469913579532,-0.4086626818279069,0.6779004191383006,0.14527731707920577,1.1458523913024716
2.1013660437862383,-1.4119531491936002,-0.5811924036998838,-0.11394685987080823,-0.0903842681036638
0.6444824748840765,-0.5731193058496482,-0.8033231192204189,-0.6760876438446238,1.0235679512288502
-0.1656090360414316,-0.14283236419037737,0.48901220798741635,0.6636874263170847,2.2717887080794386
-1.5960888385697678,-0.5932753969430021,-0.20914840349684694,1.3370211027251806,1.467950926805927
1.4435138172815858,-0.0007247306352103065,-1.4271633355333038,0.9221731546396849,1.23021105179794
-1.093489907050212,-1.2716440256533192,-0.6520502890323215,0.14816428100367532,-0.29219902267512937
-0.9212785418399155,-1.1983940270774311,-0.868732687948611,-0.3062742368361489,-0.446713236531888
1.6281091878140048,1.0358633429797617,1.2039939566508497,-0.7223028492881917,1.4075174044927616
0.5074085639222565,0.15209079345739937,-1.865574923579487,-0.010062774721992702,0.2699484209515898
-0.106261403032305,-0.052097263127344674,-0.5992344446122704,-1.4008423872547902,0.9336573276058264
-0.26004383367958256,-0.1421514142112551,-2.094894884516467,0.09302646869223735,-0.4598126969170629
1.115191916104709,1.162909565929516,0.8257778842684991,-0.9380278769756765,-0.6799724125404616
0.3154339540940416,0.734990782970384,0.7201833620474033,-0.12779493742569406,-0.6795234491652951
-0.18884123153698512,0.4859204372561949,-0.7722824165681346,-1.5922941759846985,1.1126032441923317
-0.5358626623108094,0.688288440183083,0.742345972026446,-1.5897892112083887,2.0145577166526767
-0.2643969272403599,1.336680144474686,-1.396877161604181,-0.021344402835400966,-0.4762672218338512
-1.670030941478271,0.29940204222215583,1.0454528519330852,2.0582185262375803,1.1148786063841165
1.5592466337120674,0.17260189254056207,-0.7080337519600429,0.02439290903054925,-2.1614822624424765
0.3898189892127649,0.07721816461981108,0.48299879035378346,0.3712175387583161,0.5241540833046026
1.0391523424906999,0.05940483271672331,-0.6292144483304664,-0.3677522707239257,-1.0531396768082768
-0.6885789845752657,-0.19918269157253923,0.7528713623441008,0.41230237473322306,-0.2672082280963067
1.1117671710833585,0.5460758639337958,1.3419046580934804,1.3032568323951874,0.538524422559366
-1.2929472943949776,-0.18780592410025165,-0.541881330541941,0.34746245296732153,0.4037312352303446
0.619169059837906,0.059364375131131075,0.4036657252848449,0.6460682379123363,-2.2054907142951725
-0.035761424384954284,-2.1788828328371164,0.5852136021385589,-0.7049437243108051,-1.3037872869286176
0.5903648336250643,-1.168038440419494,1.0219218056463246,-0.11593393731597293,-0.6628934372720361
0.37645570892282826,2.5315324838448516,-0.23345830340422288,0.3643093684581785,1.3782528672618846
0.4839675855991877,-0.765232530060787,0.17029872908538687,-0.8032883777396438,0.5983209194317481
-0.95722343825062,1.1096107012547636,-0.7535858924696875,0.7377148874030438,-0.8134048667315271
0.005811065107368501,0.18116102510157722,0.7314310657220058,-0.2769942833743479,-0.16669749930911013
-0.37940781459244916,0.011957045049048674,0.7993277247107075,-0.45120763567446204,0.4841652498016035
0.8710875113562241,1.277477763063984,-0.9927584557963928,-1.4750905651393214,-1.4040047437656056
-1.143536980510692,-1.638176490002741,-0.6236194703253704,0.9792563639525679,0.9259389993719687
-0.3300327108006071,-0.6803987049583353,0.001670032423436704,-2.3208135546066617,0.28330528655032583
-1.208309614411894,1.6176059284289999,0.6837811824474397,1.2107554318156803,-0.9511959986607387
0.16414310686604058,-0.3197623203701474,-1.639437729621825,-1.6025560601855753,0.6141102184513251
-1.2443316902639183,-0.16769527726088532,-0.4647115568074084,-1.4789690407598624,0.14529790425116793
0.2220977675570254,-0.45006492050099933,-0.49861049788223943,1.7214546698417443,0.7274014231688999
0.8950378491242191,0.07243012566293851,0.40210258290061085,0.06183901901194725,0.3419506292118187
0.5069904385653969,-0.41744846807514185,0.9363855842130895,0.1532776638267905,-0.7621516253597305
1.3113522068910493,-1.5108107458255835,-0.10324899697333088,0.8333989502673299,1.5744571186646164
-0.768471944264435,0.45313412478632353,1.4627283358690264,0.44585288072050056,0.5699766351389642
0.23547424759647445,0.773846852116159,-0.7050081033188118,-0.7740275113924565,0.4454707608002288
0.41698769119639506,-1.306668015949345,1.6215221037513183,0.36301972695949813,-0.06658946570707709
0.8555597838924709,-1.0300730260224125,1.5171758741316672,-0.4685171850912502,-0.5444781137929765
1.6157856393519023,0.23260591064986702,0.9747991881097113,0.5702464711279016,0.21015011240627265
-0.8823458659241753,1.165021943795659,0.5839397122823535,-1.1461980239897804,-0.6233019098241613
1.1739536590818371,-0.21747217055164692,-0.18973729229862743,1.8197739170220235,-0.8204322195080753
-0.2184007901328569,-2.085520730339049,0.2378361246963704,1.2849086916520398,-0.8873524327819186
0.04376343484834232,-1.0525093789238653,0.3407854479860732,-0.8771658193666451,-1.3456461214536093
-0.2688151365773232,0.36479624200468963,-2.0208329784277708,0.8199246552342505,-0.7664350209163684
0.06880337522080023,-1.5584420699502255,-2.1098444308876316,0.7226087325156741,0.3298039902976903
1.3228852743655533,-0.03593856490882988,0.05280511229762755,1.1851843557311883,1.330658864725139
0.04359441288068282,-0.11113908490232137,0.6545519993584206,1.5825026926225578,1.1947091058897192
-1.0975150978289543,0.8388309917247898,0.36108492394656255,1.4559441361143894,1.690110291693889
0.34430571118239445,-0.6111288338165306,0.4311981580773499,0.304345125834581,0.819592187970108
0.03105713742711745,-0.27379859989915056,1.8762447965150706,-1.6783431650534533,1.3669006322436215
0.5194357221488738,2.186727186963687,-0.29060953884164004,0.4772086015317811,-0.09690569782533527
0.8219582142502858,-1.0905102021474697,-1.4350915962072888,1.3833492350467957,1.387045274199858
0.6857726067082601,0.020289647203132245,0.010067619173757222,-2.12995527039204,3.3409790278672986
0.8175072459401124,0.11497452042386064,0.6462824763067656,-0.06591090324158883,-1.9486767924936443
-0.8946258452481312,-0.6750535613142207,-0.6351473144525072,0.01812041956565215,-0.3548947820213221
-0.5087503755004816,-0.3388521434409267,-0.3649603625210865,-1.5434695668802663,-1.7307492164506237
0.36341880055386905,-0.12906453008312402,0.4129629527542999,-0.3054088185437647,-1.6109510405097889
1.0949754645276364,-0.6966787468809581,-0.6776024145984791,0.9607674989428548,-2.476328685519197
0.6316890121446621,0.8935330093377595,-1.1487881208371633,1.1724720163913036,0.8751345018460591
1.732943165202971,1.0497594762509583,1.7019760319944464,-2.5613050595935825,-0.10038324684015304
-0.7429873412889229,-0.28980611378925103,0.3286472894505164,-0.06569693647333164,0.9811219053152239
1.5185917744420163,0.05050518658929616,-0.6902869528078646,0.010158050018912115,0.3145063897543032
1.0326483761137648,-1.2994661831788874,0.23729505641377371,-0.2975913622914229,-0.5246988798904746
0.26614000569992,1.9942164686114605,1.5052207669955027,-0.6262214566040227,-0.33166503428553185
1.402670921866488,-0.6429416110176186,0.505125463964463,1.2832691166829069,-1.6643222994992175
-1.3177276369489388,-0.7450812865456016,1.3406092888241312,1.8804968239691047,-0.5386319345074172
-0.35420522827001394,-1.2566960436694643,0.23980701724068665,0.27022412274640895,-1.2886443001286993
-1.867084568165794,-0.4372723840624053,0.35816659366804476,-0.06409394634427017,0.022366434642986602
1.3923114505567125,-1.2881475068295487,0.4139534323715944,1.4554199286170093,0.8822595713647156
-0.8853774037007048,1.0048662095050391,-1.2268656832010385,-2.278157876977281,1.617061507272793
0.06944910388959094,0.8779753942065268,0.6292746078990729,-1.6258303936150351,-1.7797222245367401
0.38728787510753326,-0.47304955066683013,-0.3385402189313194,0.2996361086082306,0.2394048048556788
-0.15847940672716845,-0.12091834313694043,0.996967380538912,1.4367324294641053,-0.22903955113025815
0.4835344558845707,-0.5288628595007818,0.7822423063962667,0.7442478565723086,1.0234572852146024
1.69919529815626,-0.27968696363479606,-0.3944956114906116,0.5632125933512255,0.4021457053314475
0.46624084936568155,0.8272797512606069,1.0257493616228381,-0.13628819547503102,0.6726549865939228
-0.015602489366743306,-1.3037553068335581,0.7384730235556103,0.3395858993046351,-2.628799615732413
-0.7280914294041794,-0.5292553487802423,0.01406551196048006,-1.036634743636986,-1.9149903655433005
0.5296335384781082,2.5469228096317797,-0.0857562521904824,-0.10238702400328963,-1.298987590437595
-1.2502543908914112,0.49992141725541234,0.4261453345875187,0.5794669275014136,-2.6908486749097693
1.6088701752368864,-0.1625571586104343,-0.1370748163912696,0.1537134862673441,2.3625100357707676
1.3004872393857057,0.5728654866364608,-0.9374833840759265,1.6199582730891746,-1.2596803473800626
-0.23773926105528984,-0.8479371156692314,1.302394561279248,-1.0142635191995812,-0.02021234209649404
-0.6827049720984067,1.290209744104606,-1.2315022099353754,-1.3511932063455248,-1.600670825103792
-0.17215431420619703,0.4594391235468679,0.5835564328719594,0.4320286904979461,0.0809059509868295
-1.3455213463655622,-0.8529325568647208,0.025970595110042963,-0.5565641189455338,-2.95925514058236
0.12923299930516868,-0.967626394864864,-0.4024875602894083,0.49023299063934095,0.8053024585334382
-1.966468853142391,1.9083534060383236,-0.035965931197836504,0.013179206070738109,0.07669263486987243
-1.6656490290688948,-0.49814638095361274,0.5010503082465471,-1.4244829994010975,-2.0319876618189374
-2.1509604123128394,-1.2815590891965196,-0.47218134403753154,2.652638720814704,1.4722168016390682
0.5847654705751142,-0.3156287054891078,0.06785500604516342,0.13752492166131075,-0.29530358150587677
0.17004866802093502,-1.253857596778384,1.163801883386208,0.09793888678221452,0.5090903099455263
-1.2950837893123917,0.3014532528032681,-1.3744910613069818,1.4273451119436142,-1.8488150125852212
-0.7388732172629655,0.24385447343992783,-0.3013948550890134,0.25407860273654254,1.0712452738085538
0.7664780522739646,0.08096734535305286,1.2325904575014592,1.8076906882331614,0.20054684115982624
-0.1656970180899695,-1.050822415213507,1.0694418270855528,-2.1475603481073295,-1.1476930164220092
-0.24255795119355938,0.2131672162933997,-0.806085482436441,0.3569686321918861,0.41744373525044376
-0.2846066688746423,0.7114802459688955,-0.5291287964335709,1.414281189116797,-0.22524923547993103
-1.2634508782251734,0.3600992637676318,-1.183928970839835,0.6154131228886488,-2.152410527738254
-0.41242234393429267,-0.6427004070052266,0.014185883793966647,1.4475517737423904,0.7730971983365568
1.9875075317332171,-1.1346032865229723,0.6173970656926253,-0.6888138914924941,1.424763513259714
0.881531012864162,-0.5506444881685697,-0.2283069081491504,-1.368207985884165,0.24434177086776837
-0.31707138801404655,-0.43696977233081363,-1.0047801655147441,-0.016246212707036144,-0.2130728289451398
0.560859011204087,0.715545939604515,-0.5407373434970111,-0.2589439542938509,-0.6040378583230599
0.6555926218023942,-0.05767235543807267,-0.4280367095143083,-1.134311123665046,-0.5122802107672236
-1.1892748271522608,-0.636469236327223,-1.1922953206824562,0.5135753930054053,-2.120590925066319
1.2718865444675538,-1.593810990769925,-0.5184888543026303,0.024050222335547215,1.2678112770591385
0.1409746536376729,-1.205496234347682,-0.9762034214293291,1.333692385046636,-1.2166205878118468
0.34585358011699024,-0.2992014807632821,-1.693522406045055,-0.5129244840452344,1.8030702802878649
-0.8297746553827379,-0.3818778850144246,-0.6691388425117897,1.1732812825385406,-0.5330665853863069
0.2671777168606909,1.0034755973004799,-1.3827837357292354,-0.3221659984658195,-1.326896106564959
-0.3856602225738123,-1.86150619623299,0.3571128439736794,-1.7897830348185622,0.1727746444046354
-0.18479554444251245,0.6976831602575421,-0.6890482173204896,-0.18355624186348946,-0.033195980851460354
0.6264151504329457,-1.0563910717276386,-0.5781920693288237,0.004812223721345016,-0.20536921767320496
-0.02792973985484185,1.1369617119681485,-0.7416375720130256,0.05052090737373585,0.29639901838419497
-0.26295317588138295,-0.059661845724786715,-0.5293539235863821,-0.66855362094763,-1.2224539595390669
-0.6548641469461506,0.4135293780530486,-0.4455306300967744,-0.6442213593697657,-1.2479326250106932
0.24856478191553744,-1.823993889004546,-0.6526746306854141,-1.5157445131023637,-0.5489812324865695
-1.6561728295195461,-0.2617020392198141,-0.3758709062174707,-0.04657219969141814,1.2131358979021623
0.3333943253254948,-0.16680824209874237,-1.1771775598640006,-0.27215989551004355,1.328272461580843
0.9832027393278356,0.5097686251528404,0.19109387979096237,0.9226189079683537,-0.24525664317760149
-0.7109122263559596,1.1382844592811339,0.17007183577740498,0.22800324249301798,0.037414854650380386
-0.7613917484975908,-1.7462635399844328,-0.1355028258756077,-0.34096365841910836,1.0665205116869012
0.40923275463869996,0.074731146483794,0.7686418200632438,-1.9591584731690244,0.4329111334277773
1.4085469612713755,0.40122118924363576,0.2624419624611481,1.3525159187384643,-0.08254708540454661
-0.7290954666243876,0.18874783543131476,-2.1170378479455763,0.5953226879741522,1.0144996223304619
-0.0225322456736273,-3.699907964794093,0.5211162563533921,-2.223161114882536,0.2390063951266071
0.7778718771881858,-0.177143754813622,-1.2423413998671613,-0.057456549967394965,0.38695096498550197
0.8103421449711047,-0.44849665149245715,-0.5122982854907495,0.6769550622136246,0.4370483249091218
-0.08163265261268993,1.4120019621009237,-0.7516227731469565,3.149755918210432,-0.22807802293705978
0.5260601109506495,0.6502298681558724,0.8763286682105016,1.8422741274672776,-0.15313233100097615
-0.4700568484824588,1.3912824341226355,-1.37687547154551,-1.2002058870798316,0.7386203156558884
-0.4508598932376271,0.09015880915988603,-0.7285281207785721,0.13010920293324427,0.2561810825657254
0.30971369986514696,2.170617950118992,1.3697454227663253,1.6099157113781841,0.10189220759969085
-0.6012188498948945,0.16346133616423483,0.28741633572785297,-0.6751315615554384,1.1141240236747365
-0.18713077365400227,0.5593242614212884,0.7488815782368338,-1.0292264506420772,0.08319317646686693
0.4724197811747301,1.0636998328674494,0.16224348438588057,1.408529291851584,0.07678466512411904
-0.4500132944861567,0.48879261393032714,0.13658182792820098,-0.6322151840905765,-1.5014673100074967
0.6754207465228502,0.7878646727799136,0.27540624874587616,0.7833894302604256,1.473655105141266
-0.44357661869708415,-0.30559960399199093,-0.07422085469612626,0.37402078136012895,-0.3058431638981603
0.4076021446561487,0.13315698840031012,-0.11592239352633033,-0.3784232393469677,-0.941936293503264
-0.0661548872576847,-1.980358050866947,0.5480785137059712,-0.11670732305417938,-1.265914907797266
-1.3470491178436612,0.27073101088199464,-0.1038140596731011,0.5129221974664468,-0.8073811984521655
-0.5552626027818122,-2.0074630034295935,0.25247702728327137,2.4899126176323843,-0.6669462583836749
-2.3396532592284958,-0.38985558663585035,0.07723070466388146,-0.46715114964904986,-0.6159265071868546
-0.4228342608800491,-1.5804443600808815,0.30953693400808013,-2.5065757187232824,0.8874433041055743
1.4492436154073765,-0.5955848850989767,1.553099425561233,-1.3504883178133904,0.5539594901460159
1.4116192120843771,1.296593724502463,-1.0685530698220687,0.842394870406042,-0.89953199465576
0.5577929216169879,-0.1156700124268032,-0.22157050891957297,-2.1817876060321746,-0.792228809176754
-0.8556829302375498,0.31647865264024544,-1.185650813863841,0.6969373015949644,1.0482034509016709
-0.13117016748182042,-1.4675588059818803,0.5359426519513447,0.8719172783123577,1.0994649909519285
-0.2112296860036735,0.8091327839984626,1.3494894605525725,0.46087019290957315,0.3078232316980546
0.160062806099515,1.0339043865867232,-1.5820371180150303,0.7862657383234617,0.7589246267629297
-0.14721899570668318,0.13919559919620586,0.39915651727613116,-0.34275570324566934,-1.2885867680140108
0.4013665982430429,-0.675496762609262,1.6233867380722464,-1.8845473340158323,-1.8546879318282843
2.8972229066279387,-0.03935496816501501,0.24597609047224192,2.210608173821976,-0.3275575204139773
2.534069990323168,-0.3273606089019881,0.2707545667202325,0.14997356069538612,1.8145195215571956
-0.6807814080133961,-1.2247015609399583,-1.7871701034513297,-0.4300843214093761,-1.1692226328916269
1.8958022332679019,-1.366214135467427,1.3992026996931932,-1.2363849335863812,1.0817539775843612
0.6032014741087142,0.39396183449762917,1.5808519931664373,-1.1877727590380582,1.1382435235166577
0.9202029358359312,-1.2390496104159734,-0.07335835824760065,0.9305659514833375,0.902483684009965
0.5217743549102122,1.1644829122141318,0.9070031062274803,-0.1523914324348608,0.8129433939992912
-0.9088734659023374,-0.7700316627895776,0.2459133894962403,0.9957277449617611,-1.0680413299976759
-1.4551237874917557,0.21918447685549003,-0.31822118043155806,-0.589925164273526,0.020845891047011803
-0.6700955885565856,0.5320607396049649,-0.4533906300389089,0.19273792851132793,1.5442810597904577
0.6662301598563954,-1.1132096844045096,1.0022036926448017,-1.9708991685136075,-0.03024156456116362
-0.4139980368013331,-1.8183565482244544,-0.2861597848433352,1.8710186338373982,2.0371611025141165
0.47979097276642335,-1.2617326064534968,-0.015303324889460254,-1.204360267979723,-0.6843160970637642
0.699554360892854,0.9546558360089348,1.0271220739393254,-0.44937173510250533,1.391486082057881
-1.5796289887929402,-1.1762137339544543,1.0617090394972308,-0.319662249652627,-0.8704693750448788
-0.7929607873490196,0.3404300075337894,1.3586996035191417,0.7201537784782545,0.8984359605332389
1.463308933621947,1.1099457056446467,0.2614866300197976,-0.7612312063589914,-0.6445045371574679
1.227526656587054,1.0416044579518733,0.23788424504914607,-0.5209168650021564,-0.3606853039387947
-0.27473888431348575,-2.1892436169819263,-2.082262047642934,-1.0826606144582882,-0.5684050635970319
1.1043398405396234,-0.9519482586768181,1.2496403261352964,0.9162934702925947,-1.0456495519937452
-0.8858353529434854,0.5866450244513988,-0.77551599529897,-0.014157414218129561,-1.128873413702058
-1.2589651486634927,0.6137445173296993,0.09745492725237888,0.11326939489443338,-0.7084960952930675
-0.8590205789668974,1.1762124656312565,1.2026918679574177,-0.5625611254344933,-1.3332337880343665
1.0059802657197825,-1.6289944904950746,-0.5688208995541025,-0.9252439682394474,1.321986609743238
-0.662321622327173,0.2840731280341586,-0.5255123372093373,-0.43645855560841823,0.04704381532003517
-2.029627312577121,0.21741289414333567,-0.07982536625123657,-0.9326752225884646,-0.6554559470829724
0.5473240632650254,-0.10498356097606432,1.1709973329710073,0.2647155249674059,-0.8432713345454506
0.7494737186695657,-0.22029615654319096,0.8504770485446251,1.4898365339454773,1.5452396490947593
-0.9454083521088835,0.23642957629618028,-2.9186758054933577,-0.07614771106233105,-0.7956671151268163
-0.5105318393074032,0.22049406502216123,0.6578450850975414,-1.6802882929145266,1.2786472378556557
-0.098743254299352,0.6504405143957,-0.17244727450875258,-2.8779537505505575,-0.23807355934114624
-2.22844683055862,0.6095415991502996,2.1722819119776102,-1.0389264160497542,0.1390981543686018
-0.10226274105195404,1.2850265914718297,-3.228761853299791,0.6939881280621748,2.3669010012326237
0.2632789222210186,0.19003396968863834,-0.17827219950662704,-1.476221503831686,0.46517092024247536
-1.2813410649447525,-1.134717214166478,-1.3368271511408816,-0.4681672917432631,-0.9511692533627408
0.9086235477035784,-0.7699430698899572,0.1516474721348639,0.44298329508760825,-2.2357651341034344
0.1523790652036992,-0.259353889909622,0.020082970278186688,-0.2355542482974547,1.1829105030258902
-0.4795086950864339,1.5293652990425362,-1.8954648281269622,0.6706432686268421,-0.24496120451317344
-0.44346687302130294,-0.30840330866617555,-0.4000893717884938,0.09428838625379524,1.0452963609064336
0.7842938127184491,0.7182336977401866,-0.31127006943810215,1.0382866427539879,-2.084165377047614
1.1099367013590258,-0.053803843106416345,0.9694767310266409,1.3387747992169297,1.4016629041009538
0.02184115027499722,-0.24062562172600463,0.9896249523665211,-0.5011801919334944,0.932121278812406
-0.642560776872215,-1.6744575109368807,-0.5130177996680314,0.2540122524139604,0.592873453783916
-0.9642957218229302,0.29547241258318185,-0.4687039149185971,-0.30883245962583983,-3.1804599962263
0.5544949963539183,0.5821186616068618,-0.8971368621684508,-1.0999608208423466,0.04599483457499427
0.31805632637544184,-1.064778892959317,1.9548041974942623,0.707855565631026,-1.3737458176757797
0.3727950602681282,-0.4358103975204389,2.178288052696506,0.5869190789734247,0.2777439662745535
-0.04142717145016916,-0.7676667316255456,-2.08420959099386,-3.042789835252758,-0.06923270184803583
1.1943974242696878,3.2331920126474807,0.8636300266545439,-0.18816433908819627,0.8495525268175433
-0.4343676613892663,-0.04053637455066485,1.4768845986962449,-0.5727793335618788,-0.0019865022241535696
-0.2930864294723004,0.6348284050460556,-0.3430955809335878,-1.7727118863397306,-0.026573804802747437
0.5275387358902358,1.3473640560673297,-1.9845539710926516,-1.619335707844551,-0.28677727142009324
1.3573427664785855,-0.02769828333333039,-0.33054605773672446,0.5300830240541798,-0.7650840945939826
-0.285098303342383,-0.2925663378242041,-0.31603176368979635,-1.814640329123116,0.06446026690121201
-0.3460778932240802,-0.8100290547100891,1.013429429305174,-1.334246993678093,-0.7825100412616334
0.6113727931435594,0.7606392503910784,-0.02020583914144112,0.8569249713046967,-0.02586239275667721
-0.8337015378406898,-0.9271319049631574,-0.09679895215770302,0.9386968876088154,-0.14160799454308093
-0.09232447485321865,-0.543936247268651,0.9947017816469214,-2.0932603155603258,0.6956726354013479
-0.5960135655699862,0.1712045799277459,-0.5510563900814502,-0.4354787663544465,0.06608003454830139
0.04595222651187292,-0.764517273025121,-1.0950161051558134,-0.29328139344053583,-1.7495784507563361
1.3637200138173626,-1.1446438383033908,0.2182662934312476,-0.1523393757059652,-0.7667442625038509
-0.47620362781156994,-1.2297800887736225,-1.6642152486413304,0.2823573813360299,-0.3847429604502226
-0.5525194292055996,1.4002825830081,1.18058014597825,1.176625697571359,-0.3956997228212027
-1.2749388417355874,-0.16958461889250198,1.416891546763676,0.38542350982014023,0.7483551524853603
0.3133706093530505,-0.8713383904152618,-0.5418218208849286,0.8342309140457566,0.31044799472402124
0.7082125737048756,-0.03482843293459588,1.7125720896239898,-1.6938166178353586,0.9035463025960788
2.0368173814905637,-1.8569380140027212,2.0391907400555467,-1.0723757524515356,-0.731786334088541
-0.29527924863993066,1.331925138157439,-0.8861999605549736,0.29177876117495366,1.0974559607248948
-0.9283784194878174,-0.5220695280134433,-1.0157313398049632,0.753473870968413,0.4249644529957197
-1.025152408079362,-0.22328998389501564,2.0008846914381846,-0.11423164613118991,-0.7624317355378061
1.0910843761873172,0.9684671167866765,0.346709482150569,0.5030477368886913,0.3558158017820617
-1.075952338218943,-0.7645198844200282,-1.1994737904042505,0.07200713100067115,0.9692214660663494
-0.11237090800729378,0.24403343272261843,1.1286089204500982,3.101248334912515,-0.06948043517115403
1.1232640015638884,-1.1391922622656363,-0.11146936164500447,0.641605114361593,0.8522591808149249
-0.1615812797621415,-0.19216733590729476,0.1601704549987473,-0.37108277320696603,-0.1986496936146385
1.1991722143188188,-1.08352175260656,-1.519505688053338,1.2403047021404732,0.7138583056003979
-1.7346248227477372,-0.016515292178581265,0.4806595753156705,0.5636242848524492,0.8985242958965631
-1.2124083519286804,-0.7944906140896434,1.9525400192263087,-2.1726517870052597,0.10041694395765902
0.7171223702878581,0.15034822754488697,1.5375037641409028,-0.2356392739554602,0.7361382347468668
0.20061824543079435,-2.110948595424268,0.546169543564458,0.23009286433743492,1.4733358579038458
0.3340634750177555,0.28512190654920244,0.305041209307869,-0.0594975449419968,-2.072726384306322
-1.1889374396373389,0.13536268920237007,-0.5305565225054779,1.2699158940587132,-1.7175533284773667
0.07441106640677306,-1.4353338193819265,1.99431046990541,-0.6901539753957742,0.18011343434980234
1.3206226615212855,1.9991269972199068,0.8794606294430907,-0.08437293067667465,0.891194630125712
1.8223936846529962,-1.3096510153385255,-1.7406888583209785,-0.5706636260142753,-0.40720622269077084
-1.5597427448216497,1.2941673685462762,1.2206969310107425,-1.2828527840550341,1.6285319767573052
0.24810151548999218,-0.4939260969370867,-1.312046750777259,1.4216612196744336,-1.0452600375341603
0.7715487076985662,1.4930445312242826,-0.5398426752603114,-1.7448266991440868,-1.3324088570187052
1.7251109520330021,1.3121373888712364,1.4119295228987263,-1.051222563355251,0.19825457783122655
1.5536109227575052,-1.058457812235978,0.5134098888133972,0.20279221446697024,0.17176301213451642
-0.6765086140253795,0.0016121826051443031,0.22280631124629485,-1.6487922979554752,-0.9330891063729466
-1.4652614374715052,-0.8394248396658129,-0.05703491764985273,-1.0903650995496765,-1.3428970164348575
0.9710054818103001,-0.6156757180486123,-0.5702306383415452,-0.23495217897872098,-1.3654270682177325
-1.4862828911676953,0.6263486307271927,0.5105882099200825,0.8722541050971434,0.7293995857749597
0.9475369244245,0.36031184441084035,0.8913853621694001,1.5098523801637898,0.653861656042085
-0.6727208306589131,-0.6390109279303197,1.1627598701935449,0.369563295085438,0.2902801592207427
0.724603739961769,0.06737237240632134,0.04056035116999595,1.1419727682988756,1.8232369316804142
0.019066143528616672,-0.37919816346127594,1.0861117238169522,0.45388157855612105,1.4766522674560258
-0.15312333804894215,-1.2909966813749387,-2.853358115449674,1.587447635092762,-0.32290342410290734
-1.4812369570300157,-0.1059144617385257,-0.37996784784742227,-0.8292069186474613,0.39592701335399544
1.2488812527152506,-0.29872486885718924,0.9270958524704471,-0.44584443468289703,0.5366850004405758
0.4892954637103635,1.444833567005454,0.23905331847671074,-2.185645373309194,-0.1678071279051386
-1.2426876855618647,-0.03975075516077839,1.6757101842428794,1.282336251882393,0.09712735469364595
-1.25086065811553,-0.03187397354626264,-0.9006599547168765,0.9322794124548983,-0.21375450263960818
0.7393455049339905,-0.45139366333940456,-0.07097206734468697,0.6002034931888534,-0.43646591507942956
2.440080831125078,1.3081221085770702,1.7098888386501288,-0.8966889242695499,-0.02933358589937549
-0.9892825186024251,-0.24926260277254683,-1.3558263053683604,0.09386319338493115,1.0366077212975637
0.9438618806272879,1.5184894846828272,-1.530771659693042,0.5116987703754926,-2.3014573220343175
-0.4181292089540688,0.0647833194629457,-0.5542953253256085,1.2861096448031468,-1.8313439172463586
-0.22076206872153448,-1.8123888320141082,-0.3806942423296955,-0.5484621127503458,-0.6303710417641718
0.24185528512362153,-0.8658144562863948,0.6590791922280159,-0.08958317059358896,-0.2149648938578226
0.06493320020385675,-0.10412722822691663,-0.2174840522504089,0.35206730992903984,1.3404466927105942
-0.42093920029267345,1.6388747449546748,0.005645309684444786,-0.032323879255509974,1.0627662430149647
0.33911600926009816,2.191229785798219,-0.5428320698311794,-0.7112784347756557,0.7990696514207253
-1.2622208628256841,-0.1555365982453671,-0.22487593781744397,-1.5115183699767951,-0.9998992674144953
-1.600222906723754,-0.8179261948462615,-0.11465469142382884,0.15482833493030712,0.9938421495382432
0.708840406425997,0.15650538740751038,-1.4067346434800583,0.7015008844323056,1.199782436242105
-1.3750717035474962,-0.13287756835716782,-0.7104163296191041,-1.1504641743508934,-0.33248734196049273
0.8835598950513771,0.6574776928353084,-0.7577215512874499,-0.714906264422592,-0.10614069487593754
1.6012773079659792,-0.9097873262729335,-0.1418403703645881,0.13622075182234783,-0.5226674693578426
-0.058078552896978906,0.7221677557539786,-0.1996273172480387,-0.6853554961910863,-0.20112642082812385
-1.1930060493874302,0.051892321283252524,-0.7054516482338081,0.06644364873890474,0.3248001430113824
-1.0948284389818672,-2.0509885390724665,-0.8126992415614409,1.2959979587395165,0.2173925836234282
1.6064369180543951,2.3905976057829506,0.7908161656706498,-0.5438997390144594,1.0836349881954843
-0.5089659714673092,-1.0123404639007239,-0.8460544689895121,-0.7453054692291052,-1.3636316626842073
-0.21346250549418125,1.719646282117999,-0.7111957999005063,-0.5433112594133688,-0.23786646484574261
0.6292176247460366,0.6664441865109308,-0.009662661720497215,0.24051144312715542,-1.3284007369630457
-0.5627166130118686,0.8500926808734506,1.1864296704700092,1.4860575307506878,-0.1299554464686466
-0.45879986332273265,-0.36225557376714623,0.9602495867084135,0.5471794885316476,-0.693283481312887
2.0832330289117054,0.5398952965183457,-0.08752829156310152,1.884964442837532,-0.7602633106418986
-0.8534408733283679,-1.0082029963358883,-2.2350993624244095,-1.3581785075125996,0.7454998071389876
0.4250350420305821,0.16969718921269752,1.1599123644612945,0.1959245374482244,-0.26149621069735135
-0.7515852369904948,1.9988390784915773,0.8933065546005969,0.3729446080176833,-0.04266472947794959
-0.07739547841609414,-0.11983463033283336,0.6859085558920984,0.9214930619141847,0.33589245947923585
0.6162290672358548,1.8585309276339217,0.48832483187714243,0.7662394085428345,-2.276108808590795
0.5880359869438517,0.7000859003331552,0.7905013785564204,0.23390347570548292,0.25215651964192404
-0.4794568290348658,1.0046020427961715,1.5312500128886075,-0.4877025550338172,-1.0981282607117566
-0.3159479385412093,0.15198284464272743,0.8807925108905929,-0.5129916525463851,-0.6160989179658422
0.1466869845625348,1.1985240331378522,0.40713622592903126,-0.15391671892411915,1.0187905886261721
0.2962784924741943,-0.03869631386363309,-0.32203712552275543,0.6755331020185764,0.371543639870414
1.229250175133798,-0.9806782761039433,-0.9098718469773462,-0.8132257624888757,-2.4816007220295297
0.23113803270813765,1.5509626721715664,1.4919982057647907,-0.9029679453133779,-0.23088793357201723
1.0794180771616968,-0.036689816828661834,1.055505993369209,-0.20835359634349748,-0.6845595270800154
-1.2634761678078508,-0.5652182602924267,-1.106768544673204,2.7529966742718375,1.0587908847215477
-0.054567559713931964,-1.2392881660032327,1.4927745623875868,-0.8934795011291796,-0.16301428411389576
-0.9367468508216004,1.0493397943804001,2.2517411666288707,1.8278904896893526,-0.9522766609091388
-1.11717388312375,-0.29574731702218854,0.10347062960110394,1.1913124047773145,1.2087231905955196
2.6038727500926515,1.6087896673659505,-0.5512912985188888,0.15132915949145762,1.7189512752719205
-1.990205553527351,-1.0312136124126554,-0.5608125203715176,-0.12417527944364935,-0.40497421202660916
-0.9704980403358733,1.293291502571929,0.8945996086857312,-0.5911570585555205,1.3920514207901478
-1.0273687801757838,-0.3795767126039228,0.26504881885449333,-0.34662115949400496,-0.9719619841563397
-0.4153651926458571,0.03731521162109879,2.2462210545118095,1.02610235884476,0.3305182389222081
1.383053325539823,-0.2145536974164433,-0.9852511080686697,-0.2944613390697333,-0.05981799934080504
-3.15782009546393,1.6357018927609213,-0.3517611717985879,-0.6237400505872666,-0.3708123496552956
0.3848268394402239,-1.3307267754017593,1.2736727562530583,-0.6657169009872491,1.112060593137742
-0.9634904081813558,-1.4685465701452294,0.4306407599428706,0.4788910806387247,-0.49480999479202753
0.20872794347054038,-0.9568341519010262,-0.011505923285468631,-1.8699677307359068,0.07031601857648993
-1.4145732848786174,1.1391901948418237,-0.9546577908383637,0.5382957300511696,0.5368142844652923
1.2505284331534836,0.16750363776771543,-0.055469213555195344,0.03422619819635864,0.34494592165418353
0.2575927168327306,-0.9037295303267556,-0.19244600516686275,-0.4366337289836251,-0.6723242706676777
1.8123643630307487,-0.2034702949509029,-1.3323474691079753,-0.3185139464973942,-1.902572132482936
0.2969217955615334,1.143424100938714,-0.7363486311280459,-0.7260422072836688,-0.9452581940164783
0.46962287079869824,-0.1291657187445505,0.5869334371224098,-0.7903391659619219,0.47925526620302855
0.49608887207016955,0.16492127889160343,-1.6292212051970838,0.3684651525610315,-0.4778631716580295
-0.21384462006272983,0.21219877270239523,-0.7697408791309098,0.6725257989431351,0.9963770262981099
-0.30732913601478934,0.6661056284920455,0.866137391604581,1.4037131910389322,0.20382159368346758
1.9185880534491966,-1.6686316956705207,-0.23961428980087393,-0.38829862315001124,-1.108913244082981
-0.74615784625626,-0.7173911779480373,-1.3711703088658884,-1.491658499239115,-0.25069063686834875
0.9863880860787914,-0.2684569434194377,-0.21440429718497606,-0.3582393496387468,2.943868900039407
0.9874309805507322,-1.7894910143482163,0.47035324929741495,-0.6710377644344788,0.35273797095265147
-0.4713833288180689,-2.0707853996593064,-0.5680762757393938,-0.20463531391647208,-0.19873121995161708
-0.8374428543975208,0.341118945053513,0.3202862076776683,-0.23488297121203253,0.2875393144486449
0.8625490338820031,0.8919493487101858,-0.8534725074722305,-1.2160817108854638,0.0037809108024133573
0.9886795151307478,0.14727870277780192,0.9394115369384457,0.572682245778243,0.9762944441064364
-0.6488754539667974,-1.1852817854744528,0.7095077610999765,-0.8987626796989239,-0.23783598270620193
-0.6993157243752665,-1.577141874389023,-0.17498733507305478,0.14286800288701487,1.1765621130886725
-0.12546383541156436,0.8015328995700334,0.35576676424930265,0.5751489454549796,0.1395543863477117
1.8189158497095148,-0.4129966728802778,0.2971553557046453,-0.25813502100101593,-0.42449935760422813
1.847627537134795,1.7219473552361078,-0.543543582562976,-0.7812943570335791,0.09835180782546864
0.0075079456910811335,-0.8892386460367179,-0.11890390872108159,2.2876072887969805,0.40649230401015124
-1.0338570515294538,-0.9588161017236991,0.7783138115662099,0.6543954305005151,1.5207965871165887
1.9633102292841365,0.3129685068513473,0.6578083563090591,1.8182392051326648,-1.0244670384266803
1.2372044558938289,0.48309613961230063,0.9834796749236205,0.7581588375989207,0.3899417627345542
0.2839006418894453,0.13574424647188932,0.6767070074915037,1.2637917946359019,1.076763910098107
-2.0582651248991772,2.0448087323176556,0.4188605417892907,-1.177911054156038,-0.19424934014952444
0.0929536560233837,-0.3809366730083134,0.4544852012025061,-1.7551344679704493,0.6121598238454372
-1.260590855450556,-0.6755706937784648,1.330855118457052,-0.3637355904352894,0.2113780154869986
0.3856962670083324,-1.3804473305544258,-0.3664795950208538,-0.3232007290482719,0.5378691716661583
1.7805307169817866,0.6177651062348425,0.2185478042065082,0.27060619662085805,1.5082189525639456
0.4275350689143817,-1.322050165395881,0.8510711725601029,1.3440614000016113,-0.1369175202974895
-1.1139713541386993,0.927726085894128,0.0002533557568109981,0.7636027304872806,1.943437158948347
0.8583751325234712,0.800938342179235,2.348049927281438,1.3640586571304998,-0.8372503861619269
-0.031144282035078602,-0.8266047813077534,0.837245627325804,0.1686999610490012,-0.015131939237413919
-0.6816979584583951,-1.073128466597068,-0.20819356024624128,1.418024771697081,-0.037340984592779326
-0.11757646519439326,0.47706284161099655,-0.21548623514722287,-0.33708435283767335,0.3804816578950496
1.3062444067056118,-0.8320751427737849,1.8886567207079168,0.1960019530979466,-0.27103981707146274
-0.10364993845903316,-0.560224955438732,1.0454585963832,0.9834483949623131,1.3434548852248003
-0.8873427488744653,0.4173414068113429,0.25374870235847924,-0.8243703372801545,1.3043690489191204
3.142656250388153,1.6599136594878694,-0.16041380167599764,-0.5283775385424112,-0.058851116053635764
0.08503626277792138,-0.4346148007093034,0.5142896747308143,-0.5683375802993408,1.1227174658111458
-1.206022838173991,-0.7988362655056014,0.3291811715472542,0.7758757788058545,0.09903067564352958
-0.7863577579615815,-1.0738926941832203,0.048756232800754196,0.5008900665378823,-0.8821760994786024
1.1075703722925183,0.23235577237748467,0.2354145806507856,-0.008733005469700244,1.0317632595299542
-0.6482452503555534,-1.3589409759591138,0.8508183445890172,1.6280040458628344,0.7237121856310144
-1.145639899457561,1.1417434322756026,1.0218747977121054,-0.11664704254376831,0.16158658722138153
-1.0183860378746428,0.9086891647756441,-0.14722455450605756,-1.8718513609992444,0.678197080194042
-1.1731018035041472,-1.058087628642508,0.640002683122758,-0.7018660075365597,-0.9348236188077683
-1.4247720449418924,-1.060027169322283,1.468810951495028,0.05665957339112715,-0.6244609898736531
-0.42851186103722405,0.737144564933832,-1.1043003884284086,-2.002561922380927,0.5498151718046546
0.8778126806127683,0.00025917483393381673,1.6309460528414843,-0.5502587881010248,-1.2599110608393453
0.7403983971104525,-0.3083074399221743,1.3113588711867505,-0.5203904635051061,-0.3758959621928096
-1.437150761842618,0.06369976710409234,0.3710068184556131,-1.0517959895875773,-0.14706847845600207
-1.1634806453511501,0.15263342298903945,-0.18798709489267731,-2.2997572867031084,-0.27200582812222573
0.8970835819375007,0.05616560797841918,-2.595726991070116,-1.99716558063819,-0.2326815266024409
-0.12689146032414395,-0.26425900203990466,-0.22859372749641016,0.4763892395824164,1.0450163513655735
0.37616266642944496,0.0921073812078045,2.066862140454691,-1.0591846559620262,0.8185859691624158
-2.016977510367564,-0.9553604435182081,1.4915608325921539,0.4951574096305023,0.9894229339458235
-1.1837383987482601,-0.47435761424577166,-0.1573059662185598,-0.6481253022917013,0.09651780381385167
0.5904570523274336,0.8838981629556409,-0.4012692482449289,1.2899819716707173,3.0739400212346824
0.13160865080591652,-1.0271824036447688,1.0826140861803488,0.22715157999045946,0.36742790426126176
-1.1393794349774322,-0.057633769183431924,0.6389748884409466,-0.559852389824086,-0.8339749425495925
0.6472282417149479,1.4573886824393274,0.37414335838578766,-0.3389903671795803,-0.4221633043506845
0.34164718107708514,-0.2354141334743986,0.5101233806843215,-0.11515706646571447,2.2561070154852616
-0.2325010530358103,-1.2600395831784912,1.793461116939757,1.2223207890860424,-1.0439139979142662
-0.5711411468234615,0.14253704320079225,0.19296320711303602,0.5587824923584278,-0.2545539348104829
0.6709289879965485,0.9714649738536311,-0.4756347099875884,1.103525757694894,0.6340285706627448
0.41262820669729733,0.7193930815720259,1.2158985945573548,-1.1118712105121675,0.2503835502697408
0.6657304021231623,-0.4646753146614697,-0.08947065138732495,-0.8948455136489717,0.592614224484858
-1.0689449912523605,-1.511522941782605,-0.47093140011643486,-0.476004879934317,1.5384496429276533
0.3141089637101704,2.5928463653421447,1.4396828898826746,0.5421533754103386,1.020475884630527
-0.44899627747686455,1.0542663676453545,1.3697897263798533,-1.1760377829171385,-1.0539322840532477
0.22303612322265634,0.07671971271475736,0.5637129202412763,0.8075291882918387,0.7417165201017508
1.5612557357662993,-0.130053720876826,-1.1419818788434686,-1.6147588302444287,-0.5999648921439033
-2.982281099038805,-0.0014579460725026713,-0.9248407009589751,1.059151037614214,-1.6784506697821395
-0.167693269527795,0.25974847467609274,-0.8079697225603442,-2.92754658491017,0.6332014068513483
-1.3337386379504068,-2.7045257752835132,0.41430710380062713,0.11380515199119073,0.8284357177226883
-0.7318039211129226,0.8896220987165495,-0.8022487270160973,-1.1314304608158106,0.9636987615335536
-1.7123655977470982,1.1370229473370108,-0.1470749648224837,1.1020948931166052,0.44092334582462983
-2.1593560170101314,-0.44091076548247243,-0.02332581265397206,0.014366760181876954,0.0020154442038817703
-0.6851260488514673,0.610094626225037,-0.0011701420200663877,-1.2589200377706642,0.5554486717087823
0.1050586071855985,0.9164517768424725,-0.8944777340072684,1.3262612163269822,-0.987728209689829
0.07292009838620298,-0.7276871166577842,0.6832977155554507,-0.02306121211394962,1.000379489969873
0.36777210891518103,0.12668959860486778,-0.1642268746840378,3.3574300317716017,1.671577782721869
0.45639559630350945,1.090147094951532,-1.180460220307018,0.6743187842923132,0.05432432170152987
0.7776821884746217,0.7108750160155572,0.48692963040345355,0.2314187545424066,-0.08169813136886978
-1.8028184843471007,1.7411276518207806,0.673497553764834,-0.8089088695532384,-1.7382029114703321
-0.25824378680628407,-0.18469095909914732,-1.2127739484654945,-0.989630376599046,-0.18455331775153264
-0.5616463948844549,-2.346048157189311,0.2945908510803348,0.3494446460112179,-0.6858974067852843
0.5373856392282592,-0.593683398620605,-0.8397935847445864,0.5300222934028265,0.8434934892165604
-2.4696284719547625,1.5519178774751272,1.6660294589013396,1.8692463561942554,-0.8677346841701783
-0.962341333535235,0.3059339373125912,0.6712856362262806,-0.7548933389916146,1.088203016171911
1.772549598502127,-1.5754107107612736,0.6101664798295817,-1.2396395819264563,-0.16951132065940963
-0.5081168567548584,0.4411678019641523,0.19862954432457683,0.531213143467382,0.8223088030882862
-1.3123230867953974,-1.8356269302379458,0.24412447911669746,1.2990152591991737,2.147723772054445
0.43562338616129004,1.0497600448249023,0.2723041559842725,0.6953747953624627,0.8172243625616715
0.475309382978489,1.3639945533040718,0.4638347304920366,-0.7162736868360287,-0.8797347504145147
-0.3191027545742748,0.8298075507085492,-0.04454416214278499,0.20123515851264312,0.09664986156026702
-1.3030262646823134,0.39838148617233704,-0.9626723247741408,0.2145038279697676,0.10176044588522566
1.832147517223324,-0.9493104548247722,0.4055709388638426,0.6147264603758754,-1.051220863617701
-1.0001034436989542,1.655514735772201,0.8533596677818669,-0.7035172223635734,0.35126395280975153
-1.4756299440150595,-0.3855366065355522,0.5795204791235513,1.294307353177371,-0.31529130727299015
-0.305979837590522,-1.8665285849468312,-0.8881454680302597,-0.08762109199210831,-0.06731502999693487
1.2405103208873391,-2.202935505647756,0.6990737345673764,0.23939141803526298,1.4544243288458216
0.49740420466282426,-0.41644988448341785,-0.5127346801744695,-0.983027860394132,0.23778952980985374
-1.9868708316962869,-1.816121037559463,0.40684675981262763,-0.05037838828707192,1.3259496030258147
-0.9297799842987502,0.5342219067262552,-2.424462760315073,-0.3424563964730483,0.60284572709149
0.5265099617244681,-0.40620347353808567,-0.09404667124230635,0.3550772672791884,-1.1037868339265453
-0.002536451615556234,-1.065188450174242,1.4910965664200622,-0.7357994824721905,-1.718605700854934
0.6550006771309856,-0.8873202693307586,-0.6271155305776401,0.06045201287535023,1.19792132729595
-0.6963515666340694,-2.4482412572052605,1.1468652703035414,-2.562390912945128,1.5639810370431195
0.9396742458360474,1.1241006375339133,1.0243560699185605,-0.06694128379005697,0.41423809034980186
0.5949300218154508,-0.32470546429059327,1.4749314180242323,-0.42290164235583233,-1.1779434754581835
-1.4965935887985524,0.23904796313908122,0.24626741352965403,-2.92577916406923,-0.47843878307981647
-0.8089217712205433,0.08053070455167255,-0.4087123552030918,-0.4058286458697104,-1.26796438059945
0.2320171848910285,-0.40584633323842334,-1.4982905398971538,-0.8504521236727913,-1.440602573521597
1.3545237115089566,1.4116058090850305,0.3634948955399666,-0.08541807078754624,-1.1261427082942541
-1.1670981993389407,0.8410567227963132,0.3268116638988257,1.318373652325998,1.2090556387323332
0.6960766972318478,0.7854116153388835,0.749736464198114,-2.2920699220707674,0.22847876499570516
-1.261957564407209,0.35571578819184874,-1.3262155439778733,0.11459495466283184,-2.6291977533037416
1.9219451443562618,-0.9871032875462,1.0394326090664987,2.2374581719977917,2.3998399531071537
-0.16648228961186354,-0.30374182863075255,1.8322739001143395,-0.2226588029589128,0.8035145551970534
0.22553204146991096,0.3938991849321665,-1.1817038391232826,0.24170272157609826,-0.42015465693934667
0.8088283858241107,-0.7115143792864168,0.6401411406499868,-0.1665900253774157,-0.24958209917117388
0.8544551400397583,-0.19434460874713957,0.5648385772463766,-0.07856410192743714,-2.253284021812711
-1.1310584157118229,-0.42820314268789395,-1.35184866183324,-0.20381696031621646,-0.6951139981541467
0.6684205405093283,-1.5101150221121418,1.3195824960309008,-0.23635173316949948,1.0984760318442859
0.12840487328748443,1.6060930395507562,-1.0688155607028513,1.6771530212772727,-1.192022109289254
0.125310544527466,-0.2154122234832913,0.6719153609174855,-0.3852505094153967,-2.1631612633670163
0.7919342211941219,0.42871124676145717,0.8526934072021826,-0.3101025866806917,-1.4718782042884748
0.3807799654631572,-0.04575783325744564,0.32253271541962947,1.984352151319017,-0.30819920365094816
0.9928188138521303,1.6227753190034104,-0.579530539322314,-1.1298073229501926,-0.69027351755636
0.5550288949678998,-0.9932872134624986,-1.0361664023525528,0.3744495065888327,-0.9809452927921894
-0.7272089400219173,0.2798328334655094,-0.7924265795141336,-0.3038597775537355,0.2547439858973731
0.007944002759742884,0.06595726155786988,-0.5898492852850149,-2.134852420947604,0.4989614944733223
-0.061768833757697685,-0.02969851565931578,0.802509009842913,1.55804746149847,0.6688276097954796
0.5872363364579667,-0.4471162045670098,-1.0895661493773374,-0.49864641937075965,-0.3775571596754654
0.45684054997549006,0.9828833203221222,-1.1743277059707056,0.45714388191682764,-0.14834376440503058
0.08154637806850747,-0.07675723464662587,-1.1213316293870221,-2.42758472449923,1.178546588012156
-0.27574753207427716,0.3925049049765258,-0.1477950036486497,-0.2049582053082049,-0.11974218713882111
0.2069361192087281,1.7296492207069802,0.2684813997080382,0.1524929890616125,-0.12916004273499856
-0.21933514001709487,0.5639649629728851,-1.193023740029514,-0.0014355766613388936,-0.5139808734298574
-0.6198371473652144,-0.5349169986985667,0.4339576017777448,0.07682159561855315,-0.8619713896094484
0.6600057314806923,-0.4894518030629727,0.6967507689006676,-0.4411220738390192,0.9812729983991417
0.39521956970698524,-0.5831389238984719,1.6680589502831384,0.81024136258761,-0.25489839213019166
1.034180461951428,1.3578087210750163,1.2344972582473785,0.14754428765587047,2.125524540541498
0.785614222407519,-0.8021048868347586,0.4807967110484352,-0.13200849127789335,-0.9879275709917663
-1.3997958806264625,-0.3933987490047944,0.288831348082006,-0.49581556287696155,-0.004271607539216852
-0.47311432584357166,-0.8864119672243372,1.1655715009583236,0.7974166063906211,-0.018635684200468683
-1.3055871538622568,1.231622739863812,-1.1265063804028355,0.6716379834979243,-0.6777756050632795
1.5019114436271783,0.3178519216132388,-0.12280143829179344,-0.9300361030823923,-0.08854313861711538
2.4544357394167315,-2.8931563939639107,-0.5151318738771969,-2.7584013733156096,1.8271280956708327
-1.354268019985045,0.07186500348589495,1.7059039636064075,2.0421956598954107,0.5324435022782861
-0.3380893453887926,-0.6920523992476789,-0.2110228568784702,-0.5305206735307463,-0.8431576518892435
-0.40769011186983034,0.20049615477893676,-0.7546074665683569,-1.2008124287727029,-1.2400261494394638
-0.23160017912782827,0.5340738801393673,0.9319288334710675,-1.1188500681620728,0.05494153696109943
-1.388062448517084,1.1669674368372942,1.010229760905882,0.00512647725751951,0.05836526917071912
0.20576740198500945,0.010211335443616998,0.8119368362631141,-0.8357515488578888,0.8980524900661029
-0.7184389166310491,0.9328687045155891,-0.18083043795162543,-0.3170190386467094,0.0016335175193441754
1.2582303381019144,0.5543699486409205,-0.3660754490768992,-0.46458904228830544,-2.2997856301362205
-1.570605158603519,0.7419734652332324,1.745758890707493,-0.002555655673918136,0.26471401489477714
1.1533603838821096,1.0275836595535144,0.6458426692016686,-0.5461869043783756,-0.585522604352159
0.17580266508815248,0.17344344459386557,0.1726104508553635,0.013015133551241483,0.4128184050311873
1.3591940620300917,-0.686786740461176,-0.5569862709602077,1.1325858995916602,0.601458100625225
0.21273063671502915,0.706643209760675,0.26205399034120713,0.5404158934458809,-0.5746913513694201
0.5357839623519587,-1.0525338695019177,0.42989811862547556,0.1054425307899946,-0.8778976049754441
2.35050597134845,0.18488278908150008,-1.4673263226160709,0.8077525087077547,-0.13604780666954253
0.9742478647987654,-0.7493705589263321,0.074215442033054,-0.6362583518186111,-1.6348359275949542
-0.7792813718509721,-0.8105681268491102,-1.5655464796588365,-0.30793085777527995,-0.050786187985889436
-0.834051649175856,0.8090855072617313,0.2842457964701594,0.4113376648668474,-0.6610564389831434
-0.12894334937029325,0.045368459313380655,1.757723740908475,1.2323339218375338,-0.8368372849335718
2.9390414721947145,-0.5150810834286281,0.445258322433717,-0.436813779260403,0.8706836247027289
-0.8322425340461114,-0.19791859375046345,0.10518138133188444,-0.5199204222247132,-0.6441773311426328
0.5620050740497112,-0.39457164230031655,-0.28561027535801453,1.0770610919164243,0.5018241751876613
0.7710770597958653,1.1791901418053512,0.34545288960710546,0.5354337486690214,0.5488603371751328
-0.6178280211327316,-0.4567266459507159,1.867238735893499,0.8288793070965405,0.6176327534699806
0.8677640079549399,-1.282817674009448,1.4082797258262054,-0.5534113961823411,1.5711141001342808
0.7702086246988464,0.888022032872262,-1.2001727434817986,-0.7819524894674892,-2.7210663588959023
0.4854586953203844,-1.0007949951101258,-0.31368915035127815,0.31700494840404747,0.7103371074923215
-0.5493962515829415,0.43434113458419393,0.1791637637004107,0.21387521322649705,2.1700323202949474
-0.0052958156802405615,0.5798079839447224,-0.6896941214608125,-0.10954571860521951,0.24057602416151866
0.7048819007749415,0.9354396526289978,-0.8543189729325844,1.0179556345030596,-0.6377969058246167
1.293577402045103,0.1524709251777436,1.5468433521121074,-0.558610880054707,0.277029118145674
0.18959168765858447,1.6017419364094756,1.116322113072018,0.8730233651469419,0.12205202899397502
-0.38027213266842985,-1.5272950725884562,-0.5180822127408025,-0.3364013618491904,-0.2741705167975
1.5119975338962324,-0.35867978802394795,0.603882829388309,0.5117212751145177,1.4519536758661975
-0.5791310837859865,0.08537609309696435,-0.3756149489302462,-0.5949128468063739,0.855568427578368
0.992253167356416,1.108784053533821,1.159988323526033,0.34655548659821905,1.4344319537943542
0.8219928658734252,0.3639934898484707,-1.250544355161103,-0.3823861620218274,0.10677034825995586
-0.6692385923744494,-0.9916860901360561,1.3154956131165532,-0.6576923986794301,0.4691906956172683
0.14416133333284814,-0.3365301020547045,1.1109682401677514,-0.925999876686059,1.290555173188661
0.4190753834035756,1.092059888679904,-0.3373405214852998,0.9653692199787978,0.5041512259604306
0.6933119253907011,-1.5369489076713654,0.431316012224552,0.24780947099652215,-1.694751267352796
1.0294330412025385,0.28270244712535825,-1.0289259563870055,-0.5535161782315825,2.344229623862248
0.8766294294803777,-0.15140700083008768,-0.29591573334266935,1.5381446454880132,-0.13803764024614365
-0.07705972015258769,-0.6314402828730576,0.038996471093396705,-1.1554685760897816,-0.1904391906918262
1.1995063541658,0.4724082167069042,-0.11336612966683479,0.2744337413980324,1.750132567258429
-0.7720364891712788,-1.0091781087084852,0.02689717016258956,-0.6210380971823393,2.1320488053317144
-0.039657625723958374,0.21886521695535915,-0.5730581101118182,1.2385871334302176,1.166606104875649
-0.8691136550654218,0.09102133357507856,1.0503997179949114,-0.11593619881716871,-0.07516040622562672
-0.5918252148916199,-1.4153333680597002,1.4384439264712994,0.4431964803988212,-0.9575370308198142
-0.23253555899748002,-0.7901256763083286,0.5638955563703621,1.5445484363665012,0.27414772733204257
-1.0205628921274665,1.0563317453786596,-0.13091424951049835,-0.23113938004973944,0.07563637586491499
0.8503755118525518,-0.10112025283641067,2.0642465927221805,-0.5538780807980748,0.966797068342972
1.1467061574240032,0.30643860182248306,-1.5321042030375038,-1.2471480528976928,0.11871879529239164
0.185402600255985,-0.5268459915630834,0.36603600554947396,-0.009953381826239718,0.641818507566672
-2.217444785783016,-1.2970485922839825,0.11484911105276482,-0.17555936646072165,0.28473841258116916
-1.0770127565242436,-1.9073832925111371,0.9914834479897177,-1.5351096350337219,0.20777021091363088
-1.4162090138140766,-0.11481620401187836,1.8043900022992134,-0.4996694962108775,2.2727099700912077
-0.755176486094694,-2.918190537629607,0.053748023683196956,-1.4252782907002945,-0.7536181523330345
-1.0379684726982563,0.21058909455807445,-1.337548856476749,-0.6417127085685426,-0.1819871014596309
-1.3574880087979004,-0.8508756961308526,-0.06349541316643321,-0.7657682014326501,1.0248192417536026
0.6799731217604562,-0.07168179432656226,-0.41940685586173854,0.8524770028709829,1.7756291060072618
-0.1443868788511169,-1.4126443203435735,0.027036978652531938,-1.3608604598396776,-1.3619998960678599
-0.587807424557154,0.7034136519381258,-0.23431489628356308,-0.8329991977232246,-1.715160681244942
1.0109392927741008,0.3600739689120039,1.0273070548822425,-0.9351876640226949,0.16109960787704797
0.49306250610862207,0.5678843264200741,-0.2520849465680425,-0.47230588245079935,-0.6679725170786028
0.5093589808962775,0.43772913264441426,-0.9955395510453952,0.10137832903696478,-0.6340286726812463
1.5769824306633338,-0.42127285380970925,-0.22647152606568458,-0.6767737029054247,-2.608034906468753
-0.1870898103489987,-0.25921127275519645,0.24171620549984713,-0.14227714670761893,-0.6230839803069722
1.001733179112447,0.6172073207266847,-0.14885340124234214,0.17365026412163667,1.3853560005219612
0.9722758044155612,0.08516783203045905,-1.607297593023826,0.0951490770465437,0.7907696111159579
-0.5817656936756489,-0.8752403936690556,-0.28634042728997516,1.165900879858576,-0.5598377175985958
-0.20432862481138306,-0.20780075884302282,-1.3148327618884343,0.8472360541053692,-1.7674004002287387
0.9500999782939528,0.2647197242729924,0.5355879748908152,0.9101450778295422,-0.7665952277108157
2.2457229934266794,1.0977360112105061,0.45398381613158245,-1.3984449646248747,0.563462486885438
0.7371572172513181,-0.6675424071466274,-1.1836315356279858,0.8149955671974436,0.093122826030804
-0.7920240668544751,-1.1328648843622027,0.28450800798383497,-1.6451584934918113,-1.764748876333666
-0.1557698401685545,-0.9318803366377392,0.7921290268981636,0.5879232805957902,1.158835920062531
-2.439907302377554,0.528981140543923,-0.4470949004918345,-0.5783133397904612,-1.1507509667089937
-0.030742580069758205,-2.3940455922555137,-0.16411307902483882,-0.20266299819908867,0.07540875242561797
1.751406278419235,-0.753822432185121,-0.5643923729990036,0.02283168786150757,-1.2981576882676682
-0.6948531173121907,0.5380915393515097,-2.4282471692738965,0.9337361179152025,-0.2789533562830561
-1.3388499943653316,1.6636762311406967,0.6245346195670999,0.5250450966450085,-0.32344890578581653
-1.3010376027360093,0.33428284936425917,-0.1247878772401135,-0.18257803772050007,0.9372366479870599
0.16530949093474276,-0.27577234222822766,0.8979512838562062,0.03140435863531977,-0.6619570537211583
0.13171134692801373,-0.8640048312552979,0.5132964097189443,-1.1524740690396607,0.5084154592521257
0.4257001894844099,-1.4919081110848489,-1.389692563019102,0.9844444529782335,-0.4051856313337627
0.6134580534361171,-0.4102279533861046,1.2603502917505667,-0.4395948375852303,0.20490608532101426
-0.44360293760576797,-0.6924653341196164,-1.4779246411912106,0.5798540472488177,-0.7502761997368593
-1.2600506405316676,0.9258426582932799,0.0942542210785261,1.113755576731524,0.033808646327182064
-1.2122610824488578,-0.16976001101681157,1.5344270434703262,-1.6395213086977056,0.6269633887446352
2.000624477615915,0.6621086668283617,0.011313954650152011,0.8543869338539168,0.9670504015406987
0.5281234903477453,1.132068976326763,-1.5967903088645792,-0.8484859387853708,0.11005542686317696
-1.6511381809335166,1.270075738814999,-1.4643907043500624,0.5837014416663897,0.7429534985991678
-1.0424659926195117,0.1767011609541025,-1.1943115762020948,-2.1024943130521367,-0.0985578055598107
-0.1486134150915892,1.0478407486455006,-2.0248814322271214,0.21810839568527146,-0.46800183651565175
0.7132273033458878,0.10098890959290249,-0.4851102197698767,1.4345357931437368,-1.5162413917035762
-0.4919494848811416,-1.464311514437374,1.5666761479445779,0.21593030902378485,0.23504795797881664
0.813318403599791,-0.3032030406825092,-1.1663616321818724,0.5774440873551548,-1.0190591711200596
0.9153648240842881,-0.43192106032616095,-0.9772237903995807,0.876830584627836,-0.6767058601230823
-1.8469165061487276,0.8613038090187837,0.930100759674728,0.6187635673839295,-0.8213342084369519
-2.027295031467503,-0.565466968611258,-0.012246184545464103,0.049176984854171914,-0.947333611930888
0.499550570522877,-1.2178603149362563,-1.6733859844893542,-0.012862583227653471,0.9059148454200118
0.2621995367015751,0.9104126025008838,0.4629181220606249,0.17371374870385564,1.2124247355539113
-0.20972608286730007,0.28885196849966305,0.5299748627654396,0.2089690944880664,-0.06350070050036993
0.39496357177761865,0.048667947372217954,-0.47599548028789446,0.3931056806630509,-0.35925525107902545
0.9666992900968207,0.2994057741521903,-2.0899628761625912,-0.9756789684136776,0.45890693803256916
-1.379148148907705,-0.7696335189067708,0.20954919202230543,2.046930789238885,0.8441511926453104
-0.007532407777270849,-0.8633037323749178,2.4481410064697893,-0.5670535106936834,1.7890789828724536
0.4760471959002919,0.052796137610888555,0.40574182042813817,1.3275841430216986,-0.15934822384890576
-0.41442402202053563,1.8190513604351775,-1.687717808124864,0.5718692495809261,-0.14948607060051994
0.4769772496808918,-0.3631106105980838,-0.5787915630539896,0.037862325479030456,-0.05063281083548206
1.1333990654265385,0.8416180583733504,0.1308707700314445,1.8909905421854076,0.35206521206104524
1.441563815141835,-0.8341370757329877,-0.5921149382817723,0.03097341797349752,1.1697593923278822
-0.7006199298809036,-1.670728242514092,0.40151286021532384,-1.631042063080251,-0.9623577052313905
-0.40657955034676707,1.8803530178158336,-0.03166468381743508,1.1179498626545967,-0.2773276854371559
0.0002832641798383482,0.14716496745330415,-0.368682095526181,0.10976401934110668,1.274524203748369
-1.0477065484457857,-0.6844092857290999,0.6853564591783824,-0.11137801112672875,0.2829265404750385
-0.9032538284260471,-0.7482799314970823,-0.4125360393820741,1.6027923995537077,0.7140209131204318
-0.9537847937133457,0.8026377011110333,0.6710919203975633,1.0464530406158863,0.07288304632835518
-0.990798950489554,0.3399276677409449,0.3078576563101106,0.0902867115481786,0.7702475595457199
0.010398952635184715,0.08833264039897963,1.500904288898379,-0.15950456948801342,0.8056511221131597
-0.36947732445507886,0.11459461170725384,1.6230008894667272,-1.261010624380875,0.7485879422852718
0.8916604768538088,1.0844343095050417,-1.8917575824841386,-0.7474682799997734,-1.482664260057887
0.3137121144897213,-0.14619315316452824,1.4331245119995142,0.027474920508310026,-0.4545760286130446
-2.091480419872112,-1.8283197800337498,0.42123257725240315,-1.3953035467993276,0.3218435850296301
-0.9477504857608804,0.6873273070784978,0.5869671901650693,-0.1955511109097006,1.67493370825127
0.6496183170736994,-0.11658857409212812,-0.7128205738348372,1.9462503500043526,-1.8559188397645001
-1.6040324136952415,-0.597526450028565,1.6394613490223304,-0.3574224148590721,-1.3751436771697352
1.4504079831710202,1.6728442013280875,0.12015654209491866,0.6390660521939989,1.184143254285605
1.4719676921814118,-0.45232918685656953,1.4478505739010061,1.1542606087248597,0.2442077904098348
-0.9648032052747418,-0.8467149966073029,1.5663114086614924,-0.8783835986117405,-1.3755491331829426
-1.5352647658831324,2.148293003109296,0.10963722512059093,0.1642403305435227,-1.4208965646391756
-0.2035445540281444,-1.5725724434522037,0.9195750858095109,1.289616269536021,-0.08110236842663035
0.5693256044729009,-1.0689704356838527,-0.6038178857873006,0.3081876094654019,0.27202309971725436
0.613784781372287,-0.2714101616871935,-1.992280524635725,0.7531658036745542,1.0735682255733618
-0.09673842254263999,0.731722118970638,-0.9227056902360684,1.3717279067379415,0.08406255860131077
-0.41312143651320804,-1.003820058715768,-0.7878465640406672,0.49165441578777885,-0.5585474545163521
-0.12304820489993,3.2228954706792194,0.703588263548673,-0.1943923747187652,-0.14398479937600606
3.451908450163387,-0.8688907829742636,0.29012265987709485,0.5039625664137407,-1.3790830988252052
1.1804111217165714,-0.9150560991736858,-0.23411395703248442,-0.035403914453398556,0.4105755185952078
1.4839584004723951,0.7346315285278158,-0.7790477064090091,0.40145444237353467,-1.445823040704902
1.5488916653434175,-0.5336926179650918,0.09629310622179985,-0.3396164070518513,-3.1896998616390655
-0.038833334903914274,-0.5815922199251004,-0.8785353866080416,1.5790994647304293,0.497381382764323
0.030721241221672132,-0.011024045370489238,-0.247235982165645,1.7223535613299297,1.3219245633122105
0.7151241439610397,-0.11640577438392978,0.9678455314547573,0.10786739113466591,-0.9042600688603655
0.628464099400139,1.3227667421363387,0.6447396967658805,-1.6425040514707,0.22301867523184798
0.9576919458145681,-0.20168364394397728,-0.6445411017688853,2.7689781059108487,-0.15421468007778613
-2.1691761636586944,0.6424819565373922,0.33527007571171685,0.13482107044342886,1.7675371274566984
0.11110091005023821,1.7488437336152163,-0.40912542331309804,1.000733809350953,0.354171659780105
-1.5420344429115638,0.27807669517027245,1.0172901926270805,1.5088558488829522,0.5856708040387097
1.499950747358485,0.06889746975915623,1.4316565639116607,-1.0313249267724183,-0.15534613036186054
-1.1312909044131954,0.6137815822807009,1.1704797436884034,-0.3480515801640653,-1.5636705491319245
-0.1014188162311669,-0.5538143413559273,-0.1960785226904845,-0.884827251124266,-0.3246335515478665
-0.3214612749276171,-1.2912935728343762,-0.15529730863262062,0.9743485770692121,-0.3283718405917384
0.24204383511038893,-0.9279019517854961,0.483755008743986,-0.6354505806813516,1.6976421784934692
0.016361985137957943,-0.5479166576195847,-1.3743658231524505,-0.6844160817979766,0.5696524081666912
0.46933438377318404,0.46536993183776537,0.6357568058564776,2.1181166147099426,-1.1421479654803188
0.19568446870940126,0.7394443316670263,0.25508827912378484,-0.3988409309546499,1.1805530091291339
-0.1772049455112985,-0.049919615917505746,-0.47645239457321925,-0.8685636037144843,-0.10364375323859812
1.726198937324984,1.150414202990874,-1.0818861154281065,0.4420837357792232,-1.4436062912647019
-0.12293681506739716,-2.501477849840869,1.1355827246863062,1.096311010547334,0.6275086847332867
-0.8757203487691163,0.3517004121860555,-0.32620311283976294,-0.7538892164850625,-0.12342976539996554
0.48876087240024657,0.8634653843726074,-0.9382927121086097,0.18778095739456804,-0.578195433294283
0.31891732445555515,-0.8869475470804105,0.40946504173582504,-0.9021233355522787,0.08990910928661373
0.9096579850264985,-1.2462549192365797,0.05497329373912224,0.05603536642808272,-1.175202266039426
-0.41303696924921146,2.012912948773189,-1.7125082007000894,0.5678267070222504,1.576473737223504
-0.22696862557323516,-0.26308808385171856,-0.5609156352242962,1.4171547271596543,-0.6233616639696972
0.23378164938703763,0.9451107349293163,-0.6488182456176319,-0.40678863373304314,0.01939091533446514
-2.2371454740603194,-0.3148431487498732,1.313762752891726,1.483667812095865,0.25351126516390726
0.6497918248378158,-0.9893724812178148,-2.187892759988517,-0.2340927311920626,0.15620011521062543
2.2299105226682405,0.5888275203734583,-1.159581978234836,0.9376314469158527,-0.28608230856453476
0.17273303853623287,-1.024158452316458,-0.23372958188800075,0.1581251101171239,-2.0998422311635174
-0.03862987072916867,-0.4819543050339281,-0.6642429581631436,-0.2916662184277143,-1.0483514562641194
1.0739709204686128,0.02763040600201685,-0.7461017268533489,-0.4249104693404195,-0.48441533156004624
0.9446888193777403,2.396699599782724,0.9076919311676273,1.2686149669860378,0.727738158264655
-0.9746725517276484,0.2899767314222473,0.4744771183330973,-1.9097082595493393,0.9373308310996992
-1.6130536156408304,0.7050132620146173,0.9614779384299934,-2.048250594421653,1.5445366139189327
-0.07871879231177104,0.4951864094564502,-0.4196377363016213,0.6703472460074398,0.41071798764975503
1.3166603787567794,-1.0608737941807618,-0.495899269222344,1.128536084088776,1.039417594093001
0.22844689908483132,-0.0703573543909794,0.4838910750854597,1.4579450111713053,0.38925530664186564
-0.47591764579805995,0.7968018152627178,-1.230006778095455,-0.12119502185522565,0.8001287004022257
-0.9353464846022348,0.7177768920419879,-0.22629434604650045,0.7646197515752474,-0.5074005718869197
-0.2181720191760686,-1.4592323908682177,1.1951659186604828,0.3098940752390835,1.5888534437449149
-1.0438350479100003,0.5790415373103056,1.2974801546045869,-0.1124060993769138,1.0675842639618025
-0.015958746147628138,1.1650579308297286,-2.151346749476939,0.7469757895445077,-1.136767891183695
0.6768749571786773,-1.2202825030962352,0.8882063808147483,-0.4670203142714606,0.8214920743451588
1.3270863897992158,0.7752606098168214,-0.7123751079202115,0.3299359933893203,-1.5343990552064068
-0.38742766491175384,0.17517437814022474,0.5100592948388921,0.5655844322172419,-1.0464715130756161
-1.1403483608955678,1.10059107052856,0.6089579797061214,-0.21567939347758996,1.0203449104461408
0.3663061250554144,-1.1415621620407246,3.345868878747766,-0.6559642012661101,-1.2306669404246504
1.751381074375885,1.7286956137417546,-1.1644179291144785,-1.5482210766500442,-0.5153124026697423
0.8624253627040908,0.2101040950416825,-0.13196580369084984,1.8227282758464602,-1.7021774899992141
-0.5619190983460267,-0.14995433703681302,-0.6782421847767617,2.6697498434246536,-1.599027682227596
-0.18365481720370908,-0.08100452034279247,0.30700792486284195,0.1499567680832816,-0.8972288483416265
0.28061554259754484,1.2282861797105828,0.5312416832132525,-0.9243393146627458,0.09873202814087437
1.1707675443892427,-0.7638313049784197,-0.18109951201090593,-0.8117041193019034,0.8590476397579885
1.0765684395725157,-0.7512681504828225,-2.3277240711004876,0.7451011596418241,0.42939596588140216
1.4632236830314262,-1.7960273045902964,-0.08522825185755634,-1.1283825534774072,1.1759169982118345
-0.032143759767891765,-0.3831423170463484,-0.03952537783934614,0.25952793543344926,-1.9329165550568894
-0.7052032398204496,2.0313445464637336,0.02271200833305881,-0.6272359852127919,-1.2825511631810413
0.31445444852415083,-0.4308982583226557,-0.6714204824226011,0.8667870533788233,-1.2398389434877213
0.5625272757654544,1.326827389203099,-0.5735110267138698,0.450850800374076,0.1849062954856271
-1.9274273260589692,-1.1543455569443164,0.4087143228295375,-0.15542417566674627,0.7924885794475832
-0.14291003177710582,-1.3556691497533502,0.3087834106191125,0.6109201911365059,1.0211946903759137
-0.4618767887309879,-0.27227877985907323,1.3657040072475317,-0.055674318060795744,-1.3578099393402883
1.641347940902002,0.8769266095492758,1.0280258106042086,-0.00900776499443743,-0.4214113285312837
0.4350024301165381,1.8379100743044505,-0.42036972695843583,-0.529318223524669,0.44939559816835345
-0.40438703814623583,-0.5346872900167546,0.3878642004786473,-1.4398021893702933,1.373581687527274
-1.0261507754957757,-1.9483042011512954,1.7114473740141063,0.0458445869586237,1.2886960418963633
0.5196077351547844,-0.4335033501240952,-0.3565795025213313,-0.2838860331328698,-2.5818512592770615
-0.6706321148383357,0.8200461059264719,0.1388664808577747,0.36103597821327993,-0.5509502821845572
-0.43001952661177034,-0.004594438798893113,-0.7073522524074194,-0.7049290514661141,-0.12462806470949979
-2.0459186678701693,0.8165267300800972,1.7237994451190122,2.0653340151789408,-0.25264661164377256
1.9001566756705837,-0.6818653471678556,-0.9531439899394766,-1.0057625019384473,-0.2289898885085883
-0.5130436877799551,-1.8506433141743621,0.49579365458947183,-0.7450047190846872,0.9918801202170381
-0.8520795897463229,-0.6907436261187544,0.7968301119871968,-0.6994891986755369,0.6914021374064788
-1.311690333881035,0.21126383050340292,-0.48310013252591105,1.4589561121895862,0.012268962473145895
2.4686855901803475,-0.3131400256868766,0.28830451698994447,-0.03716526518207087,0.5870704128365017
-0.3583192097380211,-2.873732859656923,-0.5974791090174388,0.6246245459039698,0.23297372610986655
-1.6927687777654028,-0.7111363220870559,0.22708669698762637,0.44133507714143233,-0.32587132148097403
-1.6490037802689987,-0.28231434581415343,-0.04883603526494359,0.5873489482671606,0.7617417482447258
0.02415285647756585,-2.313087952004678,0.978961850940155,0.559527155102185,0.7006515860357655
0.44582965803823177,0.5733038949689598,-2.0430913417102716,-0.14391860189078723,-1.2355258497684827
-0.6687095054369581,-1.1710987287951198,0.8758690261383452,0.5908525551568,0.2926682632492043
-0.3712427606734103,0.3803215922565143,-0.6902160085350725,0.5580603568614252,0.25066558527083044
0.5221038426222966,-0.7226740503564125,-0.4423464461771086,1.0707685937662006,-0.6504497043346015
1.0353050098492758,0.4661060834840724,1.1253242672942392,-0.4135811576828604,-0.27656583736805623
-0.7072915343498078,1.5222514831621,-0.5716004591241455,-1.2809171530604262,-0.13997220541725316
-0.29378178348982786,-0.0837146119548091,-0.5975696836547957,1.6827404408886164,-0.3363284958351637
-0.3707730699118798,1.7681569438750568,-0.7750012838502867,0.5188104698919445,-0.20447869941835278
-1.8451753424562476,-1.5902796825336347,-2.1828344315711936,0.13981718742605406,1.45403676653723
-0.7514431548202972,-0.27495924499911684,-1.713835611160525,-1.7382870544316844,0.43016105729130283
-0.330995814841462,0.6788069961891107,1.0131200643370524,-1.2574630110980878,1.4152927683089114
-1.3344676056918672,0.8108560264211984,1.4201759349674288,-0.2244247711395292,1.920846475656967
1.434258320254021,-1.6064210979480094,-2.3649505034151193,-0.23706860265336246,-0.10879487736886574
0.9833090395497125,-1.2482247325253457,-0.8542032417064529,1.6162911904202188,0.8038381184441175
-1.52686805711556,0.15549963440175255,0.1730399163672279,1.7994939469984195,0.584040470354954
0.5453672116077584,-0.5266697583873622,-0.08363018253724608,-0.17169839759270997,-0.6449985138107748
-0.9185733720564719,0.4504047124651564,0.438259706457301,0.94111577582104,-0.19686428524510824
-0.039899839260701515,0.3213319652656473,0.8088424406799121,0.28042192779546077,0.7906794228067741
1.1793947388078216,-1.2254091983049604,0.014786936647396247,1.6072703194810325,-0.7547102480835809
1.095106055253971,2.2515425610787787,1.3042368864796101,0.5559967276312722,0.9547050645929629
-1.0791804646197698,-1.8397050497505356,0.09770338073488798,0.02641175787270128,-0.42427984836254673
-0.463579056696976,0.8722479526911245,0.5192981175620149,0.6022174479090259,0.3778101148619894
0.815973154093807,-2.1384631660535236,1.664169611922546,0.6007810246873524,-0.3456304255530545
0.11414413967131945,-0.35485515268736806,-1.325754491714286,0.6097758895596573,-0.7160335308472879
0.21693612251357394,0.7972212863180199,-0.4739445110236314,-2.3482853463465116,0.7553870815219235
0.33877565844399327,-0.0456408634547431,-0.7027105074683518,-0.21944499413028742,-1.669270507782201
-0.2932187996955753,-0.33384082727907294,1.3061393836607917,-0.4120189426523866,0.7347839355848235
-0.7865444787363921,-0.1863057570875929,0.6199825885338329,0.6618249323684801,0.05886831872918292
-0.41668502909127003,0.7450983882303378,-1.0789455042160148,-0.19892967379015372,-0.1926572356325921
0.5478513812006308,0.22631586061219297,-0.7120173857786584,2.297816709975854,0.2523369170282705
-0.8682301682404439,1.066440560965089,1.624585406690993,0.6260877439373347,1.4110536705865975
0.44093139830473327,0.06365232894703214,2.239662463246881,-0.49493349562919015,-0.3540316668762033
0.1787759188933311,0.7759569469042025,-1.5569957444039184,0.49729848447214664,-0.33517901553092233
-0.10966795416747127,-0.7814041065167096,-0.3743459279227472,-0.5927019499144167,-0.6706870003553239
0.09765712992966427,1.388799139539824,1.2299368261583052,-1.5263646934223112,-1.7365784977868497
0.08576469817717645,-1.5116267173455795,-1.327901510174345,1.1287491583285747,2.457910843126272
1.2232195758817686,0.6518592542841735,-0.6074785251825698,-0.6616938916422184,0.5176990351091433
0.8201735263085198,0.06221504675170241,0.6639558733660286,0.4413532131438938,-0.8727696880119233
1.3948520898144112,-0.4911724094837216,1.039602292474902,-0.09358777276398911,0.9278653045382703
1.3370165181402007,-0.3718744961471786,-1.131811557841355,-1.5771474142861595,0.203761341799421
-0.25085333277136035,0.7891907865527598,0.6878092350219424,-0.36323437921492824,-1.4037333462114665
0.28450357552971267,-0.18821599036854192,0.9054254265544298,-1.0239507215981951,0.9047607864719044
-0.7735130652547428,0.035692685421243514,-0.9798327609471276,0.09757346995809164,0.6800704749791487
-0.11073620403781612,0.03510880305771971,0.5047845493846674,-0.31080289069781547,1.576991823328604
-0.05558967182256452,-0.34816880196415284,0.6793273850064913,-0.5772408740603001,0.6225320932752071
1.39433795640677,1.1179726318267857,0.260713722117764,-0.4249184533285527,0.9040893322545142
2.130219678081137,-0.33610539082789687,1.6460156751457824,-0.9076824054653884,0.6589166563726727
-0.41156944272479645,1.4263128451298748,-0.6758512464775553,-0.8484616205034501,1.9161626433841434
-0.3282814154015302,0.11295280668789029,-0.7806212503741341,-0.4248992726001911,-0.28911465901324596
-0.8993676094201377,1.3690404409664332,-1.409788861256719,-0.08237075911532422,-0.559042573207464
0.3872629962408179,1.1566278868062847,1.328213409597363,-0.3089695722982169,0.6922236638844593
1.5936419382653457,-0.40744285136490443,-0.09125838931752947,0.3433527385448592,-0.22625308667393035
-0.7098569485141699,0.11523465134135223,-0.11082471450682417,0.22689144799452032,-1.6230426957855169
1.1222804448451966,-0.08461607167323042,0.4390971266600657,-1.1532541927857842,-1.8510042466087138
-1.1870068234882694,-1.1544187873407559,-1.2275296519467778,-0.7308172086978832,-0.6318343071276894
2.1248626221618983,1.9082427476917958,0.016967683630044993,0.44700828794864267,0.6091150745041437
1.0791154540760937,-0.17079703383606898,0.5782337253416162,-0.3096280913956505,-0.011679309886688945
0.9637753727915651,-0.06940966942095333,-0.3678959320432812,1.6332322846186331,0.7296834272879154
1.4313297626383321,-0.49480064117960937,-1.053926723551374,-0.43525508550762604,-0.12178274734565078
-0.5418332956528521,0.7559868618570548,-1.123356724830846,-1.4963950439372191,-0.23163466075189648
1.286945767992908,-0.7490815514341321,1.4968200811546297,-0.41008712731070895,2.2245864677413154
0.8376546519784752,-0.34712846700272626,-0.5318184096767085,0.2035739964273044,-0.7048289843898203
-1.731006662444318,-0.1704526114197032,1.1106036150210679,-1.011168556548001,-0.30968169397291173
-0.9980668523644769,0.5963269940623576,0.011497236577958352,-0.631809973061662,1.2382696767850503
0.29957480165990635,-0.5548275484170975,1.6819001561506446,1.712371329784316,0.5524754677660207
0.7175576101734109,-0.35270656037330034,1.3727551753583638,0.27534757900289464,-1.1525201961427296
1.363628438578618,-0.7281751332672466,0.4116277357062216,1.8472469991169465,-0.7455060161908518
-0.44520169677022814,-0.3655092854996593,-1.2818702006884697,0.3410927142113261,-0.15651983737391478
-1.0517569591160867,0.48586494685188863,-0.2601929324205985,1.1835088639228155,-1.1528209812442958
-0.6790401083937888,1.7980957915881326,0.517544537267053,-0.8426812775657616,0.3719170954213169
-1.2641018371215176,-0.17770842614361532,-0.4109419586869487,-1.16057577860322,0.9815696899654709
-1.4752325507621293,-0.8935113823966421,1.0892682286175848,-0.4126294459180357,-0.6948068361670334
-0.7904601050406123,0.12013272338880213,0.42151954019334187,-1.7075040075382903,-0.6519054742978331
0.4192791846757096,-0.24323159589991245,0.24872768781814678,-1.1658903745040692,-0.39356754344972666
-0.7816966231744876,-0.6570207527317202,-1.326619544144826,0.8654473689793454,-1.6387069631323863
-0.9992364853841644,-0.7546458950852046,0.9307378674293315,-0.6266685177561415,-0.3997947932622666
-1.5174594804819341,0.7209932298377462,-0.848693527863385,0.371105315395923,0.9639671962910249
0.5800375511531438,1.5310699229368954,2.0845516666015795,-3.3911845242399488,1.1187375157830428
-0.8224446352566261,0.6857279220614444,-0.3320286198116637,-1.4376682802079876,-0.4830827958442056
-0.662338208774624,-0.5498960814651469,-0.6242464203179456,-0.3500235762026097,1.3630889533429327
-0.8510707756755458,-1.5638361842782613,1.0643061996312573,-0.23309658319739587,0.16650182816815554
-1.0428758863587984,-0.7399214190144427,-1.2771146886877962,0.6806036830829617,0.5841600606000436
1.4343965089326478,0.19914323607861345,0.3328330652398517,-0.7847003440220132,-1.0484699057204483
0.22103039730890414,-0.8221738824105866,1.969774801288793,2.1969437705886934,0.41134717713607566
0.8111653291088939,0.8452214803276278,1.265949597483955,1.4691902680900728,0.3706610170565926
-0.4870928076794703,0.7887720026075475,1.4156600532266908,-1.9625233968386495,0.8865009114100679
-0.42917561528450493,-0.9624451265464766,-0.9624565804515839,0.5608128631175939,-0.6738667924807902
-0.7119075363977987,1.4591810859416274,-1.3728794725710913,-0.2896376142290629,-1.5049331841143385
1.1711161589136372,0.7840199562250372,0.30486759896058613,0.7848422184197252,1.206959245853816
-1.378811919965504,-0.3350903260233602,-0.21132387956475016,0.9876033936573867,0.0014045035893254568
1.0621531069811985,0.8218868072095332,1.0909291412567022,-1.1672825603084778,0.6783497681603102
0.577142155991514,0.25782517842522007,-2.996588995227069,0.8304060857739732,-0.11617931792515866
0.2981203351774261,-1.224130016630192,1.8476164872487386,-2.3679905329268394,-0.9065856777861204
-0.0934801214952532,-0.06558309506243717,0.18118445900428082,-0.9544706612614039,0.1372610706299512
0.7056791694779962,1.0848036016770997,0.3630084894748031,-0.6078922794938281,0.9234449057588254
0.8654764683542254,0.3141972375169681,0.37947432951323296,-0.45776910337520815,0.9943102423535415
1.3899349803675252,-0.534380342549736,-0.7331960655168612,0.41152888547808564,0.014028336523134241
0.042327947295769344,-0.6000181654677517,1.0654378264990878,-0.5957565962909789,1.4090944765465279
0.547824917655963,1.5836080404068724,-1.5981611377860114,0.5215500530154603,0.04822128148553042
1.3409444737640845,-0.5390186464575714,0.6373321569543453,0.6368801910188105,-0.7318922488998364
0.36553020001389774,0.37579495753540326,0.1529339942485609,0.7313845325342362,0.6305788851375956
-0.1629906128911137,2.303791057397654,-1.318425334868941,-0.16815322300116087,1.1323413949402008
0.6936689823940195,0.23872466654332467,1.0153371612066877,-2.9960508853471493,-1.2280853744947724
0.08583865156086498,-1.2961324334590922,-2.949381351731486,1.5097251386261359,0.4198916799405179
-0.44034998100425216,-0.1304613413170152,0.5086107998121603,-1.1831794546671976,-0.9874619820630222
1.593024772406244,1.5185735019450597,-0.5339100430962586,-1.2678839864167113,-0.11171532105680751
-0.9899440273207266,0.20534535132072035,2.010353053427857,-1.4014537800736935,-0.2519748669957697
-1.2005580434351357,0.3558918564891062,-0.4056551358379953,1.0412918506450068,0.5346737656131375
-0.46068010374243473,0.2463687938083634,0.5127626379154177,1.6863685393996692,2.359519143169027
-2.07722493645079,0.25722522082795035,0.01235269579964935,0.08351978659557387,0.3489042309647464
-1.2475341448273578,0.505960720171573,-0.8501463008025119,0.9949253541457149,-0.7655904493207545
0.08624033652045818,-0.35993463352112404,0.8898291038394878,-0.38440782867454854,-0.7722031106251184
-0.19121370307727523,-1.8318746920702926,-1.3273410012199953,-0.7452012709959387,-1.0299431894253
-0.14980938586283812,0.67950248102841,0.5442533115665718,1.203308508573463,0.9409506403828654
-1.2665585867302473,0.4529514244902011,-0.21395122196751376,-0.6463578758040145,1.707716706022819
-1.358351604503202,0.6139999915618995,0.19586921559217413,1.1278714838235797,-0.5444037939017382
-0.44558644603392245,0.3677642027168005,-0.33434067059812556,-0.33892401145628664,-2.0503420362340186
0.7294275695745748,-0.4583491931654447,-1.0961269506416187,1.0542599292935932,0.9631815753110046
1.381671020435658,0.5593022006634071,-0.9775125198761813,0.06178225330550295,1.241758134729146
1.2481749460462797,0.571728704696018,-1.0305719036018466,0.7262816039395021,2.4183171844498608
-0.33991763104521905,0.33956139320689505,-0.9279576578959263,-0.48786485688200515,1.1164431821969885
-1.7711056976047475,1.4315636394478708,0.786964560856692,-1.8768608815548173,0.4166643136636141
-0.7298322967226524,-1.3220941183458188,-0.35254415768115727,-1.5020689990735407,1.1710430702130794
0.16677542348263535,0.5974478531904514,-0.6815354212507992,2.360398594368529,-0.795193133519283
-0.2347105592187078,0.822105411666307,0.08066966357026724,1.2465836063811297,-1.9931645538882494
0.38682231873143536,0.578117873531304,0.5751202761580382,0.8990692114475081,-0.44573203637951697
-0.6036027031407677,-0.5129365562838575,0.00458644842419985,0.1583182865737655,1.0429361520039317
1.4797062155209229,-0.084412496202489,-0.31817335097111527,-0.5522677226447914,2.3237976325723815
-0.031820695536154596,-1.446153530249859,-1.9455962076812943,-1.6520253143251695,0.24057711658826747
0.7033553729704308,-0.5863410584461781,0.9705980638031898,-1.079598354695567,-0.4329276452908317
0.6128028965732752,1.5954689260599395,0.8963737079654511,-1.9839130334642703,-0.11916972984872684
-0.44612999379399776,0.7435273193591072,0.24821654296019602,0.3673797040309946,1.054331529529941
0.5765127734048765,-1.58189734824457,-0.2779803460401568,0.6820470943389433,1.0572044142623989
0.3480838742417972,1.775781584030958,-0.7872640450520892,0.46215493805274477,1.2129761949678544
0.6908476110915447,0.6132609943716147,1.6315006058592856,1.0208428863679577,0.5795699422259409
-0.9956745442345444,-0.45598030978040066,0.18357137761707668,0.5197399564953469,0.8202644499273424
1.3259428207207578,-0.9159335990154681,2.277671303588957,1.4317073138334127,1.014647915553263
2.0232003689524047,0.2303588010416218,-1.171365470454284,1.9484531982997528,0.565184136982265
0.024329445721795406,-0.6725785513096274,0.17748112365571025,-1.1041795547911841,0.7165388782785295
-0.0010300222049750955,-0.35491551065150584,0.08512948595488283,-1.1543466263492757,2.138426850283905
0.7293482653874303,-2.271757765804212,-0.13057387524189554,-0.6467383358736047,0.18071010767486556
-0.42687761103663824,0.47041723543074826,-0.07269763249912824,2.4240126377424334,-0.447288324211705
-1.3431647546473753,-1.1457408211011992,0.8775856907378204,-2.242837236113812,1.0125890501968342
1.230793715849357,0.6693361746667034,-0.8150240684779902,1.3752175117932306,-0.8563111000782856
-1.055139305400989,1.3650284726804445,0.9226762759552244,2.6870054854585668,2.260299993361534
-2.118837742141735,0.5833281478336827,-1.0180436995031308,0.5932962110428529,-0.41268647575126843
0.43992242861176534,-1.5371030157129368,-0.8220656715074345,0.013679281030405815,2.4092533900234754
-0.638311775541638,1.289376704807425,-1.391152164107588,-0.3074529942634771,0.6803703822523886
1.2012671344926653,0.0870387870228857,0.7054064685763449,-0.21154014340149577,0.513368732306827
1.317106014062194,0.06503363378971636,-1.812574522520815,0.028227969852791145,0.8503259341551177
-1.0606901509174924,0.8891535681793321,0.013556583527658818,-1.3633081760371886,-0.15586392509845487
1.8441946317678275,0.2907140442393614,0.9480107189729686,0.23735670810293355,0.536922990178733
0.6455855021573985,1.6942216176483436,0.45828003804627204,-0.42573272706201376,-0.20749177090450116
1.3150599815543942,-0.49905378565568054,0.2622513513630694,-1.6698009016468194,0.0031038067225565716
-1.1307972107120212,-1.599345219938586,-0.8505212798525623,-1.7378935582527602,0.02236714517899658
-1.0265164013419392,-0.5644480887272777,-0.030129333668043486,0.6341477624257648,-3.444725062516085
-2.4826251121160454,0.2579749781208883,-2.046510185845192,0.9884816634327738,-0.014049223143624829
0.5014558195259602,-2.231535595948389,-0.8392102833243664,0.11780355112409607,0.9019985081385353
-0.2768426997635796,0.3811245889750912,1.3105676480778177,-1.1441522143702356,-1.8053620351672528
-0.9024001813944821,0.7626704542798537,0.05069545410316611,1.4166114515290489,3.1159841666480323
-1.9713068344444393,-1.6413931948910037,-0.5898999724882418,-0.1959429183582932,0.7494196188179366
-0.35575257553715645,-0.6447231442257018,-0.34834145558163,-1.6468793220517999,1.0412976930592102
-0.31866613779383324,0.34519290103028644,0.15952236582111695,-0.2479910567655714,0.5208439591641026
-1.091169699771293,0.32626937460442257,-1.6352915891612998,-0.48170706627871124,0.09264072278749468
-0.291485305738781,-0.24531851804524968,-1.1096580892077128,1.5503673550213009,0.14499024645763162
-0.086768398394452,-1.007481607356193,-0.5056059952720685,0.20552443536392498,0.15107938199170587
-0.0935538035833713,-0.9388304860635687,-0.14792834968976465,1.4185462593538387,-1.639783681307043
-0.42746247870305343,-0.5808225535173591,1.5670873162931824,0.8524333674279511,0.8370115602474982
-0.6186169457113307,0.6441856690735863,-2.3125488428989684,-0.8769436108095767,0.4292629269574889
-0.1756301659146926,0.6687313431181346,0.933360941174786,1.2231794908698237,-0.5038975530914401
1.5371118227754679,0.039458527023455314,0.9806050493496814,-0.6734418150207621,0.8725421517653508
0.6672095854107576,-0.7212983304232826,1.3088924977593723,-0.5766327451926994,-0.30338723830889364
0.18625508400967544,0.6577137007790574,-0.6071655412639965,0.1161028318200339,-2.795006522160081
-1.48042003950818,0.6684501774902657,0.2595145141816373,-0.5445574907682983,-0.0030835580210431717
-1.1700116398648266,0.9429306079890378,2.5226453674914286,0.44840543318290604,-0.4991191300283911
0.6336180554873531,1.1378040535476253,0.12796669586694367,-1.1519558841642483,-0.23720327855277074
-0.8341092997514394,0.09720862906319613,0.10883830937026912,-0.6293590946683716,1.17371395917171
-0.0041725286948058665,0.19070548695799078,-0.37342059273512074,-2.0855502180673238,1.7116585696962197
-0.6393824925830335,1.782228806170298,1.603703005533618,0.1449110936946116,-0.08830364771906463
0.3098945570038015,0.2512298259801365,-1.210783130979607,-0.011956357181239673,-0.538091586477832
-1.1128531557684136,0.3766219286529901,1.1971461744243155,-0.3531977632367675,-0.22825934896271544
0.3438867404341527,0.47502533795888935,1.5806364501786516,-0.6956483578426196,-0.21771615109348574
0.5755608342526372,-0.7735533283247867,0.42493610979160273,0.5465488108216742,0.21796194506279637
1.1938734412344754,0.5053041973207125,1.6575666491756542,0.6996578343834615,-0.5125204308047084
-0.3705368717865115,0.5851589578460731,-1.2296687420620602,0.2110013077710602,-0.48991125261559565
0.264051778820564,-2.5915637432637006,-0.077538807725842,-1.3888300559202549,-1.8164981152769495
1.2733259270948376,0.6012863556558952,-0.44906391396194545,0.057110097947719006,-1.8990142672930932
-0.2011666978634321,0.8925609236802822,-0.5115528649625392,-0.4283860563931265,1.0390003560221284
0.7235635066431064,-0.3625750497585107,0.2661687603444464,0.33498747825073066,-1.0347244412263195
0.23132065809360314,0.4234949931406717,0.1397738378672369,-1.543753872045699,0.8520809223107304
0.3219935297783595,1.5538524774608224,0.4899312001834383,-0.5792495404917658,0.00636609819814274
-1.1435161406423535,-1.8910569177546923,0.25439373973181306,-0.324542324159953,0.42284967963721476
-0.7324818292100682,-1.4675090463894118,-0.1456125618138311,-0.4873519668359036,-0.19672843075133337
0.24865640085475624,0.565166470094993,-0.6982493609456977,0.29356132987745376,0.5811343386352393
0.4860066040401879,0.5677484041448725,-1.199949956613349,-2.6654460656812136,-0.6304475703151564
0.6582910619451163,-0.7031571156567906,-0.9840599521231158,-0.7858440058772492,-0.02732907956124764
-0.7981165212260595,-0.25400393144561045,-0.39605975011045397,0.223047275644937,-1.7765170792762148
0.08425962206676987,-1.079130054685642,-0.34788716421551436,0.7160953751774468,-0.2664869933182929
-1.130671823579802,-1.6781432084718093,1.3856324346749012,-0.24908275383581874,-1.1583948356619627
-0.5372881509844958,-1.603664636485551,0.03438115676432119,-0.1695217985311105,1.1145698625554503
0.0006801913414000891,2.8784648315701657,-0.6901576476799804,-1.3187001437748125,1.104794238842956
-1.7625985492639649,0.21389855011076603,0.6618669678797959,0.6359694088705183,0.32836156211489814
1.7413483445453803,-1.0853505036649116,-0.9426250008246854,0.7795037758206966,-1.0550636130931625
-2.298494234488923,-1.5915249663875093,-0.13688302398469013,1.5311824694719645,-0.5716230227969294
-0.06850406010490757,-1.0978130611695882,-0.12476070572336971,1.831966840517933,0.5511415413929152
-2.3994812402219483,-0.6728453993647082,-1.8478145204148955,0.8072132680866941,-1.2240382671111505
-1.011993804248963,0.2968843792865908,0.42380781030950515,-1.6805510077102248,1.3944932778973052
0.4762156976787965,0.8328936347271515,2.2619097571089357,1.4642709081386502,-1.6085353306578152
-0.8711408659693708,0.07555781739254366,0.042916039278286494,-1.5942221745696186,0.39329988349457645
-0.47802427679020915,-0.5212682482848567,-0.08791745705415151,-0.5594039634784502,-1.6748675556954242
-0.41832190944865216,0.22074732668744618,1.5249664546907056,1.3924539159098486,2.0051396559286743
-0.22757122480859387,-1.1110451540197193,-0.5431041745680328,0.0649663795180622,0.9676416581824808
0.3267965876629945,-0.0923807096659844,-0.150849286873343,-0.08170419546785936,0.9508825445769379
-1.4422570063365376,-1.4765849367458386,0.40909953187611164,-0.05552122661850107,0.0850223711895621
-0.5516720531362803,-0.6039889158695054,1.0586184812966395,-2.2254358334268782,-0.874417452028686
0.6024816240443446,-0.7769684639997433,-0.44506702774124046,0.09671527020540098,-0.386537806900369
0.05923545036751788,-0.6006068090907526,0.3741234786620619,-0.42744574200587887,-0.17357258691182317
0.8215334486844417,0.6337715139386378,-0.4602885315375125,-1.763395171709737,0.535540174075301
-1.036677088840257,0.6484331090361428,0.5267156848820307,-1.4668054009906255,-0.7385607177007377
0.842520401279372,0.8431617179503089,-0.4949352067805617,-0.7781081503397164,-0.9534146778640933
-0.886501363918926,-0.19269473988931757,-0.03200122677394531,-0.8071862284487047,0.5127871938699402
0.6208075236360997,-0.23272660903568582,-0.5332812162612717,0.9483990663019686,-0.6986434564440241
-0.5529092840948747,1.9733998767125607,0.49504330119878076,2.46785010358604,-0.2689270718851746
-0.02699215801579999,-0.37194615725289654,1.992182885970733,2.18503989995698,-0.4300653072525456
-0.6601970950883993,-0.44703354115951677,-1.3461626871330084,-0.03627222241896418,-2.4117961544607582
1.1324724036059275,2.0475372615644982,0.03808532219274669,0.4530403736113757,0.2868946182381559
-0.5356206998221945,-1.4068890200984405,0.3934345570208621,1.7704513149575305,-0.16577031408760595
-0.8206459602274481,-0.9686174346874564,0.576206195314835,0.9196334763589565,-0.5608407629947505
0.32165054551754635,0.4697332227797003,1.475186333779979,0.7051953906614656,0.46294740303662857
0.14410578486832587,0.5685385486847481,-0.393569516377244,0.22731388918630885,-1.0645307657614602
-0.5151425726763459,0.3725911918355652,-0.6743714448372451,2.0215755388891803,-0.5053990935503592
0.48919502913397395,1.3175853549939942,-1.6201362691974817,0.10596166571759087,-0.07558321283597176
0.008211431728255583,-1.080391772085199,-0.09285826036877283,1.447629434068971,0.3053528060353228
-0.9337374410941384,-0.7483926656978389,0.4840812170438611,0.46604203305338354,1.3948871062321555
1.5891666707084677,-1.3561265121540036,-1.2373976920980587,-0.09793170665570275,1.3165461237253868
-1.2165125924859552,-1.8265051180768732,0.14891546934897043,-1.6108201303158358,0.3801654996550085
0.6191574521166867,-0.09385083025086001,-0.2000998455479005,-0.5109059381024971,-0.6587629800236756
0.9208921296773651,0.2308723646284172,-0.046591100332577275,-0.2877698167060518,-0.5952929063839058
1.5195027153403242,-0.0986327465974283,0.04241621301960388,-0.7121944498640993,-0.38377218690671216
0.24217574859241767,-0.805161349126459,-0.017862228251011213,0.42317139204785353,0.15441371533131068
0.3585058948945848,-0.355994050312581,0.533737288573295,-1.785701838761126,0.14647317023011183
1.0957891313156818,1.0768447479995418,0.7798108318835797,1.3180973446893283,2.0755983550135833
-0.44118391023235537,1.0274822773970094,-0.26564100922982725,2.0439648837996867,1.301149820074387
-1.1079382956109696,0.12994492260101526,-1.4251144141890062,1.253890152204489,2.7394544689547207
-1.309131255377566,-0.6065178293903517,0.2634879716372103,-0.0541103829954773,-0.4296873192839895
-0.728722451419625,-1.2563632730042897,0.20188716997129702,-0.4072619055655044,0.27821089214367695
-1.0321504857446155,1.2637982404985162,0.30206275664081894,1.7419789160329637,2.1322483165327037
1.6759677261592811,0.4903124153005308,0.29161004078713654,-0.4082143054353021,0.5616642807425998
0.2197425746099031,-1.3987844285600362,-0.4481453159157942,-0.330204714948006,-1.1358364795906295
1.1122086122038242,-2.2541704403299923,0.27167481253060155,1.1051166895089972,-1.0379839549380838
-0.10229944221892297,1.2774356113102012,-0.8756595986423047,0.3574396066558644,-0.023570143536459715
1.612046620739377,-0.5683315332049557,0.3798778526615393,-0.5298006651963214,-0.4295164878896738
-0.4378433277812591,0.26027449105638795,-0.2727578481523891,0.5089323857795328,-0.11093887526307371
0.41452959586270466,-0.43543816639553956,0.4933892873491713,1.704928978280341,-0.989986229549752
0.5724572664943629,-0.5883933595064892,0.8426935407437678,0.39723049289825973,1.4901440047881935
-0.8002066810980021,0.3884369665815933,-0.55360991113265,0.14871417139060403,-1.1421036275138088
0.0989082693669034,0.2657818956535842,0.17462004770512476,0.5976364429340066,-1.0692039386274974
0.8736868566141419,1.5015509433784544,1.0991345864430606,-0.8767364776749382,-1.1468605032556132
-0.24239208663790004,-1.126761514350919,0.5266405042643909,2.6868901942370957,0.6885644856278006
0.3351202219461137,1.4750755521450183,0.06939428773275855,0.8368443625401945,-1.4034951516726313
-0.9273335362142752,0.457912114542965,-0.7648865224371727,1.1572747094693714,-0.7875975293575272
-0.07508548871965795,0.034920510428879184,1.3927860115784865,-0.8709391456281328,0.4794074339010998
0.7435615751830339,-0.7198688449485208,-0.019330118247551008,0.07560300950182164,-0.27985200298256324
0.8723452447351078,-0.40742743571315454,1.2945206319384874,1.2286070358230143,0.6650117272532798
-0.3899498811145273,-0.2469273066058133,0.30279439189868723,0.08949784144114951,-0.04985667280928439
1.471933485878033,-1.7756690430482853,0.5251077303988295,0.6177296870528837,-0.27357483778211067
2.090761420975041,-0.3821343436749943,0.0012669943204553476,-0.8612854478385626,-1.0093751483495337
-0.13514796163112888,1.7654613093917804,-1.413356889854534,0.48418502336590574,0.20634533940538702
-1.426393575904821,1.6202088797335075,-1.0420811004834905,1.2356522620600159,-1.0699200315164383
-0.3190975825385958,0.1606530108966905,0.9651493750353797,-0.9792876753407193,0.37047086268629437
0.7791281090802225,0.040519963902943,-0.04229858068942342,-1.5161795297421576,1.0013935527565847
-0.7743196406827295,0.1402548809339017,1.9752321117316267,1.1748120027017646,-0.0739184955078516
0.48302008387478945,1.3969185279093788,0.10581930243183278,-1.1585397041878032,-1.3994295556411325
-1.779726954693141,0.1696497266642688,-1.9512424719782766,1.555804436884566,-1.2907310649448511
-1.1904000781732764,-1.011094549216468,-1.0742110042769986,-0.19196153359998908,-0.3686683432080306
0.5179223729727624,1.3757103577837384,-0.117980262354353,0.8070740158335152,0.06414115456691946
-0.6561627388074844,1.6040763820792823,-2.214882801032286,1.4465819837557539,1.0446920028440914
0.13796899361343073,0.25558711912458504,-0.017222834968431043,-0.7971778125847667,-0.1806584545181314
-0.4402802430894508,-1.766582834126073,0.6580295390302111,-0.37938507789779785,-0.04023066723958663
-0.05687819148960958,0.9393314200971321,-1.235552263737921,1.7538150451688048,-0.07850980171458902
-0.326249104902759,-0.6963186339396014,1.357102118656868,-1.2963239263358406,-1.226482471875162
-0.8850633995017929,-0.43667357187431954,0.391238277420709,-0.8969296831323121,-1.1266464556852331
0.07441858131215116,0.930589889339875,0.27721323007513776,-1.5163298088346289,0.17671150202432637
-0.031878645840079996,-0.81872231799758,-0.34235680224313125,1.5351007835231296,-0.3880356383952635
-2.1398508388977295,-0.6764404086239507,-1.4422277390823555,-1.642991065839813,-0.8356333374434743
-0.46785187823488367,0.12248686286470668,1.1715101033929198,-1.0541495541059718,-0.1522593250906651
-0.7390812665955436,0.10752619442462176,2.5109230711237314,0.46413776668220963,-0.37194947009903984
1.2251692354978645,-1.8260161216404474,-1.1367696878793834,-0.5026559380266071,0.5539205629144722
-0.9414760989096204,-1.5344207426748517,-0.2831796172902686,-1.9791386141748095,2.1484430469985085
0.9960555739765645,0.6142663800877727,-0.15561181413924816,-0.26519569042398305,-0.5511475655999353
-0.11726627221570811,-0.38114462236332874,-1.4936565057449864,1.6490533913066088,1.3884015759025212
0.250509878105341,-0.4569656234900434,1.7844269915023838,1.041874371546895,0.10333466864736222
-0.3710730394099865,0.4769880565239996,0.5162305658272489,1.376592410105184,0.49771570428243234
-1.0086584813924464,-1.1943748126383418,-0.38548350615169297,0.4890571346167201,0.6734342152067407
0.029626115768251065,-0.5699394158071993,-0.06688420500763487,-0.45788630100856703,-0.7332259341912689
0.05888283987682919,-0.5228321262571856,-1.0791800383651473,-1.3077542715509192,-0.9238228714668196
1.0140505271056528,-0.47359449529652586,0.2267634100517873,-0.5641514444679075,0.48499108647139916
0.5213249713330707,-0.6669860499128352,0.5735549623466055,-0.890687354915949,-1.6949004244684072
1.1953265357407767,0.10845083841325535,0.8382749410965513,-0.8521740668470963,1.1878798432993343
-0.5452170092316196,-0.39833750873967977,-0.04851125622589904,0.15691025703452055,0.4379399833541827
0.9483001315103635,1.0288827449602373,-0.0033607907438018584,-1.0465633093634894,-1.5379412646270907
0.2594042188511946,-0.2603080872577494,0.45179001745119696,0.9614093799370861,2.58519328553048
0.7340697128760114,-0.35844196061494626,-0.5792147564638713,-0.6442891259175065,-1.2705429668204284
-1.6326204029103235,-0.05700885841929048,0.41131909511482134,-0.7663533243878559,0.7089830467294018
0.3178773622226799,0.3057174366526015,0.1760247043927175,-0.2520884337548834,0.21662482486056484
2.2993878555607865,-0.03291618414073755,0.4047448665745762,-0.1404206709645265,0.40027074654423783
-1.4488628617068715,-0.4156907694547907,0.24806924312062018,1.539919308529527,-0.6002312136737804
-1.1695542835205293,0.2411629085554405,0.06159324726014632,0.24329974476196767,-2.401427197077732
0.3366751395736351,0.20431747790796415,1.2905115764108934,0.11648434899344218,-1.7510566478299823
0.17623347089926786,0.5113762687292828,1.3507923653204374,1.4565847348843395,0.8271173514010774
-0.3671914623009473,-0.10386193072951316,1.3238676816318178,-0.1898155500370933,-1.694165314784255
0.4573383299131048,-1.047900955677687,-0.4749585847785801,-0.64059928633385,-1.2877101860918243
0.13327272963869097,-1.1736508267160546,-0.01697468828833462,0.21705918690307796,-0.8258970924719152
-1.0556790897696886,0.03831998461594579,-2.0718402905164863,-0.15655236589132285,-0.9508250652304922
1.9445714719395983,-0.15140375948366047,0.13239398237553288,0.11403828022736708,-0.28251242951688765
0.16299173254996838,0.23275434628173122,-1.1228821115894045,-0.3213184793514802,-1.8575633176349238
-0.3920689408012754,1.6397829826376362,-0.44614914957149254,-0.8822560732158862,0.5658288286816788
-0.6875368759053212,0.5591182284268204,-1.13750897920068,-0.4431204680306445,0.6158398625656116
1.1360746090634466,1.0875483735584082,-1.4553318797967911,-0.878124812493258,0.1667732242007219
-0.6574861064022838,0.6214965393628374,-0.7477269450411346,0.1329922849126183,0.5499917323183895
-0.16316433873638897,1.5632657747394516,-1.4107415460976693,1.1288930479621164,-1.1239976607347626
0.281718459033831,1.0098813796454822,-0.8592472609549225,0.16463611446891233,0.27311548157733223
0.29532825649771344,-1.5404283513472083,1.5994476488793612,0.7985409810444798,-2.4330596191964853
0.23919134671012449,0.631988224622102,0.28214934086666027,-0.1955811412074763,-0.6004725231164194
1.7832910444991772,0.5833347990412641,-1.9228288479308975,-0.6782327371677617,0.8439904819233346
-0.7821928168593414,1.3981370604972838,1.1437920483887332,-1.9363649760898607,-0.40820707473323337
0.2172985809298512,-0.3867114601742913,0.07447411277047289,-0.19582269803983565,0.1775133364865848
1.8563208242178237,-0.33567090975956754,-0.08071253670156704,0.9862185790521278,-0.4237097208534072
0.7330550937916142,-0.17382841981669228,-0.4166176804893355,-0.6460155368352577,-0.8761530772592709
-1.0980840318707128,0.12248313512041137,-1.3819880897443135,0.1320527442284786,-0.06688405517867392
0.9909127762084563,1.7482579838127066,0.002250638184550602,0.6137736917984605,1.9405533417162086
0.6636946215796022,1.4078037881368985,0.42287869690817564,0.08620909303756259,-0.06279712001699116
-1.3621260630449925,0.7304761982638858,-0.3058202452156517,0.4299932043341822,0.22198234695158708
0.8936112185611905,2.2207939601043085,-0.2221893049761334,-0.7620690683907704,0.6776830515505363
-2.0806037998676796,-0.7719326826095259,-0.19325606704766404,-0.4382783040383056,-0.019484415860276858
1.252673885804528,-0.04111802399269033,-0.36502399113851663,1.935813628170984,-0.20347808586720112
-0.8975092670916898,1.3069137226498817,-1.0015951953163977,-1.1654702768823653,-0.7680296453837004
0.324598498145095,2.060075254322053,-0.21446148968746612,1.5455598194079372,0.4339562608786835
-1.3028938799774004,0.1518627717297988,-0.6717835561677783,-1.1169154891259665,-1.5532789642481801
1.035816145897343,-0.24313713330090728,0.42316621068889015,0.37744904411415175,0.12301081040324963
0.08391207381190821,-1.1447955886792234,-0.35312006299221793,-0.7441637956181718,-1.6954936211538991
-0.3856134755121478,-0.6010249275506754,-0.8059889869306923,-0.964052030970073,1.6615269382038562
-0.58216560729728,0.17981798068846744,0.719392778924061,0.2678922835338775,0.21404290898854356
0.321316006325835,0.4494491168919045,-0.28340808108218674,-1.0417257309385883,0.07644734648106798
-1.1302488584752854,0.8015796945849886,0.9884684996252431,0.2691420033092999,1.9796456260765762
0.6435139764279209,0.20837797242026407,0.12809055504931077,0.2540397483999946,-0.8244856025544088
0.5585153754602367,-0.8708335186274595,-0.924490472167435,-1.3526031717021365,-1.3922794360479973
1.7153434894910202,-0.6585443552483056,0.7511521266923182,-0.6868892102377819,-0.16100379559082167
0.5691924108207941,-1.9177452372537478,-0.6330761103536874,0.5167033218044483,1.4954081959432044
-1.3510229287670052,0.4877005301528864,0.011393460242314309,-0.12952423109524752,0.334655626271692
-1.5881180326864488,1.2976099148485363,-0.36871140189699914,-1.8357940177061802,0.615552582880423
-0.3564110236251489,-1.3002966148451855,0.9160991070183282,-0.14562000906324202,0.39421836281705597
-0.5111610826724979,-0.29677090501448444,0.7391076721659681,-0.08512903867866249,0.8842843258007417
1.0026771900397289,0.47797990844241606,-1.0884650398432678,0.10723221148875263,-0.9040627041137868
2.0547695977410942,-0.6504277009811124,-0.7909353900646292,-0.6462963878462121,0.6587626142037456
0.5896832469329392,-1.2671359847644459,0.7848894537860057,1.879434765060353,0.36761841590460054
-2.027032161781611,-0.9587578489379027,-0.7522571606629438,-1.230144041603628,0.3096181816512809
-0.4758471719951318,1.6596674809114504,-0.6251250299206784,-0.6029644425374725,-1.5159142460582316
0.5443941875231844,-0.34773865496007655,-1.5681809502122455,0.007545649855980557,1.1879929628140604
1.4280767010620823,0.142532372527094,0.2744646598342605,0.02549171141497942,-0.97794749734397
0.9937799284819351,-1.660419651186933,-0.6698427576159319,-0.31541114331056086,1.014245987103457
-1.2842937756392976,0.6420890793753924,0.842827957187949,1.0816142210906174,0.7057460217165445
-0.1254134855331877,-1.9808022080541763,-0.1884119091308036,-0.3345216366674899,1.5624893863929603
0.9248364065102981,-0.36017169581795855,-1.0789953230073603,0.2539025895496939,-1.0003097042743905
1.381800815421971,0.28174988404242635,-0.9296380240156898,1.4730008331821576,-1.504750753870415
-1.0225119758932175,-0.9470584694148697,-0.20126997770186886,1.1899286747594222,-2.145143452947468
-0.7396882227111713,-1.5591628108988358,-0.8056905609428996,-0.21148220542340457,1.1557891767528596
-0.12109245988858944,2.109111872694027,0.39297449508643756,-0.10723527152891507,-0.8932716745001719
2.475024002747982,-0.32188252083191143,0.00983219618360476,0.37516379224726276,-1.2106682686289456
-0.20533103662375823,-0.6623996801950988,-0.5021238951320559,1.0166923937656314,-0.10023372523446292
0.5149229924659425,0.07067987136324339,0.19580797864723906,0.5829570241463932,0.4828415645970728
0.8203320099893977,-1.2525856611796125,-0.09727916115221162,-1.6367415752340744,-1.5009637313567243
-1.6875699880250998,0.661702881085456,2.5786019153523534,0.2950891453247972,-0.03239844296525347
0.09108681858385678,-1.1409103396676128,-0.810688105459451,-0.9431038549381376,-1.0038630760732496
-1.504856592017195,-1.0549847106620602,-0.6474212327996299,-0.9027021094165463,0.33595085087137627
-0.8214493246880559,-0.6737393636969099,2.1012362514084804,-0.06764765830050966,0.4363797971529099
-0.3026408225177506,0.06995616668189819,-0.37678257642196505,1.3009624628375973,-0.21056866483940082
-1.348128968878635,0.5587569669892416,-0.9632228044119442,0.3477662402234374,0.011862575098023477
0.8083485145211748,0.07438490660340262,-0.03456167843836274,-0.14217194433644814,1.702530660645826
-0.6471624048671604,0.4763533377426903,-0.36728892111398365,0.5309229184698931,-1.443624272065781
-0.21175634375676194,-0.5034780111852933,-1.9328300972932224,-3.0191506217836532,-0.26960774600307813
-0.32207261438080687,-0.17063154702742664,-1.5802414373921931,-0.3212169882901156,-0.9361523319119633
-1.4415970623582284,-0.29709163619359646,1.2120151074038166,1.6583576582888921,0.4312450420761447
-2.4027541857313826,3.0307852927280035,0.4878244860243217,0.8140793577313492,-0.08434913569342405
0.2696477870990872,1.301713512302617,1.4703234135667003,-0.006539157362249286,0.8036505222777489
1.00795953667392,0.5221965638020426,0.21384148939920003,-1.1723749479375607,-0.1275402106932585
-1.3513848462286995,0.25852466107152705,-1.3668747101933902,-2.349731747414806,0.3811828007303917
0.3222966156088908,0.9732512293603267,-0.17902355382273397,-1.1964241470093544,0.08391521662444817
-1.5838393442346967,0.7061594248050967,-0.44810000452054777,0.6365095114023177,0.6839187533447194
-0.6531831552446384,-0.42585434510840153,-0.5239423139109527,0.06940634463834136,-0.49100618650251304
1.2512778048260205,0.5183724288903442,0.5455244271856909,0.13730150539411715,1.2680936826894145
0.11852413134337121,-0.5502802119015764,0.02276935654889262,1.2828171349942423,1.2956471058576646
-0.3747271798265167,0.16547648451195526,0.524762489651209,1.5541309419874927,1.1782507502861586
-1.0787300784904839,0.7772327271889701,0.656566982123204,-0.011361497400228548,-0.6636891782595413
-0.6219996741802073,-0.10315539150384785,-0.08981719496498523,0.6630379789962397,0.8839266025296727
0.5656549550331865,0.5782500938098473,-0.7831499765016257,0.7585180790073978,0.7392670773299216
-2.0162867138512732,-0.9725897967590913,-0.4262400512467481,-2.202776578810165,-0.6675260827307282
-0.029178683929040328,-0.7822626870224769,-1.157823727186802,-0.6190349165437518,-0.22207603598915807
-0.5435903976651127,-0.29543027306981356,1.4997739414523206,-1.4553462858425559,0.5142160298635247
0.21892510208667618,-0.26455374510722984,-0.34591628393321844,0.1225092642114461,-0.7760790295074611
-1.6517747509943348,-0.7562088007656654,0.2955563650293581,0.31206991677897505,0.7659295956147936
0.6959389613539304,0.14787314478897323,0.3507835267832808,0.1456495200394415,-1.2465042138728406
-0.9275728066282657,-0.6853664474674281,-0.35257796630876354,-1.1554241691573517,0.07664504995445363
-2.105170984351041,0.06628703509326266,0.5483472966462747,0.5701871587644536,0.1334427003062063
-0.3809840176819123,-0.09187180873651066,0.9985675384454935,2.059922478370591,0.11006994925988801
0.4173471041311239,0.7719155571007748,-1.2212749819721496,0.25557614695026554,0.890625057115076
2.2422656957361067,1.373682507538916,0.11728370192985588,-0.5228513943205721,0.3659372908842054
2.083729169867368,0.4669975929357527,-1.718357626024415,0.345096571205154,-0.00024414849179461905
-0.7169963128352378,-1.2238432378899144,2.28391504982649,1.9005124557244033,0.6454718082630283
-0.35888644197612624,-0.6506916827837922,-0.013938783149282478,0.9449496084522835,0.432315448359074
0.19824338809411532,-0.06930967110368277,-0.6333463253380885,-0.29887475014327164,0.15957497423158476
-1.4151573762220933,-0.2636886614971665,-1.8620159276617878,2.5957448410354362,2.2660575333576776
-0.6441026861980444,1.046739110668972,-0.7001128466595292,1.7114727480752712,0.2961243394869999
0.5262353682140389,1.5871006821251268,-0.9988954410180859,-1.0597563088807658,-0.9814112858702503
-0.594534240309633,0.5220809928260597,-0.33130470993197264,0.10164543911028683,-0.6872521383890765
-1.6987489086787189,0.9953637919060517,0.6835148670620526,0.956244960438112,0.16383028765238047
1.1161794650197363,0.3992272518852033,0.9759670321912504,-0.06344370368899938,-0.29524146971758825
-0.8292152299216488,-0.6802210373053054,-0.819188793247019,0.835647194773669,0.13784738154125953
1.074804222266455,-0.5295361334496376,1.2654028155827208,-1.4352120694250798,2.0646144713858523
-0.16684952925299754,1.1859494280486107,-0.4069275368371898,-0.9379840601596118,-0.9883541880636867
-0.7341266928593825,0.05140046186294849,-0.47666618249662845,1.954446530613676,0.1696776969082435
-1.1474614957328835,-0.7571222337157066,-0.18052315932219856,2.26630384045234,0.683218700450056
-2.0673654393947007,-0.41999554803173006,-0.21683120867007996,1.14811685593026,0.4614081575614483
-1.5625927230104972,0.11150414077948967,0.4099755055729501,-1.59966942919754,0.8846327099689872
-0.6349653356682134,-0.22039799234681612,-0.22240884958025856,1.0763910271836137,-0.4901795373394668
-1.3167205317728266,-0.009110350667341264,1.4063463206920161,0.4688411277859395,1.439615039028241
-1.000163995053746,0.8651289776807005,0.4328733537917937,-0.5831057513378446,-1.6498164119811236
-0.7628914356734063,-1.615405863087105,0.07414922872586245,1.4224723680520426,0.19153497963059385
-1.2403936050735018,0.5358983005043779,-1.5343900324637538,-0.19169657525426598,-2.733789722746284
-0.7700415713058419,-0.9732682955148624,-0.798507123534029,-0.11455449778885225,-0.17530660027054482
1.5897712486854867,-0.6377742322765941,-0.03415870237880756,1.1678026974580424,0.40653861271254954
1.857338318526239,1.5346531961371772,-0.6916982748785866,-0.41235500486688453,0.9235928657327
-1.0163325930553537,1.0958075677192824,0.5164083552846561,1.0111996823043385,-0.6352036351902214
0.8999476819471682,1.5684562586495727,-2.147079125705894,-1.403000296373443,-1.6708132327704481
-1.580500310970328,0.25846947742906323,0.48105454732999414,-0.3258447749211923,-1.598185275245612
-0.8300228551203372,0.21132641851462913,-0.8960153029906559,1.229237837347444,-1.2901915827086952
-1.6459967784760732,1.2820992807053266,1.5552350933943173,1.213597722489285,0.5109548511860843
-1.2900370068468705,-0.7063553883021602,-1.7791491499708434,0.6579612212928704,0.608714859892654
0.7022012562456437,-1.1075411143757197,-1.5984273501644548,-0.6267263386925757,0.9300143270479452
-1.0339631110660192,-0.6655954000029631,1.9624427268810902,0.7918222712179305,0.5186065136012791
0.2563955688286297,1.089826152599472,0.5282456172993593,1.2551929686168912,0.6808631278751724
-0.13442051778094033,-0.10474101817033563,-0.7991187959809742,-1.0741389501007406,1.4380067912185428
1.5159712657642903,-0.615549027891177,-0.6062733831288497,-0.19447744648370305,-1.2199903090665731
-0.7592373860988081,-0.6107445672526008,-0.06748027423696858,-0.3485071499383966,1.6078955012275442
-1.184266199442421,1.1085763698603828,-1.5840953304126235,1.4861777390916755,-0.016656862583707174
0.14289577935591827,0.06377486947112743,-3.091467916612029,-0.3276529651088319,-0.10594412503999388
-0.6529495949277426,-1.3063032348689312,-0.7303542048041204,-0.49448806843704324,-2.5904703935385878
0.5081633080614472,-0.5652905140383806,-0.03756559615197501,0.48170582468931955,0.4376701510232432
0.3007211037310797,-0.34143517559030195,1.0277463515253307,0.03474830796944011,1.363633158895284
-0.397064183169667,0.16745216558466455,0.16540658202109104,0.8899214906909418,-1.4532130916534087
0.9949408862472211,-0.2875298981388602,0.3777089711666903,-0.028560877325864903,0.7504721943916509
-0.40390735681344975,-0.4070451278175305,0.8308824810088329,1.2546108470886952,0.1615843106793508
0.45949696319996797,2.243284524928872,-0.48722485477227667,0.4640093585967309,-0.09360807446662661
-0.8193065470344116,-0.7702973641018432,-0.5275969700336184,-0.33767362742968493,-0.4797880727291424
-0.12707760161277729,0.6342332995472555,-0.4073966347498943,1.202747373086238,1.486235506969641
1.0907966106281823,-0.8819128137466304,-1.1564833614102465,1.245362072216409,-1.3361458211019537
2.0834825348295243,-0.16159192844755804,1.6251320476490996,0.21952582784208663,0.41004136525807244
0.4274740227451635,-1.105590618917922,1.0240734303161247,1.184228284023729,0.3387957042002322
-0.3570101476589655,-1.9779420687095157,0.5450002456854142,1.2368041005476755,1.0866353506246238
0.26802784578269795,-0.07884024132876247,1.3207983151254734,-0.8139585186277438,-0.7510850472997737
1.6086535334476262,0.45822211698786275,0.22366923107078093,-2.2087171273513415,-0.8400413616463924
0.5751309898540691,-0.8037070963843796,-0.674785189104718,-1.3292226261822446,-0.982754516809051
-0.22480456160674633,-1.1082791372505003,-1.155484145565513,1.1708492923045488,-0.9080051788383433
-1.8661615996224656,0.13745595098326518,-0.3669976574850311,0.7426688231261026,0.08826723032887868
-0.6149055119925226,-0.5327318961733326,-0.23619665446906074,0.13893940895773932,1.2395707497242656
-0.762157256808333,0.09927135417080277,-2.542637191080374,1.5769785638527953,-0.25446005084340567
0.9806075803421422,-0.22211312447727014,-0.4446490247673415,-0.6172070159208876,0.15387509578599654
-0.15305530331918754,-0.46728267278048885,-0.41754138735053464,0.22766198574888044,-1.0271441467547604
0.4067574281245143,0.3923789015931712,-0.13591626268558732,-0.12052879245222499,1.2318373264955436
0.01898123239015152,-0.4161977448216974,0.047126076843866035,-0.4341877756426401,-1.4458726557566761
-0.252202665069548,0.3550756601474903,-0.2989137225314907,0.05482860438961481,-1.0594209909014414
-0.65976260987043,0.3511105110245918,-0.4772556047833196,0.713453566422631,-0.6061512806381251
0.7857781070334945,-0.6164497490704894,-0.6351740880413993,-0.24252046178705802,-0.6300786438168525
0.5968907543892789,-0.522485253309725,0.07533859754477504,1.5340619968808633,-0.34514982179199843
-0.3587807871864946,0.5792526013795006,0.937580233084232,-1.1613636315220162,-0.715153909209522
-1.2569594422812336,2.6304525032188653,-1.5120934367081977,0.5328336392970823,-0.5694325429468747
0.7667985671236894,0.024665061439797527,1.4337765571683503,-1.0994603246604546,-0.7946374576167723
0.3463123983438444,-0.17827307823001493,0.478558033261041,-0.13204542271673345,-0.7781994266166427
-0.5711696666608482,1.7468471140062034,-0.021716354526872175,-0.018728715786407765,-0.1337261832574438
0.08520176778676557,1.1348687690266586,-0.4304037082752643,1.823649579917135,-1.8030866232686458
-0.5310191913000307,1.3962654877303249,0.3158869420228836,-0.42652252080174863,1.1648495349056687
1.720337428105121,-0.8894410834832468,-1.5356898512956634,-0.17620696584609657,0.43141170036163506
0.02656719099119066,0.29102722096389744,0.03494798107351303,0.6413588936128448,-0.46626313427481597
-0.47011752618464675,1.0149657836449713,1.0050714646624646,-1.1714627689686563,-1.0608641917854713
-0.2482143775023772,1.6099959273946525,-0.2052274565957358,-0.6575524664075458,0.6754785713194579
-2.7068729339428717,0.11723745459498744,1.7651041197336925,-1.6916196201381621,0.25959318911069573
0.706407748855633,1.103318741314914,0.6505641032628463,0.527332159464189,1.8811978934828262
0.14468226271134915,1.1301569641975435,0.441387292776202,0.06400315877284767,1.5200356726962494
0.9689109611742296,-0.818921372030887,1.346743286424721,-1.045513368460627,0.2136298626628378
-0.19436099644225707,-0.7045812330482902,0.8742755092240889,0.19507932167910347,0.5763760306296608
-0.059705269252895786,-0.5550964034314156,-0.6356858202314368,-0.13560119550127403,-0.10937046367933188
-0.7881994926435237,-0.5121770405018392,-0.1862847910063586,1.2101610308823607,-0.07657355060176747
0.36436003396443595,-0.49944455214840816,-0.05561929782699142,-1.9038485075753708,0.003644500570686475
-1.1288331190072673,1.6749250950535743,-2.238132066320094,-0.20537336610657828,1.038309964655611
-1.2498824293368556,-1.6414474402081003,-2.4629351868431724,0.8978077257876641,1.3438857727466338
0.2740045697897785,1.2162390852630005,0.24387524885155856,-0.1431346061909711,0.588589339736436
-2.7059268714788947,0.8015256711422513,-0.02346780550833808,0.045816925112052105,-0.09889654787278242
0.48753262275548676,0.7840038300638869,0.08992591403203264,1.2585297807006877,0.8002413800920996
-0.16913569135775136,-0.3853104616977855,0.3987059077030638,0.0787835290827565,1.0743250837377474
1.0841153537544423,-0.928755734228595,-0.03755500419380732,0.4836252481313503,-0.49463816450884485
-2.066195268774038,0.4857414376937772,-0.5968664698717115,1.6859670612784954,0.29810959230178086
-1.1256848481149773,-0.48594103162301105,-0.19285602260676246,-0.4479123773125174,-0.758070831945789
-1.0017003037477539,0.40819767623759706,1.0895865792877504,0.8489814147042012,-0.7530341643684393
-0.22390086399584264,-0.15047647721764548,-0.7686023591387044,0.03407959686393385,0.7549307907889157
-0.6801358059017766,-1.2921562490134326,-0.9359125195182787,-0.8834817543315616,-1.0114329209703465
-0.1415920551140717,-1.0581566850676887,-0.5228582697173646,-0.06654437452417719,-0.9005561028982451
-0.28099100495493196,-1.2819556027832615,0.06920020754560056,0.1053579413071642,-0.6662607022322216
0.7426745600317232,0.27991291259430034,-1.8050300737609088,0.26198671700023174,0.9016943266917817
0.38692103023511715,0.9525694189792179,-0.39445883733685394,0.548213962704534,0.8855423474851919
-0.12677151322379546,0.5894966801755832,-0.6284672696231471,-1.174178495209005,-2.0250365043397265
-0.7870119245367627,0.6820076630365637,0.7544653639120129,0.6797711541354455,0.5305724457069494
-0.4667603517943763,-0.05192983458770028,0.841112869984026,0.6461892665727992,-0.5528013041633779
-2.9067543406810645,0.15490983028251742,-0.6846986565837706,-0.36126984590390704,0.6526307558596641
-1.2224619444038938,0.07153994432293084,1.2112516173760088,-0.9761587286373552,0.20541838182701078
-1.4164234377294591,0.751657530273427,-2.7687386121544857,-0.38488590231484027,-0.3493947909831801
-0.9013026269044997,0.4027949045416821,-0.4087286394275316,-0.7223519608995034,1.1139796072940817
1.06221494270483,0.5626801506025658,-1.3584945288338832,0.45572087121251004,1.0737105590164642
0.8968871899383788,-1.0453989995287047,-0.10607331323748288,-1.875638328258575,1.0103259524925294
0.31249234418991045,0.48104437337435,1.7048052858621856,-0.4807734166330491,0.4926987939737215
0.49039495702920205,0.24040234646436037,0.22886724101504932,0.7001902120649023,-0.16030599693617906
0.35023809586924853,2.1265430837413906,1.158880254305246,0.28140854628733253,-0.6656108032187308
-0.6355199101371714,0.4686393090065037,1.4553183524338424,-0.18329487002186678,1.2357246420988304
1.3893879020953221,1.3437743504729405,1.0674783814926263,0.6005049218715146,0.9372778553543469
-0.13992315680148112,-0.6788979430172892,-0.6704390799930081,0.3603529283975081,1.0321029040502185
0.716414574646913,-1.2271096280677012,0.878688593876052,-0.6980380110751538,-0.920804859529389
0.004210455836306707,-0.9329193697018734,-0.36218601159420427,0.030134543001313227,-0.4034078100491062
-0.41381000237016063,0.1304202612566202,0.1309525492323207,1.8208307781339128,0.9448065761485671
-0.8816748597408055,-0.47556769146023603,0.6604127001393131,-0.1201375449363554,0.02480977397587225
0.13550188552298206,-0.04447943948602405,2.22869343554172,-0.6049177041286952,0.5479178758256832
-1.115074043180865,-0.8262191326496567,-0.2947337722209617,1.7561085760467274,-0.9439159706262692
-0.893647241463249,1.119392177567542,0.9907169608677704,2.0508840368587875,-0.9097135953906685
0.20962647306824608,1.4306559741484381,0.6689121638846762,-0.2870428676010342,0.09916735797094027
0.6586561361172981,0.4449594681620606,-0.4388036942143583,-0.08634380887516613,0.7682304772440188
2.5954027751091906,-0.6037694790139067,-1.3861710383321264,-0.9588325836811975,0.04171652740765286
2.0874258791912736,0.9375593417049413,-0.10399957767875015,0.05565824856267541,1.2171983507929975
-0.16910251302698187,0.3103245692841299,0.08959806951102454,1.398425973209528,-0.3255784130730294
-1.0712642833374861,0.30360973044094985,1.2614572292074315,-0.7083636726947925,0.028305698876418307
1.4316907409184778,-0.8488140862543656,0.12917165443373013,-1.8631449373583535,0.6983622650186174
-0.8709339664115617,-0.48703732578908654,0.05332716109548035,0.45273314967389383,0.2705272417589718
0.2818430186975117,-0.3456617749948034,-0.4119638239280557,0.9734566354281713,0.9403189862894124
0.5627179773006579,0.8031419530807621,-0.636494175014198,0.3374945976295412,1.4921078647135675
-0.8216492386904811,-1.2835808960811774,0.752127555227616,-1.9442880136988654,0.01543455347272734
0.5995548308537845,-1.471435277767407,-0.6673910939753351,0.6666096670681011,-0.5048864422441383
-1.0221696930370099,0.2136446677852561,0.18331243264414937,1.6174297237461852,0.21457767375241016
-1.2630177309700907,0.05992138241334335,-1.547331805180278,-0.9025385969045546,-0.2339335682689059
-0.12570824031383554,-0.5488076866687517,1.0672679559736207,2.154436122335981,1.7267928444271659
0.7563408310277331,-0.367909215067116,0.30338077419648607,0.7268781496683462,-0.8457105180555178
0.4554083110500608,-1.75755861617733,0.22335643025116664,-1.3810846958751353,0.574200045607418
-1.4696324686704256,1.3932332012730804,0.12158971759576168,0.8124736835365892,1.4576285049560729
-1.7587199315077644,0.9088612833194956,-0.30644239486755986,-0.13638414904216722,0.6510658682712113
-0.22097239310594172,-0.04299781655256461,0.5762697839506093,0.8751673709900966,0.5942495203537871
0.3677231128301288,-1.300453484391965,-0.3831058600131055,-0.32188051046379906,-0.42205916333870935
-0.17822816369922656,-0.5409345436116985,-1.4982088967231855,0.4841764054040378,0.7245138726861816
0.38043758535885097,0.7056592300125091,-0.18485829986251556,-0.46115171317749915,1.085128997280839
-0.12086765458980642,-1.5259847448392319,-0.45103800515669784,-0.02513828340655055,-0.45359254396938653
-0.5559725381930867,-0.42195406110631195,-0.11162329170967447,-0.3073488640084221,0.9735804167441983
-0.36412899576952273,-0.6712305927552236,0.03818228245001727,1.8262283680580615,0.5563824879826871
-0.577117028456312,-0.3593150157063029,-0.007865788293259254,0.5283131196381986,-1.6502016058801259
0.3881359986070852,-0.2107208122479158,-0.39467237909796204,0.6390268695953056,0.5720314970131778
0.573878376457742,1.3681986450343135,0.30664649079325557,-1.2989061763267291,0.20449732657829253
-1.2691999331032984,-1.2180324955752886,-0.26642385836347715,0.5807232192099994,0.6594992731584939
1.3956192304680193,-1.5412513644147157,-0.5212930040978476,-0.4095151803285568,-1.5145453539664977
-0.927952303855919,0.10046621266871862,0.9619088957681347,0.06124583341761622,-0.9460034407977342
0.07412317863751572,2.1211694246153585,-0.4502265324812818,0.09417685335551583,0.5746844810185348
0.5724465534714893,-1.1444608136785128,-0.3182523658483295,-0.6790947343202811,1.0797072136305037
-0.15000869470548336,0.8495765741214558,-0.16226868307513695,0.09696894378067036,-0.8404029098998994
-0.24813595811749967,0.49211754562554505,0.014886488550273197,0.8495813641336131,0.35203773945353867
1.4374452844028323,-0.10147340375182076,-0.13963905711815322,0.35803496002201995,-1.4598278408569938
0.36927456952843324,-0.12506333391656846,-0.21560358774896465,0.16640148825321108,0.0204813857773255
-0.9479963995336513,0.42533839087040015,1.3830300333640815,1.023422879673883,0.5120842124536403
1.5159036239127768,2.304316791941024,1.3869476569460413,-0.721238052403186,-1.0042246629981866
-0.49300006978378275,0.4216478107419191,-1.6412074211643226,-0.8330587388539258,-0.16215093960757823
0.0846712451099532,1.2784007653419862,2.076756159822352,0.585694747081001,0.9248571896747947
0.0736722348641816,0.15101495601361112,-0.46671166719755586,-0.027500746078107475,1.4120753198728653
-0.7935500439854739,-0.1558084690719783,-2.029464060790744,-1.2080874832986004,0.8431091301906094
0.12275353480323789,0.07317539130956151,0.5524084098817911,-0.16697181289268473,1.743785058874459
0.16589252186866302,0.47889290631421416,0.5498057108247205,0.176238191353624,0.7680744887165982
-0.5742246030308552,-0.9254606261669511,-1.0473071619987617,-1.1789508571009761,1.2206900868696062
-0.4557497884404531,-0.05286876885597552,-0.6817683700446344,-1.7224841159562398,-0.7479990437255267
-0.6005978365565586,1.153426939398124,-0.0164635010761451,-1.9678667563811745,0.47457713704586363
0.9554735754932291,-1.4785266980931207,-1.7018325438544473,-1.166801078387888,1.0193934316518027
0.6986548320266766,-0.96256393524495,0.08418412475271057,-1.420393275644349,-0.2955940292704092
-0.6095133780020403,0.4550089352623057,0.8635739119434822,0.3067199429966497,1.2535355061505185
-1.2675239202859652,-0.1011720530847256,-1.1081874928086044,-0.643496119599352,-1.4381007932100471
-0.1567147186942368,0.11806463382541937,-0.6946568129388685,-0.15904701552556127,0.5525621574454594
-0.6539027858715611,0.38715016723771667,1.0767900283052023,-1.2655691124639763,-1.3167726802177928
0.8073780691109604,-0.11968440893579892,-0.6300144318602903,0.9355161616191421,-1.104395255284485
2.23033878235638,-1.0692416841526036,-0.03800526613928987,0.5605122458710728,0.8846569438305177
-0.7432250034653556,0.3251509721486615,0.8735630825764239,0.0751793840615705,0.4437389170199044
-0.8130625272364591,0.5282981384138721,2.1695808632362636,1.0099088551385,0.02747545048610931
-1.8801400125750842,-0.3703933214702544,0.5280569196121458,-0.9825009715247429,-2.3328379634334686
0.8683582509383816,-1.4087930362158452,-2.012440171821207,-0.7307053839891748,-0.5041840526853969
0.5719166793178102,-0.12081505797257136,-0.2684328196749098,2.442655659703982,1.3182506202539381
1.4831596073703313,0.10245944419964702,2.1175622341501374,0.5102720042497704,1.2603665007125355
-0.6052942188485984,-0.8630417116783182,-0.06979303276790928,-0.37836405256892197,1.7624299903356369
1.4296662334457941,-0.31231370530031655,0.4645230276016984,0.14224788699444826,-0.6337442412260373
-0.8138802157575319,-1.7667321151735564,-0.551650876421336,0.6957574508315143,0.6946275050522235
1.085785330921244,0.24668702204584492,1.8279110437695871,1.2076314747848125,1.598748872145688
0.3352387288767282,-0.18091092821330146,-0.075121843641539,0.6193847289287953,0.7230098880946927
0.7617630731305678,0.9807858874733087,1.388878267687738,-0.9283073405520211,0.6785713455426967
-0.8850460362646392,0.22228379520686203,-0.0370599918378984,-1.1220693572033489,0.591407302931061
0.8046416881886934,-1.4220021796401097,0.5498571131227932,0.69838872797881,-1.4755047516925892
0.10721558122649294,-0.501439327920983,0.2886560401193229,1.8891244514653107,1.1300477679517458
0.3985106557976942,0.9463796320289993,0.8615179487873655,-0.11971335093924626,2.5549147842817015
1.806311708745545,1.5782837530431795,1.9664288465391022,1.4467802890761223,0.6852644422700914
-0.7172419499915113,0.5062156426983297,-1.7508745611176455,0.9012059634238803,0.5647517253697377
0.44233444438072295,0.23848711473390147,0.868835267547405,-1.2411602893320797,0.5406608202918263
-1.7767449431616285,0.08543744178822257,0.10716970310232077,0.9719084300076363,-0.10218103574043781
0.3888707026502368,-1.3676671322111937,-1.405066503363541,1.4289426062010018,0.04365741287696039
0.6121935096300561,0.44809581947349675,-0.43208284520981877,-0.3630852676420487,0.42663848197563015
-1.6862102626412674,-0.3357267996804565,1.6242237926409608,1.0022118675795149,-1.2099489992530084
-1.0124764651859894,-0.6863563340316899,-0.3883276294903867,0.9240207212890958,-0.17743723818269305
0.705157605230971,0.45348530015032074,-0.3687261896678161,-0.8600316922893871,-1.1754777343726706
-0.7806137033460151,1.1821695615088232,0.6030367578154138,-0.6723877598007741,-0.08312841611435591
2.322193713719793,0.1780602134462563,-0.3721077173850972,0.0021366439622084355,0.5605441863924707
-0.8871889245793625,-0.8495001733353137,-0.2587249427108897,-0.22929167182507,-0.26524863945299626
0.26226690949874254,-0.19395914498934566,1.285459644338578,-0.0518790348530496,0.0683317946376819
0.8759360911828875,1.2091469252995455,-1.0627337061316715,-0.8364566293409023,0.6153823429110035
-0.09071345387590175,0.6650733158986222,-1.1417412778019027,-0.14346563195191042,0.36111513797534067
0.07563697838993048,-0.5417935536467103,-0.6846281160976242,1.6164051833063675,0.8229807269176853
-0.07636251938077675,2.5018728126414476,-0.35256620813563244,0.41847809162152966,0.24638968016830357
0.9652497835571837,0.9766145035108599,-0.3049925588381111,1.9428181684246,0.7650280575819056
-2.4097189407534985,0.7691043073686038,1.6132771283882845,-0.17456230135689293,1.1639230893540915
-0.11470002090976945,1.6167549493349362,1.9314496161643075,-0.39580699799959695,-0.7407795429540207
-0.3265381157236203,-1.6323358127214915,-0.011722133400013879,0.8451567931382744,1.5087561417765065
-1.3248433176575676,0.11793089171149522,0.8127645565161905,-0.8319011303500635,-0.48734571759580286
-0.817020973520623,0.5305474806843824,0.9802282875102294,-0.37168049185473323,0.44068270853864305
0.8373721461536334,-1.4924953866792317,-0.9333068880336621,-1.4307504229043821,-0.12085749773870899
-0.9286840977304606,-0.21314244349816458,-0.7448292717243883,-1.1061710694289464,0.7387694459513736
-0.5409368726916236,0.45955784986137366,-0.22599264812786463,-0.3676675227928734,-0.26833942467022354
1.0139176660875846,-0.5190778904547514,0.18757469975359287,-1.418487179037335,0.5029260593145556
-0.17993754079949023,-0.8437837203300368,-0.9001405261608825,-1.3947911335427525,1.4174200107461037
-0.9513770022682618,1.0794220535760488,0.8334189158637362,0.0533258457233837,-1.6954239301614122
-1.2417266000334952,-0.6198072248271893,-0.836192356584778,0.1485087573119785,0.8686810520617927
-0.69620832682707,0.12834437809825372,0.5893626638164892,-0.6345011477399284,0.1606690534807305
1.4401455504828566,-0.3278082884001354,-0.6048127888506725,0.04795679760601642,-0.26170150960933214
1.3371447055762042,0.21586452844673143,-0.06394057995174644,0.29756905285217233,1.191567729824259
-0.15021812270676696,-1.0802469209534675,-1.7461712492016979,0.9005029145237579,0.48986791474119923
-0.9708150029393899,0.16605006080728757,1.4255596187434847,0.8538039260953348,-1.7104140926514049
-0.9691734684529236,-0.4648710683513056,0.14868248854270885,1.065657858805778,0.8648385582191841
-0.37392611878537846,0.5976441043614097,-1.3466594612349483,0.18041174317690523,-0.3365677027159652
-0.2712692234205609,-0.030592647264613686,0.024399562750252523,1.8476015194054194,0.4103146497010309
1.0058979735087108,-0.9854669788864957,0.5866926777386631,-1.7888116532723315,0.3189958225820793
-1.4721193745321823,-1.2779183456233145,1.2114537602008915,0.1398569376052194,0.16813654401625308
0.19493539667429924,-0.5378587763623346,-0.7209409297564731,-0.6534696847119733,1.1219956338894275
-0.2529204953040399,0.7434321507938055,-1.3846407899500277,-1.1730171412968349,-0.9232740706261789
-0.168271360697372,0.48321724973430136,-1.2994018648925187,0.25166728439826386,1.6653115267803518
0.9347916505769883,0.21681989789917966,-0.77365767093525,0.37113023752439034,-1.824833451826293
0.691711535077186,-2.490985553578718,-0.0297094543169864,0.4489843211187965,0.9624895511522402
1.4669353020310927,1.1074809101720082,0.26076414415195776,-0.3903457402302548,0.6932885780289774
0.6197387621428402,-0.3497116578077527,-0.9832956074070913,-1.075915405787437,-0.9026089877464837
-0.5786961895343715,0.022070310517065112,0.3643041817452776,1.1716885673750053,-0.46903780335939754
0.04337054049249867,0.4390604961364707,1.3741853496419518,-1.2188887195395677,1.2564159688953358
-0.4540307308203031,0.7250597361252596,-0.9361826433816111,-1.7684312949953434,0.7777138729437381
0.36183462642902675,-1.7888244022657986,-0.7197457265372393,0.25170372734423047,-0.01889108557492155
0.888545733911062,-1.1501757700020026,0.6508651435335565,0.0852013714091912,-1.7647633192864924
-0.6441195173743637,0.639832724945014,0.4039248468415748,0.946412914977476,1.0154698578356733
1.512731013945049,-1.5479580949629117,0.3560970197266597,-0.21869939551407994,-0.6570235126329784
-0.5383440655152556,0.9871588021091695,-1.9071553033655995,0.28781504674391784,-0.5870566591867538
0.23935629012444906,0.47417252883685995,-1.3341611935333388,-0.006596822451376564,0.7591091627253929
-1.7398147844111078,-0.07200276785755302,0.3148444727130065,-0.40153248267754355,1.5742735612983103
-0.14063400363175205,0.9433974824580128,0.9199395812641742,-0.9776097368260781,1.1469002837291375
-0.5509702982756141,-0.1790016207938362,-0.9585029354373736,0.9393586106457722,0.014282106417375618
1.8368838336640558,-0.6363283009212122,-1.0421421726664004,0.12461234252952731,-0.4294329239458211
-1.389095700270159,-0.23085935770395447,0.6678124358218405,-0.708761052058393,-0.36197540260147115
0.12632864282540046,0.1809221029312932,0.396033829940292,-0.1931284601149679,0.8356841665921426
-0.40738117111087807,0.6760524754501035,-0.9225871576140047,-1.8823346458731638,0.4252414411052912
-1.4291476476143747,1.1646912583162345,0.2685989658263046,-1.166491009384943,-0.8743712181924359
0.3695064253153071,0.8757167445806529,0.6180619610215171,-0.6897217153904114,1.208015914176961
0.5371169554455097,-1.8752403093383017,-0.27368533166569925,-0.687413940482257,2.3671529595318566
-1.504390115965316,-0.8293539032144741,1.4818364949384664,-1.1297000485072515,-0.6992076011645901
0.23392903902545248,-1.9872637288831654,-0.42427487734815506,-0.4585350747349205,-1.0476751296093283
1.4821256051992437,-0.19628155335828973,0.6775128463179689,2.8588743241807824,1.4981634688306449
-1.9614210480422065,0.6501859620109303,-0.3066720693827517,0.8306099365503596,0.04838381325076325
-0.3632427536136717,0.3285793180744509,0.8452150909117795,-0.529874827683346,-0.4758546284341527
1.2009293887894779,0.4286151757082351,-1.7701230125648917,0.840693225597936,-2.0247407490766816
1.68788096295196,-0.7514562839888385,-0.2503496099802746,-0.019325906084470146,1.3305260003410875
1.4589981036295407,-0.2594013270617905,-0.3308209205808745,0.3206564107448615,-0.1327083994127726
-1.1578566464105315,-1.3661779316919913,2.1462080437919107,0.565219974506131,0.555836268373968
0.7402202945277531,-0.22050759947244822,2.006420992262458,-1.2933436573582264,-1.2108503818428777
-0.5591737956400148,-1.1812016426324055,0.4416708261227344,1.031968287518097,-0.45936568222496454
-2.231471401175345,0.02854004024223117,-0.618182139444368,-0.05533454746154244,-0.6601878643198033
1.1452413160824433,2.0627322330955264,-0.4346754332979609,1.0002184094426594,-0.026395907234033268
-0.5181690233495578,-0.8927469941534597,1.2652955633964476,-0.8712411556525094,-0.9849571731067351
-0.3824548805829151,1.147274485125059,-0.47053619581837497,0.15002997101438734,-0.03719899876780729
-0.06745195748064922,0.033918064233282516,0.13989439328864717,-0.13929758745417353,1.0889850980340796
0.44898522437302363,1.1554583844130357,0.42793980029149026,-1.0953800460625096,-0.10121261606937185
0.44795898750512975,1.7037484686377236,-1.2501016131733667,-2.0401040781000663,-0.0481208171860782
0.19237472830856256,-0.2953403846923512,0.30620696575450784,-0.9461198957952305,-0.34649619412807364
-0.42001445438803486,-0.4701214720673588,-0.5271174186306454,-1.302089380936964,0.30075514355023986
-0.4286182757994881,1.2543996591074484,0.23088393682492278,0.3320373590110313,0.5022281482150454
0.9018686976513043,-1.8720063616595228,-0.7112965371169151,0.8088038038411661,-0.3799895949549369
0.9054021020398841,-2.2377997032913735,-0.2727107928778989,0.06682053870502183,1.4710940030558444
0.25632278159539607,-1.2495935512411156,1.09333746558987,0.022559469144930847,0.8209080860829157
-0.3650324146036408,0.7883636021089571,0.6809785803465471,1.747833350031268,0.47558597931646357
-0.40434039695511054,-0.13723054143991412,-1.2376776891823063,0.20375989132844824,0.6166593482653565
0.11398802199091602,-0.3822138505151474,1.2800769534627348,1.9130753819159223,-2.8531419238116915
0.08072765592583676,-0.8489353079362179,0.5122716495525113,-0.6394857657900324,0.3008997470461204
-0.24288845902423187,0.04009685569465443,-0.11629183880177502,-1.5150514610407,0.5466874689595431
-0.5627782399873379,2.2809995869483495,-0.29007503606819973,0.4192814190837735,-0.2120500818338884
0.7952414072294836,0.06065827045916368,-0.2612010126515027,-0.9958569553834057,-0.29815420071537535
-1.2010500847521552,-0.729868641126708,1.962505628375527,-1.4264078847822417,0.014774671149110583
2.241650709101641,-0.22042153803563833,0.182798318331919,1.2132429064506016,2.4600213226468273
0.010500158934198402,0.7138482631512879,0.8263541524141423,-0.4503131939341017,0.4174326266499309
-0.7442461021563268,-0.9522018203557127,0.4982240184804484,-0.7743125735086441,0.049250142213462425
-0.3357503684679539,-0.008744532488088336,0.3340231751153763,-0.2593394737773828,-0.41316926207359783
0.8972108775307528,-1.3426223129940675,0.7460378447202496,1.5724700062925536,0.4502702068388396
1.5407229901244124,-0.1418749465771478,0.529300841004087,1.550887799240552,-0.025120154376733074
-0.16388741520095587,2.577846125447539,-1.6999089589553946,0.35401973088469574,1.6994040364234635
-0.6497835115926552,-0.20744946083543478,-0.6948019696386479,0.9782245093622555,0.34690268073983205
2.0610716960594786,0.44906787007359983,1.1387706812677347,0.5676411570171647,1.3524515103024868
-1.130184935597861,-1.6645881798613487,-0.48866183552396597,3.0077589817875476,-1.2644094347703805
-0.7571126371505871,0.29915994432237225,0.3834092108838114,-0.17252104200982096,1.5067079599287083
-0.297680698606272,-0.19403022509830128,-0.5356442090175022,-1.5406400166927967,-0.7995155011268814
-0.031152821818672637,-0.995952122277538,1.4872050309215306,1.4806380404602029,-0.5259487178728856
0.7687035873482291,0.5793076715846518,-1.3815679699035985,-1.3474033327053234,-0.6970076903742158
0.546602668519616,1.4591622576451464,-0.6183073128454406,0.5847303667043713,0.6560180663054462
-0.6417557513282012,-0.49562378089331066,1.6479290714947756,1.4217980622903856,-0.3093774174927397
0.3045381372358232,-0.4344894722831697,-1.7132986708223337,0.03003436917287068,-0.6938627949345354
0.8619242939015672,1.1413490940947,-2.005037683356937,-0.2341248738073973,-0.9336413989281197
-0.7903345743671252,-0.34845131093859893,0.4869531607938342,1.0145955005562561,2.1422988895290116
-1.263657129278386,0.9673387827234994,0.23539876922566458,0.9492103154127949,0.13396876239291788
0.5555687700409576,1.678050762911606,0.18964802260456776,0.25039744006443915,0.8725297121865374
0.864301541701547,-0.5129662875149462,0.3516938091373164,-0.04815340473711174,0.5250350803494317
0.38586070983568377,-0.17494159703332182,2.1212528007933087,-2.748955692894699,0.006118565702320549
-0.6946452329250214,0.7644088854216369,0.1024670888572284,0.27170344729984214,0.2354857118748482
0.1964231926746451,-0.16879639810521732,-1.3202375620946156,-1.447558431299434,1.620041848693118
2.517253813599551,-0.280842180831788,-0.3181202241893451,0.17897058785291745,-1.4982192978755855
-0.0015122626816604509,1.303719154291667,0.8264161227731545,1.5515187761668556,0.20671094712537005
-0.5387570007632885,-0.16543026779707054,0.3585183077571834,-0.14411684825035856,0.9528195568106176
1.0838746608605756,-0.5834736466627221,-1.5794734160326303,1.3528574945204117,0.3625988929586291
-1.0643036730412119,0.7496316284004382,-1.2672474798982019,0.8030089892835399,-0.9801842366247159
-0.9135640378943889,0.8182448415895519,-1.5387830533572189,0.06074346448616826,-0.019280035715690355
2.3072690855760083,-0.28277303897135303,-0.10391655810145403,-1.2713792856976027,0.3721534212795083
-0.6189090337491319,-0.7059000510873807,0.5538343186630097,-1.4056676188218944,0.5972704556643819
-0.9911422986651091,-0.7553729504644052,-1.5573104801070325,-0.9124379480446311,-0.5093632724119904
0.046141561157527454,-0.7940279676544072,0.38901205481109,-0.1368163880871996,-1.1865071187386698
0.48199950870111435,-0.3718915417259326,-2.5841830939092505,-0.7819127821206713,-0.2144363153303843
-1.9577129228225314,2.2251461588127075,0.11667909272556773,-1.0997422468141944,-1.0126165044108364
-1.1356062254346662,-1.089470918682244,-1.4668360606367463,-0.2488150227958983,-0.00651457865479441
-0.01261915770823323,-2.0349672330387634,0.9278349989446202,-1.862215640151339,-1.2408267500758305
-1.5642036580436673,1.8295424633116968,1.5058869084110509,0.8620752399873328,-2.008832452541737
-1.4270104421403027,0.7864489842040234,2.7765352698544725,-0.3539705131979881,0.7598219870992263
0.04316009127070872,0.5556701043838678,0.1608041701034837,1.8902793381154366,-1.3946710138283211
0.1323095265620059,-1.2881858321084252,-1.1286983656030236,-0.7497345315125931,-0.2562013197271832
1.534999797761807,0.7904058793714339,1.3947060114239471,-0.5802702964905418,0.5919797957225145
-0.9324505361667196,-0.506081727240604,0.9397101278029695,-0.0786774472595313,0.46344942460910293
0.8131183539173857,-0.4980292630385623,-0.23659110485769694,-0.05724146109042655,-0.920071671718823
0.3741948576406918,0.12624147261229085,0.30978888612943056,-0.1653297248219167,-0.08234997709336025
0.8191752491530838,0.286312716830779,0.21729381106497883,0.8991350794400034,-0.6891334092814331
-2.414097757982595,-0.20440033695356097,-0.4037949042314931,0.10039022246236093,-0.10368007694816452
0.15601632502715032,-0.7435933751926865,-0.720187415304675,0.28044869738042066,0.021664548413105743
-1.6577870421312546,0.6590075896153047,1.2730522124819026,-1.3469084185312619,-2.094118365622701
-1.9542489218063368,0.1819301535591863,-0.6986021154244063,-0.4204920643095169,0.155899769850147
1.07577339026979,-0.5705081998311989,0.5905348839308082,0.818024300117982,0.37808780087847665
-0.9663030781862112,-0.5201608833609276,0.5822519000640426,-1.5868990641673906,-0.755617547082829
0.9100425134085449,0.8498130504160815,0.31778277177307684,-0.22531805309341188,-0.8072831607712255
0.04362149505584999,0.4048410313099928,0.010240877367169048,2.4144880577144403,0.21135527932967346
-1.465318870998901,0.804695232376637,-0.9341170220041073,-0.06156857231170746,-0.9649016278200425
-1.4448877021448185,0.4875667087152164,-0.9660011010633055,0.2903837457261426,-0.6799184454749501
-0.1466076686932595,-0.6860346851415248,-0.492791989008835,-0.5750026696820206,1.9997967555596035
-0.06585200580340478,-0.9099468091047035,1.581224510727868,-1.0226869724973284,1.2421446328957448
0.35691576993446417,0.4799827610645816,-0.9599876490122365,0.35729587596691487,-1.1079225834854853
2.025997007108469,-0.5352894224077921,1.3875088891871679,-1.0183934054774315,-0.47108189505616443
-1.2994421859135148,-0.2617603080799699,-0.18161936001933643,-0.21827309579083506,-0.12824508473616325
1.355255767295015,0.25545929445994126,-1.2468607528668063,1.6649803482732843,-0.991233727254711
-0.3423200082091741,-0.4257129406300062,-1.1222013976439131,-1.6508791410429027,0.2922245411150857
-0.8471862051124665,-0.22242995215802308,1.0034134387072495,-0.9527328387245033,0.29759232403774766
1.7138493405758704,1.7708420667425653,-0.19670238004553423,-0.08821162130545537,1.0423467466504985
-1.41510951802267,-1.5694667309725832,-1.9021053874249767,0.14734329015868844,0.1600607874303713
1.0948089689164946,-0.026501612720283157,0.8218758462685871,-0.36590493605105917,1.3139952892484001
-1.3360453989478738,0.11683616778877741,0.07205446955733301,1.9671891895183657,-1.4581182244804833
-1.3211060524217815,2.4382327412139038,0.5609506125932423,-0.505101334223134,-1.3709471102294362
-1.0538131304275125,-0.8208857064209674,-0.6625171766018374,-1.3539878232801028,-0.4565977978221576
-0.7024909433772492,0.4638490032746444,-0.648826124959728,0.27628929821456477,0.11746748904961646
1.9449643379958097,0.5878216125351267,0.9123693755009028,1.1261625099060033,-1.5000978880968971
-1.0534454989556026,-0.5885917693609808,-0.023485629390156144,-1.3310221623251566,1.8716779215166872
0.31510894040412313,-0.6547539818018846,-0.270510660370956,-1.2622935462817555,-2.3225306510511463
0.17097076037749284,1.1644332063746716,-0.9567178803813309,-0.48370465627207876,0.580861574308957
0.45794231632313326,-1.4796371117876057,1.0807603225213347,0.8430077449855594,-0.8796178472234005
-0.4415865814504288,0.5453916746520765,0.36238081341100736,-2.512740736831397,-1.4665647137003646
0.09958530974728007,-0.9411940351985925,0.09592943778756288,-0.48544158134913773,-0.010121366229649644
-1.0103739768897577,-0.09140357291934102,-0.46587223927814414,0.2743380644115346,1.0329159354698068
2.9233576540161152,-0.719457158371501,0.3924431923253797,0.2327632385215673,-0.14071582376055977
0.44781894359760666,0.43020690762011016,-0.11691624300121492,-0.6875953449849724,1.2332615467860963
1.227954022566098,-0.07263326611241741,-0.5507212376148036,-1.90628018204562,1.6076216120706255
1.0050437717540688,0.26644363011795885,-1.3498137587125278,0.477076514253865,-1.1326100082296835
0.49071662350022,2.1654643098367874,-1.7209437846414422,0.27448681826670035,-0.5709758460093544
-1.7206396312341783,0.9025355799441016,1.7463540841344645,-0.6057700138330111,-1.7178066970983876
-1.0285290249623367,-1.2824858356549824,1.2797887631200071,-0.33018137191569696,-0.25032061057490285
0.28449952598208755,-0.7034494312640166,-0.3585479742140668,0.9518175306299572,-0.5125518107235314
-0.9067596278626142,-0.488139192509418,-0.28645470531579537,-1.580749916611745,-0.37845331384105885
-1.0687107121874397,-0.39383391078805674,0.08834336013571814,0.5481953471424993,0.1376247829907919
1.081408166718732,0.44421422420690926,0.1233646988563504,0.9561672272683509,0.3730295485724163
-0.350619338467118,-0.5532134179876005,-1.5133494074915814,-0.9173981627222445,0.6008508783267683
-1.0906425232246604,2.6563939353749215,1.1586315989737495,-2.160822019980008,2.0178811502201803
1.6146609227642448,1.333502154234564,-0.7222763333447272,-1.0824886188721696,-0.3311335622183121
-1.0232269163420749,0.522376915435891,-0.19779753707079295,0.36786217237708974,0.7609607874470732
1.2808585321129577,-1.2064558623091508,-1.422412823600985,0.12119633494570706,-1.9204497638298297
-0.32080903979745923,0.27220958728997163,-0.11849706119401766,-1.1886413058249483,1.0211119191042521
1.199636172050819,1.6225516762530152,1.7409157143760152,-0.8173923477591133,-0.6964833359545369
-1.2277948469682383,0.8274843175729191,-0.054481309898839085,-0.5289508962481874,-0.3919018184858009
-0.8892660962829041,0.7449297922256006,1.1738831300060732,0.3125630424284007,-1.7213137080959326
0.6069884562892125,0.03752394064468924,2.1364113150059243,0.10718340557285103,-0.9704034456670768
-0.2788547134112095,-2.168667208351548,1.2384374923850248,0.6450395876992632,0.6219007041083489
-0.11903505778975258,0.21138826306599048,-0.3954718266952722,-0.17908194068108194,0.2049445867757945
0.1150002386504835,2.381838536861614,-0.14604727935597694,-1.5767410580554777,-0.09861254894032298
0.25612166439187445,-0.1515224645518798,-0.8438642384974852,0.08222069890497055,-0.07361182974696975
0.008121903485469092,0.199848119044967,0.2340133108035692,0.19088775539417788,0.7772623111501036
0.8704460067284708,-0.5262471315458837,-0.2852085424538949,-0.9050244623397842,-0.09718688434027233
1.2880941275615994,-1.4717204424490002,0.22951136785986473,1.334823931400683,-0.35923704052288824
-0.07375127917341073,1.6677645757519475,-2.0840001989853354,-0.07150668715218915,-1.5179091987355677
-0.007675218528419043,-0.04096354694226757,0.7381724293103753,0.011804299782910824,-1.75512407412907
0.09668391050976045,-0.44197015463864114,0.3354138878724062,-0.24362564516643143,0.8585335839702506
-1.2555265820898593,1.2379580786350355,0.11188998640327281,0.2874937418608355,-2.1476237019337456
-0.6528307373625367,0.9914091559349955,0.9694288612838033,-0.05626242313797992,-0.7398256798915103
0.36916875415427425,-0.6659729582504375,1.6043100330622566,1.0958894901846066,-0.5929748500260936
-0.45093340527445525,-1.4497648688631806,-0.9050821077128798,-0.8717162335348065,0.11531776010173686
0.9262000305939823,-0.37102418563928324,-0.7222633551896891,0.06377729423305913,-1.6143841852451677
1.625741031733053,-0.03208431485958532,-1.282292361734665,-0.3833188070280637,0.033277065725001255
-0.9336633643385744,-0.0024892110639511164,1.1688665922002108,1.8835325184853366,-0.36338109674772245
-0.7151795035737122,-0.018148969832072658,-1.7434165932256125,-2.2559421922157536,1.1258843451704166
1.6490084721639526,2.1674884655531566,-0.7798444682610038,0.07108980337952049,-0.20027324144781247
0.45602941466167435,-1.12605280882049,1.4006450929398286,0.028214138066509402,0.12460682515451807
0.06035875625274676,1.5113382770143766,-0.24528087303294105,0.6904088262300971,0.3485415621224479
0.6372140889616749,0.8019304871011281,-0.7036403801335982,-1.4916401747884427,-0.754815884335634
0.37585959781671435,1.13110789479977,-0.36706916694110525,0.3996467288531248,-1.2800302109474648
-1.788042559018973,0.7889768677089065,0.395118612393273,1.8810758319931744,0.00037042049265529557
2.3632225511631244,-2.0317500442948764,-0.9921638581150787,-0.29197277838247065,0.8439348636454663
-0.4433191342865681,-1.6609663002294996,-0.4442996614416522,0.9254081668582673,-0.3361465255444565
0.23657351150254888,0.7529372476283352,-0.3182906298390433,-0.06158683845191435,0.7705390223424097
0.2246548226372615,-0.32057871146749767,-0.6659530416058913,2.0792523442283146,1.15152783090751
-1.1238232671173471,-0.7835829349707456,0.3712346400423354,-0.19938097905768148,2.221047049698457
-0.7405401809809912,-0.1276222524364188,2.3327588303471836,0.7766687909535377,-0.132903020914087
-0.11526552443637038,0.3323270383886783,0.131094457734955,-0.04583302474796442,1.0098070932021197
-0.8896143174813599,0.5635700755243457,-0.6565644396026723,0.461597493673936,-0.31399049638919446
0.3397505801809345,1.150265519103744,0.6200344409733165,-1.1957891654582729,0.35935084144060614
-1.9275460688445518,-0.9187819589135057,0.678355771130741,-0.16075392719820794,-0.7610970880614133
0.2669488867658491,0.0627881224872325,0.31216803897081186,1.0727774534027605,0.32657364073330725
-0.48417564385328477,0.07414477598069938,0.7858731906644718,-2.0687825962785515,1.5672745414780975
-0.8834517087389618,1.2622305299592018,-1.0787425222814815,-0.5623878519450612,-0.7044766721009742
1.4852319079683522,0.22074881972435995,-1.3217605470120308,1.7601715840103276,-0.512801406194293
-0.996538496434353,0.2520637175605421,0.1210730194508279,0.5875831081344794,-0.941783685191962
-0.8186284751117013,1.2939190393750386,0.5086561879139195,-0.1666493798172441,-1.5096242281621
0.856137280855103,-0.49383664169470576,-0.5786654593081219,-0.5638915798156371,0.8210169554599045
0.7263472584731778,0.060919722216401864,0.42719175173810753,1.713420306571326,0.7996904835504001
-0.011807950653652616,0.6746698754501252,0.7435900447221138,1.523240412439552,-1.3674103269402038
0.5055556957919899,-0.4742521532236929,-0.9093425427031391,-0.41089996181242155,0.34367444744566256
0.48459117362590903,1.675121729380146,0.679507989805951,-0.9326974505854431,-0.212817356686435
1.437598836613197,-0.6674957743263197,1.7153986189427413,-1.0920883112295652,-0.36225159891220926
-0.26837229536402146,-1.0222589140154534,-0.3061080051669268,-1.9373394264474073,-0.6369142023567504
-0.8126793222395021,0.25452587472349497,-0.7332220254124773,1.2042578981556975,0.7936940816736111
0.9291925790486454,-0.17657779214915373,1.178326259310109,0.09044103209301076,0.40780013566537743
-0.16109333257257097,-0.7244444474908341,-0.19193300576332956,0.08933296986353888,-0.5094102653320237
-1.7164956849174924,-0.5056721029467484,0.19023189748093502,0.08549235623203176,1.1209959397038785
0.4625517829718606,-0.990409943466648,1.8694590025583393,0.42788616042726424,-0.5695737169332534
-0.8187649771439756,-0.44983923922066466,1.5045468532068338,-1.458592082937253,0.20787449553419113
-0.885990905332522,-1.9545972692872755,-2.256763747362085,-0.6864077509233607,2.403021234552742
-0.412589202332313,1.763841951707034,-0.32054575475974595,0.06838326063937299,0.30513137471828583
1.1742199801152833,-0.30328905342424967,0.49472013880287535,-0.157109056609691,-0.9225730658688052
-0.5898014539762679,1.6339216488047599,-0.6604926319584834,-1.3503006710877488,-0.18890977952008106
1.937041746276788,-1.85384015062154,-2.3348856589915155,0.8066883324640673,-0.10532548010252615
-0.3647054399772394,0.7888794070555624,-0.20806689705561723,1.0784373393081952,2.3386922867526994
0.8797738116532045,0.1078282648340058,-1.2123120746907567,-1.3848484681323072,0.4407037029861795
-0.6717295377209999,1.325440290404777,0.6861506167338572,-0.38853321159458293,0.7786525143025055
-2.301514558277368,-1.4091294219941803,1.9043693006956113,0.08111022033812518,0.84733368972526
1.0464347404891319,-0.7150791821538622,-0.1119384142517387,-0.3854607971518839,-1.178787743030838
-0.7966121251628824,0.0995105745421696,-0.8749778994182948,-1.2299953705424973,-0.09762230204729638
0.5815317393917679,-0.35088255180559885,0.3717453702753123,0.966616952581251,1.6082601305764588
0.5441488797957115,-0.11595517234652677,-0.2727420832326593,-0.9478480352044931,-0.4553767771456472
0.15427828074086372,-0.9382749941427684,0.21557705732655336,0.4008966936633439,-0.7007992822312825
-1.2050702118985408,-0.0849536701472921,0.5601920337658337,0.20193632969174932,1.9621275377923368
-0.667195965462914,-0.644955060849177,-1.8990542371806023,0.034456790521559706,-0.0657328641967924
0.5714047307536834,-1.607694831995846,0.051735108249708686,0.6672440105099366,-0.3827130671221813
1.0585892788430666,0.4058499631475561,-0.08576852712041419,0.9036845432407182,0.24665850952479298
0.9272315834848184,1.1921102855019803,-0.2792690591984301,0.035216963270476284,0.7575594573327846
0.044397978534017626,0.5641550641381611,1.0529795965662987,0.587931124715087,0.6734351066387672
0.3091511023185605,-0.13647938972730272,-0.28580618171184646,0.018374299205985267,-0.2041615338631873
2.007762204499082,-0.7518196877716081,0.7523232746680375,-0.7262364687077145,0.15735873645229195
-0.9117316394066515,-0.7712405642207801,-1.9756722950365455,-0.8203075357807578,-0.010647587098885199
-0.7127897805500188,-1.3375482835453756,-0.4461448886657942,-0.5035726866280905,0.05207930969096225
1.1418856960983859,-0.5519349239063394,-0.7553181417028841,0.03415714228441478,-0.5057508678109003
0.8459571385907145,-0.24892370535142716,-0.7050925310156747,-1.442778020957383,-0.6478715900262269
-0.1288625618460416,-0.494411010589703,1.401864715078641,-0.9029198048338939,-1.1302771177003201
1.7905103910074176,-0.7993336400413924,-0.5319347746552364,-1.8857659890259852,-0.5299148542914248
0.29117688565299094,2.0978376296994097,0.20110436761192335,1.9417976470314393,0.3449465550088494
-0.11659544147767167,-1.2181878656616638,0.3527952834163438,0.9406048185187367,-0.5623312561881266
-0.045421599546643904,-0.26483340673756994,-0.691115267757834,-0.056598890829857834,0.25091750567941673
-0.9410725874505741,-0.06918384209539911,-0.12069753605449804,-0.5550392231522085,0.38438868912326934
-1.8907905737672948,0.05766740310273213,-0.3921052343537273,-0.26864474068789745,0.029419918249317997
-0.2994468296553756,-1.1940874669265324,1.5664289146955155,-0.2590884302622311,1.9333102109412785
-0.6503560445839095,0.5961829055003888,0.7646026615753414,0.8109389014313062,1.0064590538604101
1.50477372247545,-0.7540952889131949,0.2761300579845962,1.8049376421091596,0.24349148821136554
-0.05187766902692456,-0.33887952713041025,0.3915724383977561,0.3151588423525453,-0.8584330013982612
-1.133913891182607,0.43985134432972645,-0.993175716390165,-1.2131980170000751,-0.2973665133462656
-0.08984245309263429,0.5185610353249233,1.4242770288097053,-0.22494484473174534,-0.17497144268090942
1.4536887321049081,-1.8410106920408,-0.001111749630326051,1.6931977638662594,1.7754523268829738
0.8845150170240942,-0.28146686215872246,0.8481268904838479,0.6078809076248258,0.5161173644107189
1.4043353310092357,-0.09461413906902219,-1.1656045885398292,-1.258601199328555,0.09476052777787827
1.355588098051219,1.0393140612792666,-0.45439640766840994,0.46156559136677655,-0.035551250259291685
-1.4020991148771809,-1.0969950439653824,0.8736216291184332,-0.2698549903189696,-0.21652512546379957
-0.7351589339559574,-0.40144996492311835,0.778722971489568,-2.1355779352362387,-0.4481337684472519
-2.0461178197786887,1.6438909842572098,1.5026100845202581,0.12821436273611161,0.6567271751441193
-0.9202159552263522,-0.5009164676804073,-0.9558969472917312,0.5281572769851773,-0.7370140734200673
-1.3658780544755116,0.024660848401248207,0.38827535853245837,0.6726674896708058,0.004082427299830554
0.9622497019700259,-1.6660449578300314,0.1188669324606088,-0.7064053343970567,-0.7668380575444929
0.7664112405741601,0.015318870478772886,-0.9833778428002061,1.2436945636990455,-1.0059011087677565
1.034396902475697,-1.0747729552191507,0.6035597402183515,1.4764269074235272,-0.44480745168864727
-0.4374625721826368,0.7251772407880914,0.7687728153338421,1.4335777151941174,-0.1284761889835618
0.072476301807924,1.4689599656296346,-0.12812758350174186,0.6349326255873656,-1.1610017217999904
-0.08583609456431669,0.26708964747507125,1.3759372881375056,0.24244260746532056,0.17875561253995118
-2.6975406366464827,-1.0908088775073268,0.09906438947169695,1.3541554156811089,-0.600526177913663
-0.3518871914264436,0.5464132780138004,-1.3857112243161231,0.4028847877235347,0.4144383613463927
0.5812648792308157,0.6727151664772867,-0.5418588619454966,-1.0191953408277235,-1.089347862533208
0.8125082975705379,2.3229840577124397,-1.8090893456849357,1.638995825619259,-0.3316951101718426
1.6091954596190319,-1.9806436330865822,-0.06373612696872732,-0.0572425735094302,0.3748131275642337
0.8044140837996352,-1.0992695338807565,-0.22897558278647262,1.4181191084975928,1.3804680457285654
-0.8557848944626009,1.1158759006705126,0.9763363029597234,1.292776449191461,0.01402563033858618
0.7422181196735115,0.6478047268635568,-0.23264276758168767,-2.095801136632843,-1.4230958982602153
-0.11557149642083502,1.616807733207479,-1.0959523118491346,-1.2814912813706447,-0.28755566803804805
1.0831420705532282,1.1622083632374411,0.8289365054684322,0.6914976699296873,-1.1735137320544726
0.9248876269609617,0.8678003210744865,0.6551734877904868,0.09517550217444472,1.3670317099632672
-0.7083699066330424,0.7398455421942264,0.7875828764948972,1.3232983052185383,1.4260230606546627
1.4853507313733179,0.8911198501512477,-2.14222318156006,-1.089624560330093,-0.1773550670031838
0.21098664766165962,-0.29336507900633113,1.2183742900942673,0.6278074306168092,1.3491984135522173
0.6372695958298445,-1.0879713597710658,-0.11659843674284506,2.3147253337975147,2.1125567241131655
0.9904159045540282,-0.9423941638414289,0.20126534449564357,-1.9515352379827187,-0.9699924976237763
-1.5652772165869817,0.28781101594224506,0.18747987673910443,1.2597272095480176,-0.2970237899821752
-0.8887930742851835,-0.1547013799726214,3.054820544514475,-1.2905756017757786,-0.8643122182850702
-0.4237485155706773,0.40509029267937996,0.5516171761671272,-0.20658353890012415,-0.5895594351693368
2.407580875497502,1.2311472943123043,0.783162722218051,0.29961473982277487,0.6785348064573882
1.2533588005055274,1.0593264211037696,-0.976625580952851,-0.8312546321547293,0.22569181331096286
-0.24904100905048102,0.17429770952349577,1.0435686904692227,-0.40806320919964306,1.0206074419557092
1.1958365683092829,-0.6647828215231673,0.8676912245251358,0.051710477515083134,-1.6088130257539428
0.46808241631422903,-0.6212404693041973,-0.6683103393027856,-1.2795995287979283,-0.5712612091099198
-0.6891072136532366,0.4916543242629661,-0.4855493002547224,1.3677765612828388,1.012133311508351
-1.2589821055975685,-0.6435645759316174,0.23687385095801772,0.5830107655315513,-0.5869955011340865
-0.5924146655476504,-1.1116569426678926,-1.1698845974061276,-0.5609067658528945,-1.474257846246792
0.25965571686473393,0.17108537441585384,-1.5834323303629365,-2.708448826199796,-1.1474659914674628
0.40250665328663965,-0.4212164343806229,-0.02230160766848865,0.5433673535864899,-0.6155883844007882
-0.4557576133944762,0.7369822456754058,-1.06118704743598,-1.580716366896117,-0.1826397702370442
-1.3690664435937352,0.11822173738314404,0.9004976709767001,0.4443323871466234,1.0261785437154864
0.1905955204139845,0.07491697682379488,0.5232377779403046,-1.8047094808283846,-1.5323604402770143
-0.3485440568365972,-1.247232565819156,-0.1230123322960715,-0.6954526207456131,0.9528925070755999
-0.0025487047758366434,-0.6970932755496584,0.7331167145978914,-0.13138203381245603,1.1599480584764426
-1.0354460575363016,0.3387235731599628,-0.43591023102937265,-0.012905163141991373,0.8325595637062346
-1.0713042528286492,-1.8045563676691452,2.687748944282946,2.05171785306866,-0.6068196677636271
-0.516160197155614,-1.0856769056757618,-1.076530027033386,-0.4620352387017898,-0.6562079516437467
0.3320126164675317,-0.419414694475266,0.017527100640637783,-0.5289894543132987,-0.20395592645653335
0.5460838156996604,-0.3895811494529291,1.3123348956406626,0.711286497444707,-0.6736132982898816
-0.9720472748044966,0.6530585143310238,0.1026749380166666,1.2089377652168645,0.11529479546616848
0.046059769647245195,-0.6931460249003333,-0.6407562918114084,1.6125511124832845,-1.25872423305767
-0.4597782402201204,-0.6111658397104173,0.4520016241174962,0.824639483255521,1.067857203170357
0.1402750408093283,-0.036457497212961563,0.810406953262377,-0.3971983871625199,0.6891835161098029
-1.056703508483488,-1.6859939016391354,0.26100306657118966,0.10119101235548614,-1.6074677983542613
-0.4637885697583617,0.003079540710414791,0.28387332412856675,0.19059545356134092,1.6891590369359633
-0.4677257904875068,0.5737881298994946,-0.46981667441686614,0.008173475234965663,0.3861294075727873
-0.30321140905034183,0.8426147432513044,-0.16411244960621416,-0.19293762276873522,-1.391093560706792
-0.4654879827714189,-0.2950131539448855,-0.5883113229193069,0.9354794226445232,0.7397896317757311
1.4618247162304132,-0.8603972040831024,1.3755147829037138,0.2338680151972555,1.3714779412703904
-0.657947636575437,-1.5313179153686254,0.08062150483451738,0.8790713034868887,-1.0375503755787325
-1.6897899910958418,0.3534715287293234,-0.5998736812577162,-0.5115364125220759,-0.14374038259132346
-0.05136489657767613,0.4294824470509266,-1.4904858580691573,0.7827345461435017,0.3604906180176313
0.2384295685112898,-0.7176922689390548,1.5474249255267878,0.24616008662808833,2.352113308110636
-1.8223344129768182,-1.5102228837698752,-1.128691783849008,-0.3277687059045476,0.01866507781141117
-0.3926931439793144,0.19125822537524234,-0.0994676700244555,-1.4132087728265195,1.098152453282066
-0.6192549894856274,1.268389235982659,-0.3994035318066648,1.6474454068308586,-1.2800340292826362
-1.0546161676515322,1.1373203469992477,0.4263563719012297,-0.2753036079836808,-1.9849464832871355
0.7328897974871661,-0.2652450376914861,0.20464982012439345,-0.5069571564349037,-0.1658952026358668
0.330888416147597,-1.8912858109765456,-0.32539706173738686,-1.0324165796349145,-1.0709381824705129
0.11191906527316722,1.428541577515251,-0.63523967883899,-0.39644813343881663,-0.12188236219788413
0.39163576907737013,-0.30331687715101296,1.5697611401810347,-0.15160912822766978,0.832239674143886
-0.6513242302711925,1.088137548043487,0.011685236220874655,0.17689592995417858,0.16324290392391605
0.9658736631079854,-0.30887344608789025,0.8868919033602345,1.2676118276106576,0.1925335317511969
-0.3276827312514838,-0.7486185957370065,1.3202399682243837,-0.13660119423747305,-0.14495319937294793
1.4950923348513088,-0.12046558089658067,1.0093778032410479,2.0268521689995924,-0.9293944433080891
1.0947591889156232,-2.0920175773088623,1.2021360975644009,1.2046911264528224,1.0914338938379415
-0.4574402907232021,-1.8012469867034986,-0.4684625198816674,0.9971440106833642,1.0023535102114414
0.5620298585816632,0.9893470299670176,-1.3149755505569931,1.250258469654162,-0.132620220819308
-0.05432282363446482,-0.7466850358585699,-0.573291004979572,-0.31327744875048735,-0.7945863937398233
-1.6358206061463523,-0.18826720178038078,-0.7806291453366219,-1.038375436228634,1.581739347415057
-0.79603437555215,0.12426233112953929,-0.20247756346314974,-1.4808575114667437,-0.5152105406384183
0.6885016217988494,0.933420441073809,0.12114222543219817,1.1702890569590745,-0.3509534460575957
1.1215147408392425,-0.8366021915658532,0.018846541805370546,-1.3220836233361761,-0.41411806904611437
0.9654388004363179,-0.7733112331246066,0.5727071285406954,-1.5347565315611977,0.8098439991346564
-0.5971605291098383,-0.7882030831698467,1.694342630586669,1.3810545010833473,0.2957562757358361
0.3182394235269163,1.0644747946759439,-0.29913636008306105,-0.7742087208225095,0.029696857383339787
0.6851250248385246,0.32484628168517204,-0.25240548657513423,0.4524930614727317,2.5425700561607663
-0.8080662519231587,-0.5778488127518029,-0.28273133640551773,-1.4994895440432154,-0.8114565487840978
-0.6033828646646394,1.6417356466860058,-0.28813142318670026,-0.2579960695684819,1.530143599948315
0.6013176533184167,-0.20301449337498748,-1.2724231339142371,1.2837839018390456,-2.783559887709313
0.6148383715437437,0.18110079487193714,-0.14127187715275435,-0.5608602304286427,-0.1756709323783191
-2.0077395181122455,-0.05455323143168986,1.1556478810715112,0.1859959335910671,0.30366575327841594
0.8374348749594527,1.388751623271296,0.25079198717708784,1.889062099924915,-0.6960456104862376
-0.21400006962288043,0.05883428306953908,0.5056417589315129,0.29640122575121,-0.2648953540551015
-0.24764474737361522,1.3564362942536952,0.7159576716679292,2.7532322759539025,1.0710038143431098
1.0844310345250727,0.18870716222884043,0.09734232099589994,0.789992195868149,0.13234387352392094
-0.08232081120720869,0.30989654380241805,0.4099324035728341,1.8251060233205745,-1.0355078165121046
-1.4471423664264174,-0.6131187987072584,0.9563555497871431,-0.386479520366036,-0.049315697589752655
0.2503411386383199,0.337674159443588,-1.4737895271717556,-0.10511495109971208,1.0849108856543295
2.0464032764251865,2.2547464920720968,-1.6094611762530684,0.8351111902684867,1.8363342269426843
1.1941236505841655,-0.14760877042845372,-0.46326867455240295,0.9884799933209972,0.47375054909113035
0.807634611130675,-0.1363651177466816,0.04102382853995894,-2.5922178895652914,0.3637543005114105
0.4902268662439269,0.07577492922157594,-1.2003541450049275,-1.5637315410563082,1.2284578000404476
-1.629730444279801,0.5735672940518826,0.8144626120814128,-1.6456835229460127,0.5335778423340308
1.1122027693055385,0.2298216987758996,-0.11392565711697479,0.3933534803313876,3.014739874794189
-2.606180500765534,0.22639267475679734,0.7086568424182271,-0.28420973081166273,-1.3472704181641784
1.3789522654972377,1.1138683169880603,-0.7466120956763079,0.46498283214561115,1.9353478165911662
-0.9166385417749298,-1.4054462286468288,0.5179788836143258,1.0981161863676763,-0.8130356257865513
1.854507376052316,0.1990622477386361,0.7712816525572224,0.8688391194585936,-2.1328182337571375
-0.989641482509862,1.2992833670893316,-0.11235072395178565,-1.011761525530339,0.896010021310527
1.0230470006891978,-0.8815589117686184,0.36016894640097,-0.39054014505725176,-0.5915754092213591
1.7327535740074755,1.1142372306959833,1.8003983607035843,0.329448886847121,1.324624059545741
-0.06114009264573476,-0.27822913876891847,-0.3418029336825305,-0.8201764006393847,1.2020075039204754
-1.7690692653943925,0.2411749794617748,-0.19120625025922994,-0.7239499580585285,-0.6025872668782407
-0.5318817974765041,-0.09036986050164979,-0.5400651833551157,-0.12421983659691392,-0.7628744392161289
-0.6911759592613463,0.4555469341644255,-0.8873878500974555,-0.13871046383426894,-0.41351793394905656
-1.7102354653977574,1.640785068436584,-0.7270724907435386,-1.6035356044381046,0.27411346885574633
-0.6996761467281253,-0.9121215233959663,1.9174175748519975,0.5536448415092156,-1.0474641651048509
-1.0787191786058206,-1.7543784517875742,1.5687543684258978,0.7426366992745541,0.9803070559485971
0.4295595232425563,-0.6083364350637452,-0.8076182749129058,0.2948635673314852,1.4947174477099172
0.5620017124817434,-0.18408247323358917,-1.0305219308662317,0.8229435250593915,-1.0454589129147462
-1.7831686179548034,0.8662069986109512,0.5550133221333623,-1.0039252112544153,0.4774785111230654
0.8282475171896954,-1.0205581205581007,2.2263124498311595,-0.3064230194567432,-2.2425462326499046
0.4921021029257697,-0.8717803195770621,-0.33276101583966206,-0.007426055541237924,2.564510391352896
-0.342897190912734,-0.00042561809670803465,-1.010016693611973,-0.6918002399002634,1.5176530960115182
1.0720993795366616,-1.5905390737323186,1.3631343567399732,-0.5087505609779281,0.5102285130567873
0.34022106827624554,-0.8631495282432029,0.05446176809438384,0.7504903610254254,-0.37268929931686534
-1.6470127955086256,1.284737576159748,0.5740970669887591,0.7828349808694764,1.0062539559999442
0.0995458729243133,-0.720704385210234,0.797023252772587,-0.8681480703913421,-0.723183248563803
-1.177745355067788,1.030554147084896,-0.17654384874716011,0.1989478299977779,-0.6137625511147117
0.9014244471157267,-0.20765670472479777,1.1347063897595722,0.4439178709860487,0.871276420207855
0.2859717947791617,-0.4301819935456031,-0.2567973113644957,-0.436737663631727,-1.5156526037724103
0.14367800367878153,1.7714718580255648,0.3689528259965629,-1.4759325618466814,-0.20507616265054424
-2.247013432911794,-0.14778464026299296,-1.7316339103596665,0.6063400920477509,0.7118725027884714
0.17343948510545654,0.4757223686184766,-0.01818950654251001,-0.22270362408867636,0.25099682049167077
-1.1658141805071984,0.12183481492829719,-1.9196749701967113,-0.16140823567501195,-0.48299179382866453
0.9474555402920481,-0.6579066725534277,-1.714141054434515,0.7463808353100788,0.09177903789266634
0.040498279126552184,1.3381746617710688,-0.2766586650423633,1.5377671431270907,0.9159007500367304
1.8237317810024887,0.19511062576239982,-1.3141700912659677,0.47067117144216347,-1.0565927497722114
0.9647215608688493,-1.3888626044946377,0.5318474600182825,-0.2845990696511649,0.7641762071506609
0.4992550328695711,0.23921567164550522,-0.4447455304907033,0.13265620005127834,-0.48494747242568803
0.1290130642760954,-1.806510070229732,-0.29587956810953525,-1.070588457913059,0.28233547556991456
1.0158031632672648,2.765092004009205,-1.6188303565700597,-0.5029901182364914,0.07524657906742856
-1.4887539005378536,0.9596603641170491,0.4235878644205859,0.2999862617545631,0.1407671581956734
-0.8589952076115791,-0.6218669362125582,1.1043266085505137,1.4514561531324341,-0.6528644981178506
0.36869571927895145,1.0135183691787937,0.563738534074324,1.1645951940196926,-0.4184358434448474
0.1856451258468562,-0.49220391252989665,1.2882707810566447,-0.024245881896129747,0.43329329859603916
-1.3763243079942606,-1.4237286125142208,2.2170243902602933,-0.8537084021943956,-0.30215591062492575
-0.6933961640951631,-0.5581748425978255,-0.22293671951232547,2.377810287412662,0.14669238067022852
0.2830004275410472,1.0456929378124578,-0.1413173637222442,-0.9058109527305458,-1.8380021762817604
-0.026531195114998896,-0.49526035330851786,-0.35535362050403035,-0.4418761028811047,-1.2785490794791747
0.10387326310418336,-0.6937982273287198,-0.3615396867414714,0.048455212575069455,-0.7386172412834354
-0.021466600248320377,-0.6282339896697052,0.9870661228341159,-0.07897834689343795,2.2383603682083866
0.7481224767831277,-2.076960755831778,-0.98250525193825,-0.6504497309573201,-0.9805115609275272
-0.7587078943571239,-0.5102528963429711,-0.4317218702057968,-0.9098435928717012,2.3268717965409778
-0.5771621357463433,-0.718336550097919,-0.7994803937414405,1.690018773418707,-0.7630638644174706
0.34679842557050483,1.4714928107891898,-0.9147294433709892,-1.2022268383479346,-1.7558191841531217
-0.04360087559592522,-0.08617693917044231,0.020792401418776616,1.039924159017294,-0.3797682206635404
-0.84261108606325,0.5817644913600626,-1.7102555807084605,-0.39780762060428604,0.9222472837032624
0.6240899124865313,0.35866755357262153,1.7123808388043613,-0.748975509885643,-1.282385621118706
-0.4910930738917655,-0.4857845177207327,0.33817756422448175,-1.3763432626924936,-0.6166622408312036
-0.4932491316809586,-0.06986847089387917,1.3683913941308363,-0.7235989390029554,-0.11425460306730839
0.4799981807101189,-1.802723058362728,-1.0886750938229985,-0.4040164874951225,1.986431416569234
0.20776433167833253,-1.840288147454305,-1.1300887626356384,0.1636983873620688,-0.36891365933217923
-0.503672027997005,1.4154909292949505,0.7607218506833093,-0.037211032912304216,1.2144753629168112
-4.346750666028448e-5,-2.2297405964391457,1.0133497259830928,0.9480248777969271,0.830265033064833
0.07534702219678986,0.2006034525786001,-1.0110051549593886,0.6356164301437486,0.16642376384186383
0.7384316905031869,-0.8566938056061884,1.557849799611178,1.4558073131708813,-0.30017733093106524
1.6303294405096158,-0.5535562114578537,1.1792378160505503,0.731132852690525,-0.5691973729502217
-0.661413627741468,1.535332613043628,0.6934449874563633,-0.4891725819554752,-0.17636839470172108
0.2773899510436984,-2.4407424910708775,-0.5521375163067603,-1.2006045452690848,0.27576345698654775
-1.5744319644114806,1.0478954908172606,0.1894400553956393,-1.5460765962168106,-0.42300604814787834
-0.3561327770602514,-1.934421922722495,-1.916268550485877,1.2222902646764209,-0.5436475636842586
2.4446065786640965,-0.19917813201223233,0.9861133472329339,0.6745009658881175,0.08320821212976041
-0.31437632105558716,-1.671826420037035,0.8088177377458393,0.1683329454630449,-1.2738120486982882
1.6055237929443387,1.3982776772314385,-0.8435893697601423,-1.425338418371548,1.0793560818688703
0.2655062449456834,1.691970737876508,0.9561836152864496,-0.6362356845103002,-1.0325017009854367
-0.4411985156278776,-0.7573885792587699,0.26681851752549174,0.9097540834590108,-1.674888362736152
-0.47996627486132254,-0.6693792807187727,0.30418187636954197,0.9998776449867535,0.03390993568817015
-0.8581302896982937,0.5506447063243378,0.8572982833311162,-0.9240113903389812,-0.07064935851911532
-1.1586153100701249,-1.0450054299140115,-0.40431094281887736,-1.8347622129000698,0.05291954367222849
-1.912377552875751,-0.26693638491546223,0.27703557807198675,-2.147567490997745,0.4655335627519128
0.7223569870947332,-0.8542472703015329,0.07042530092500462,-0.02013188472059501,0.7320845281248618
-0.9218008620941984,-0.5936185465123626,-0.29692155758607275,-0.46071046098395446,2.1751436939815987
0.23616080450545845,-1.9430652651581977,-2.945833035835335,-0.32188523413086556,-0.3191349938402978
-2.748955026028966,-1.3529998090756024,0.28368194321829854,-1.0875327823203707,-0.7817615567008793
-0.6822568344022295,0.06307063922688286,0.0751724787372436,-0.5927043413093135,0.5505513566674939
1.6262858956589232,-1.5601358139607477,-1.9291057759813992,-0.8276024500955974,1.3974473948323851
0.9528453217139158,1.075341327265835,-0.9156033002252885,-0.4579297661106304,0.584240711597963
-0.44654452155857516,0.639797838164502,-0.49395721066679527,-1.3017644830449648,-1.5243607558508743
-0.44019595823958807,0.303687700284938,0.10478439051096655,0.5532153874046865,-1.6028649722468151
0.30484561192712417,-0.5222003459441332,0.9532216797083272,-0.4319432852632499,1.0833401420437148
1.0191186775503356,0.7948043140711735,0.048297195270232615,0.7966790369997024,0.46883435579700006
-0.268181818819315,0.68283469607485,-1.2641511143433035,0.6694128371817261,-0.5931667219156643
0.6993095644122189,0.0004867851147673856,1.2956761043690146,-0.7908155089925598,0.23777511455485367
0.6528573135889386,-1.0840917410074442,-1.137725799422869,1.931615825274835,-0.5434087654571046
-0.43475457570262444,0.8325737371090497,0.967206300572509,-0.5354625924722866,-2.2112089598349827
0.5673936491684868,0.08080738132833312,0.23437466493036851,-0.6964298492309043,0.6584914707752192
0.06429237501326476,0.2845020151452642,0.6300584184104936,1.0509714960002305,-0.48130711580030294
-0.1925094571532135,-1.65685243963339,-1.0159884243686974,-0.897648006613483,0.16052623612784397
0.777083801843214,-1.643372128683375,-0.7174261179399316,1.0060491278512296,1.1230400645675405
-0.8537897222737003,-0.11762408631901267,0.0732719490098151,-0.7071928247794776,0.15962451913515727
0.40681357474518604,1.6796706063170528,0.9120889060253086,-0.00716467275632881,-0.08216198008017478
-1.097596311684719,1.3468864809649308,-1.9729125362053188,0.3116163430537227,-2.5762790117940364
-0.6772912264043166,0.060464286936275806,0.4408618311883101,-0.7707278591104786,0.3477455615586667
-0.9332440460119767,0.9894351437036703,-0.4082021837269332,2.1473807684364568,0.1979550790541862
2.25407888555318,0.37027094675258626,1.7036308535972535,-1.1874221126288986,-0.22131204582032818
-2.422901450085836,-0.6790933198521298,1.4814248945341286,0.37259264776453727,-1.85590647107158
0.38515915309546755,-0.06372447534313139,0.14662000194042996,0.32336724337974054,-0.42928093182034227
-0.7605831853530494,-0.7331053502437624,-1.0216547641753195,0.8149256819374089,-1.8521130911212798
-0.9471604923642186,0.7040840395172804,0.49283947307933745,-1.7651875634040313,0.39423409662070136
0.8616356456806257,-0.6867317225707408,1.1035368571428041,0.22159155443005432,0.7591957682834373
1.3458974853286187,-1.460443596546255,0.5132509737461771,1.774090126067549,0.4774871959204274
-0.49272258690627335,-0.051953892959666494,-0.38939490807078053,1.1758362905547843,-1.6324818647120178
-1.8094482784920463,-0.7878602284069899,-0.8032609275407732,0.5475634274883745,1.890715981469963
0.1307398010440233,-0.5458932945353158,1.0099362906084859,2.4643803744820367,-0.21503419297449639
-0.703351948392822,0.31266078367557976,-0.563487155675571,-0.3205114317357685,-0.8096335635861005
-0.6211097678484854,-0.2664374314636634,-0.6909880499756654,-1.154091237604261,-0.39526156191009176
-0.3074516678723468,-1.2070526709236833,-0.6082423221876159,0.9340664286501652,-1.211309497467274
0.7115493851298724,0.2562157460319913,0.7922931106957238,0.42930883930862485,0.44629359797113627
-0.39825227165246274,0.7553490672460565,-0.8894167003551005,-0.836075620280249,0.17887475109784742
0.3005789616137411,-2.051274514782824,-2.0408899458700835,-1.0444090675817566,-0.7773910937785952
-1.120267887736262,0.42289331501631316,-0.06654834347325765,0.66579999594286,-0.6040257336650853
-0.5450324755256198,-0.0036234713091667444,0.6539890149944748,-1.7504787634857846,-0.6507853489015593
-0.7168780758580354,-0.008562642778494696,-0.9054410151855989,1.2022205088091278,-1.0147350518067726
1.378367870610009,-1.56717043299148,-0.21793882928358416,-2.471025627918494,-0.5661448889749353
0.7328549579182005,-0.9237334954766853,-0.24640321902638357,-0.47966925346908945,0.7311238858905347
-0.7056711043518278,-0.07986999315688646,-0.24646944126650344,0.950071079506474,-0.1402739983051476
-0.2967481771800139,-0.2274973283268902,2.020975063614478,-0.9145814418365624,1.5725523422101464
0.7386885571095071,-1.023190760592065,-0.6114113365239064,-0.08470478130109167,1.4164896928274362
-0.23045100447747088,-0.5520167748233332,0.7566167437748197,1.9801823260724554,0.14369820859824564
-1.2691294704866911,-0.09827514124486011,1.0969654094195636,0.3150521838988769,-0.054390002109780976
1.114613414049533,-0.9500498706480598,0.05564161656715208,0.23226531914683626,-0.2931990552695111
-0.32174972057786144,0.12332989345560716,1.3349677203344508,1.8743523804753484,0.625573798463869
-0.29585255383992454,-0.5803536749952137,-0.27739325609811405,0.919629639747603,1.3580042013612115
-0.032841202428353804,-1.9518889149023646,1.0394313538341367,1.072023758178491,1.871715278813653
-0.8727057726010733,1.1228973412909977,-0.17910679259333911,1.108281002940151,-0.7288809692330644
-0.44094056589999475,0.035218095253759664,-0.7109204048399166,-0.701292968519386,1.0139684087652572
-1.7150726481543683,0.7530981707299426,0.2588966582388615,-0.46979180470085896,-0.4365748457239002
0.7599430195796517,1.6083320895999986,-0.6257429326019068,0.017739313485193798,-0.5798502120295091
-2.4637181371425636,-0.7799026825049173,-1.5090015130727192,-0.7964261643609011,1.4973680852438953
1.0762085734243414,1.1476047717673885,0.5624769738216947,-0.8118027800824185,0.5741761928877236
0.06879405751460607,0.1449293337673271,-0.11651568798232805,0.7973678042461947,0.25322225882515675
-0.5303509581425104,-0.3426311723914839,-0.771042088360489,-0.23239810684637932,0.08840166354130222
-0.047220328009589134,-1.1061941505786765,-0.18591208312305052,-1.0522408687919012,1.1026176736641888
2.2214883603166373,0.04354599229385115,-0.5970492399181305,-0.481105268537779,0.7138355327560397
-1.5842213313373226,0.6152614093001416,-1.0045229258035364,0.1019192981291932,0.3148238683611993
-0.5025484917949384,1.0444989232810524,0.6242453496444583,0.09967539371594913,-0.3914358721279929
0.016103404354017394,-0.47051831130671723,-0.05867295113234626,1.307712032045938,-1.2981797124451415
0.7603682598496195,-1.0341642800805915,0.06775906967787454,0.05781375970472764,-2.0545124648493442
-0.23576609097638512,0.7131831161583164,0.01764253189991999,-0.10150137481431913,2.2364166266241567
-0.3118831579069223,1.4247279388015779,-0.1859377750035391,-0.39232050924712675,-2.7297766479122725
-0.9638021963782282,1.3536175385926408,-0.13025420330618737,1.616758462119103,-0.9776054116148859
0.32193313014932995,0.961720639158435,-2.4461228443179173,0.2407536427953004,0.1285041182636848
1.9375163913928521,-0.17590060231851315,1.0401787055699134,-1.1714480301844161,0.4891345314056045
0.7342304230312137,1.0901607687463903,2.1590088509524272,0.05184879541274757,-0.987351980938238
2.046329457499283,-0.12548222394785807,0.48897400185910134,-0.4144336872372054,1.2414340927460255
1.05588751899205,0.06333741464879898,-0.8312619931505355,0.45260739883800105,1.9832396024749308
0.1347665240816531,1.3923297658795173,-0.30149254275590903,-0.6110669060071127,0.5160254186064439
0.13375255817275167,1.7766292649440736,1.1758433775054138,0.6305283018114035,-1.879805633756404
2.3213351303083525,-0.4377429662217975,0.9705890410538341,-1.3891534758325612,-0.23773523415491732
0.1981396867700376,0.32039335798143265,0.7003764816702475,-0.3601917356814073,-0.8309085864427627
0.5070442883501163,0.4214858282697306,-0.5811667328923814,0.23379946691183062,-0.24226575510440201
0.9762296779601438,-1.5495822969839377,1.7610870536551557,-1.099119636749109,1.340093734439741
-1.2011140739448056,0.08809029606396646,1.3734978783608516,-1.2988385165576544,-0.6373505000153723
1.30422230488676,-0.11279497179206015,-0.7671652252239998,-0.4755175813327864,0.8189098084635315
0.9523941628093352,-0.8737655268567872,-1.8575138380068392,-1.0275679411104013,-0.918911512809635
0.8918047684904834,-0.912770905114836,1.9170316896865178,0.7602403845169414,-0.13008391416964468
1.433465742950898,-0.44646926087435024,1.716161777436611,0.7417161515616278,0.6712146117933459
-1.9053122113701506,-0.860625918261495,-0.9437697471084606,0.6130138213094078,-1.1042655293101744
1.3056586866638216,-0.014084370149510871,0.5608876021602686,-0.27216802132918716,-1.5067726706298228
-0.46669239340012814,-2.225967058651526,1.200396553259853,-2.269829480464527,-0.16534084590819184
0.8903885057711275,-1.6497620136390343,0.767381936061757,0.8503081978459899,-1.1892438750612964
-0.7697231334677588,-0.5419597100770115,-1.7176581348886781,0.7158567279722992,-0.8930089363903094
-0.4801362635630628,-0.497276912460187,0.5594455081672308,-1.4692919953860029,1.1073722289851953
-1.2161895623953736,-2.0993205049399335,-0.9649091036320975,1.7114980991906759,-0.29330193929672427
1.4265867079868608,0.5381898901060486,0.7748713521030691,-0.17141721515332708,-1.3694660666269045
-0.16577284682255117,-0.95071903948119,2.18379005407342,1.9596200864937703,0.7167912974188171
1.9807443911118525,-1.043765175924582,-0.32949896784441296,-1.101034293157316,-1.2794184434348959
-0.23289396507295482,0.03913635860174376,-0.4956807266352379,-0.40079913662179584,-1.8308740335736302
0.007186087964626752,-0.9162369129482425,-1.6218729578297164,-0.1777467604040349,-0.1004639077265058
0.7503642594600759,2.1671092480457723,1.3263962636425934,1.0011873639204392,-1.0284164791699333
-0.07275226805407084,-0.655425732125486,-0.650929122600501,0.24438423749518046,-0.946066086165789
-0.13457373084246627,-0.44177352116511187,-1.8536565151859652,0.2874635496044641,0.37034514794237416
-0.5480134794420599,-3.4892771297079106,-2.2669988203793836,-0.9236720422970646,-0.8654605850881842
1.5075694497876897,-0.8735482789205125,-0.5048292135188539,-0.14083867314560045,1.1564162076832372
0.09917135453184332,0.7205950708218589,-1.2084081473878632,0.9654502222042118,-2.829175902151656
-0.5851832222604694,0.9382417431773098,0.40866455589406464,-1.6177926153777102,1.2001880787082095
-0.04680572303511358,-0.5586913586362178,-0.030219792307165573,-0.9132231224461378,-0.27642005335950687
-0.3307529957247082,0.522531033821281,-1.1587254305877692,0.7713601371376579,-0.1708181132083183
0.7225572853834838,-0.02128291367584933,1.6865918614845492,0.3452679172984676,-1.464837073995109
-0.5591624855902092,0.49468577048763257,1.5701380452361817,1.637782069338949,0.20876795462385836
-0.4047185610676278,-0.18612821158182324,-1.215793432041886,-0.05273024766645502,1.4622910630422055
-1.8386544073288793,0.27606662533955945,-1.21646693239021,-0.5552922828993581,0.219196696751834
-0.6753455687039627,1.002425059873047,1.4244465389467966,0.7351705815482309,-0.7276538324584617
0.9451203486999092,1.5465115023244311,0.17032498122899348,0.6690535663341942,-1.491604975072903
0.5247733805006247,-0.6827592387545055,-0.44836310910278204,-0.22555052102092465,-1.2534315387806059
-0.6491525659426224,-0.058152064784070916,0.22779569384371762,-0.46520671614120507,0.5635558780181563
1.1593996603611,0.6183042224667106,-0.1839098792547748,-0.012686663758699139,-1.0146118363079355
2.5864930915997086,0.21970180185449692,0.3419042319166592,-0.10827765820436537,1.3814510029249516
-2.4045507112211153,1.7055702936343045,-0.7695600276665135,0.14397463351908646,0.43734618766482863
1.0752369449595829,0.2123991876388576,-1.2490710900008257,0.4881375661291907,-0.33716078953952855
0.7008870289727646,1.3078237856552788,0.18474913103272964,0.11747541707404428,-2.214773302739134
1.0640766661297236,-1.2061397328597159,-0.31034163968969136,-0.14430794909616887,-1.1343479735847566
-1.9107881061827297,-0.7175572021569396,0.6374661422205145,1.4849131675983311,0.6045979984810176
0.3997689889419762,0.8444338719974108,-0.21231644832891297,-1.1721714450574856,-0.4446402677500618
-1.9461114873042142,0.44343422045748626,-0.599121297349407,0.8637147256480878,-0.606919005672281
-0.6607769763183117,-1.0163162823224534,1.2633227007287016,1.1517635970467135,-0.6442300139984752
-0.8563756247110176,-0.14545298374599783,1.2917849310281768,-1.2570707370991705,0.134100685766618
0.13974801240099372,-0.45095348494698295,0.06855939664479034,-0.11677770554918512,0.18025916177590523
1.0872483682137153,1.8486975049546877,-0.4378833762395441,-0.32740420664618963,-1.2474346547896384
-0.13985875215369425,-0.09332757361317777,1.3334246503744012,0.10883116702883935,-0.0754704918633118
-0.044316500204609234,-1.3755725114064763,-0.1709460252855323,0.4002979519825698,-0.6174035813476669
-2.474625288849595,0.15085374845376395,0.5878648213292513,-1.9764689046373667,0.3017067447924256
0.7305006898281509,-0.2121364431362423,-0.9012375794276823,1.3332566434199207,0.18863551839957673
-0.743317433919205,-2.4669875831340926,-1.0676400102526635,0.17151660548233916,-0.6002852902443663
0.6916899747490062,-0.18374987652119962,0.8698760630155186,-0.42178015546340125,0.6637940865526089
0.348458615032074,-0.12250664852783648,0.2915535917527405,-1.4114967002544871,-0.13450493157989768
-1.0980946545386736,0.7524303809310402,-1.4771169379452929,1.1533874796592654,-0.8142216683237355
-0.6782699407428041,-0.11942251418474399,-1.1728052716360526,0.7817538327247743,-1.1364505934191773
0.3092999571130665,-0.17663859933242734,-0.13726676096444027,-0.28217884059486387,0.9159857653421334
-0.2286991756384945,1.3996042104276787,0.39754675845328813,-0.005018691492056962,-0.4380360813100246
1.6599673377598243,-1.1575007831444162,-0.9029854196960302,0.29748971187135514,0.059310764955097385
-0.3334891422102003,0.8447933048269264,-0.09411221111849859,-1.0963633575083387,1.6664853560190633
-0.630212500128012,-1.9683636518425283,-0.5429501660683064,-0.028922518099199754,0.06593327059158668
1.0683344724279054,-0.7876299122972865,-2.620701588791171,-0.5905867627546416,-1.2723814427977052
-1.5864725152424783,-0.29091105638064585,-0.6192493591356758,-0.05972429871155795,-0.6499819391238773
0.6245178372784657,-1.3449603440110904,-1.287100402203804,-0.9766348846408984,0.8232869581741245
-1.110488153749328,1.2439870580225094,-0.6347291652546787,0.1099919304431355,-0.3165778323464233
0.7464911215501729,0.7970980136612104,-0.09642877221035316,0.9562901963599103,-0.21789270253720128
-1.6845878335287754,0.7957619995597142,0.38082504745716317,-0.727049204166604,-1.688864893369579
-1.0220964944801632,-0.1015505049381574,-0.17412324945961555,1.9332303693876698,-0.006068128064069725
-0.44827167433409476,-0.5692168908132488,1.3445537955123052,-1.499435540774171,1.0256003686663289
0.5901742866522317,1.128237569340029,0.46521675966575665,0.6547284709926459,-0.4867671681929462
0.32293299874312653,2.1643583781097195,1.4445452552323212,0.33356517305533095,1.6814192495991545
0.03499644277621058,0.5484334680925949,0.6142644551834738,-0.24197680145610317,-0.25960182080390165
-0.6830242540556337,-0.2653778428376418,-1.256046799495854,0.21593068245119945,1.8373295893062365
-0.23123274704420343,-1.1547870275141439,-0.8482172969120451,-0.2954870951097876,3.858480338648064
0.1308856170568457,-0.7315200787312857,1.1709045606806434,0.16514944537969187,-0.6865027616308892
0.3276235387757941,-0.9529505796230933,-0.5860281180099634,0.2904500322653157,1.824691602305468
2.0957272769785926,1.4955083216814529,0.2781441956481476,1.3216199930924386,0.7507974396328286
0.8882410485889779,0.48784919319628567,-0.6818073278639394,-0.013394776183869027,0.33665258422479133
-0.7210893243198516,0.04587107955339529,1.4895775729887333,1.0012154834422144,0.26737319968892265
1.5102834596720374,-1.1838217017404802,0.2504922281281497,-1.6292153310825557,-1.1084705453538661
1.2087865648987746,0.6341175162983854,1.4180078769951066,0.6428821770602262,-0.4896811343733472
0.1607293239215543,0.3022738675142879,2.1058668528280555,-0.5050619499231009,-2.0855001667625945
0.5047232293808628,-0.3148256370309856,-0.8720456539561177,-0.22846068673426667,1.2189455736120909
-0.1944638647864452,0.1359287925854803,0.4285021091523949,-0.5190909861515266,-0.24439777912587377
-1.045891126116088,-0.3509572543458529,0.04909936940109,0.7714148424500826,-0.8931780110402529
1.0341354645150371,0.2540552015678748,0.058518310944287104,0.35012758481168,0.914069643344219
0.5902034797957739,-0.3429608557335933,-1.0891423585106281,1.59470772982985,1.8662242640815658
1.4528576881984192,0.34873101360750325,0.5068275260924079,0.1761280353081669,0.5302881019194849
-0.07960223335467971,0.4213308637351713,-0.08391617772229301,-0.17142976066210558,-0.6915707879679913
0.20519062895155604,0.11931052678060822,2.1832314223042673,-2.141530622591257,-0.10520692031221313
-0.5673368802235184,-1.3160150600742804,0.33037240950037156,-1.0199974163748966,0.3896370375558968
-0.3906607182488382,-1.2074343424480514,3.0112840305458786,-0.6537316203092806,-1.4663219382743546
-0.47801993350315836,-0.8467734345554795,1.9371495565601415,1.1435251143723912,0.49589837196867653
-0.9478523725030102,0.9786152945487756,1.5340899446793945,-1.5925288362648025,0.6081477801012023
-1.0823588043524275,-0.603508631201133,-1.8309403172267067,-2.0129450782122,-0.3915974716753098
0.24182133635829753,-0.014996696383457792,0.45447753672895136,-0.3719097772517994,-0.10320193824645636
0.261567889309885,0.6166544018579034,-1.608982888069232,0.38916385404325854,-0.11214677189327572
-1.1936552330994634,0.28077733546611044,2.3180581084548466,0.3228631966410306,0.07705726184612337
0.5347849964817658,-1.1285534977295737,1.1439376107153147,0.8802002276041889,-0.6851356496184504
0.7877604051523559,-2.0662304659753117,0.9757208564626288,1.1628331633514717,2.1662356881865086
-1.2867913277244323,-0.1013034881864882,-0.4753895106929016,-0.9057172166948552,0.14570058876988956
0.8256315439219303,1.5534626378661989,0.29257995360449923,0.3878083067941829,0.1295899981031442
-0.044161463970387914,2.750530024922324,0.5453263446100148,-1.2754970269741412,-0.5799633395940724
0.19183832469692855,1.5740211202346932,0.75937476433291,0.8743857420423633,0.6656540887875831
1.6309313746813692,0.3250676292673542,-0.17361929312354757,0.7105679376848022,1.5358917521739512
0.5869436092241638,0.12885873455940322,-1.1115184259208937,-0.07204133258563236,0.15455753540336675
1.9186677653967146,0.1912553968290623,1.610683156909469,0.29341615075126354,-0.6752607084539497
-0.1993361728540114,-1.3395792412539969,-0.6761146794470042,-1.1773461176468716,-0.4751435123097821
1.1962920922498481,-0.31255918097866214,0.9391824921810086,2.511553623264436,-0.27532496798905115
-0.08835258918663408,1.525089053466359,-0.8712650288303718,-0.916332813580282,-1.5798376109132446
-0.5755382672160098,1.8964633132000914,0.40529816833565663,-1.9847755184661913,-0.16856369647798117
0.4213986290888503,-0.16755425667097684,-1.3795187807197513,-0.8277262281476352,0.10344177764275889
1.130579750086429,-0.40423588188987275,-0.2739710906963097,-0.4363921553859411,1.0842562817974069
-0.0052655007709891035,1.6578025880316956,-0.8633098366857223,0.8436100968447818,-0.07877472546982035
-0.12794490810732093,0.38649622488607766,-2.103450977079002,1.3392785976775567,-0.6555399769758787
1.1793062093826612,1.1549987756112807,1.3580992743386304,0.69792541792786,-0.33770749351692003
0.9684510673582418,0.4137841952369717,0.17259139407852286,0.2552831983430046,-1.0116338842297135
-2.059111830694539,-0.9327622083537316,0.2537904818968145,0.8721863659483475,0.8182899582466594
1.1101644530772468,0.5151936510211184,-0.6180920219236635,-1.0929858112113642,1.3657730736762084
-0.5235362503104226,-0.680771185865907,0.15797839019496093,-0.7089178807797285,-0.9273602286602348
-1.681446059989416,-0.8970213763374617,2.0612752772511405,-0.7128146454929732,-0.49337337432303474
0.8022990944535959,1.470204569475951,0.8602075309278397,1.1836096204997921,-0.8560413932939047
0.3279359395913956,1.4452049473965356,-0.3023284199803279,1.1988227902846167,-0.36772685727013293
-0.3665766901233298,-2.030018031820269,-1.47550585897756,0.18630591995652573,1.0967320832926692
1.631670908736604,0.8386734003232679,-0.3154118562922982,-1.9965033832560843,-0.462905644660774
0.7444924812151263,1.5309191603580552,-0.6605784136559517,-0.38719861534102995,0.02023483539503023
1.3471815962703888,-0.4405517143079614,-0.1610221522897251,1.5810115888803766,1.069650142681427
0.6766822835531418,1.6680760149586682,-0.49440222541038403,-0.37768544777797136,-0.3749328182361646
-0.37066462448022053,0.325752126723639,-1.6711754636727982,0.6236709764553622,-0.2679682016718973
1.2219061057099425,-0.7369898827903482,-1.4120014936494345,1.5107034275897389,-0.18311091391691015
0.19284905912598657,-2.332837406033241,-0.09564545173019659,2.4842463450138537,-1.4832891076574681
1.054130178250565,1.2385106084689892,-1.4831400069225886,-1.1766754765558998,-0.42681505168338124
0.2520386181977031,0.3575668781672597,1.0153055264137798,1.152244762519872,-0.062323782577907466
1.9833770013958587,0.546747267383167,0.683791161028847,-1.694135246471085,-0.5079763557372957
0.2603977593929131,1.4316505684398713,-2.0449302825824494,-2.559769775391921,-0.4236134237747134
-0.05816431396876623,-0.6580546149350724,-1.1128092012604844,0.5217111603024608,-0.4942580050928243
-1.8674874679446543,1.7406873774161982,1.109574104035364,2.0549389432169667,-1.2234153154588279
0.0617094629589848,1.7748491036222687,1.304387886266599,-0.49686311477778305,-0.6184894947102116
0.7932647855474343,-0.6792142246164518,-1.1668057163909988,0.312506894249673,-0.7207090646443302
-1.3443988243418714,-1.6955049612662523,-0.5724427648816504,-1.0212007637423308,0.13351381743785537
-0.2239973090131014,-0.49029405177763646,-1.2937058815895168,-0.28059863699838666,1.8988290715413958
-0.49769316208255293,0.07844592161158269,-0.3243093174465056,0.6147656146842051,0.7771097158091623
0.4421874688439127,-0.23830693010660847,0.856901010225034,-1.8846262715398228,-0.8611703713369676
-1.0529442202511334,0.15079758906476184,-1.650947616908417,0.3599454126627647,1.2719953444551975
-1.3294464974440745,0.2431230687469174,0.8624456817755277,0.04170411667641062,0.025594471977642957
1.5571364297191694,0.659392391848246,1.4369778635640635,0.19240101295786982,0.09659377613369297
0.5348465605294823,0.541234725525339,0.418760011020149,0.05571207347344378,-0.7798727008320558
1.0229881912711234,0.2403963937783739,0.33677002673346107,1.2666673222174776,2.5777437282155655
-0.10833887636561525,-0.1688516855982564,0.639335816141069,1.3276525654974043,-0.8586364948864998
-0.27225452612530576,0.5762164121811212,-0.6101862280027637,-0.3805132068066492,-0.6437389994272511
-0.6659375982049688,-1.1247018743436943,0.7978239255174728,0.5468506080912114,-0.906890444065243
-0.7866840951358726,-1.633552773437545,0.6526917798691682,0.21851376954311405,1.4985749343720907
1.2343254973916487,0.11726843539815253,-1.0260811381998773,-0.8452016328391584,1.0128623424002619
-0.7080370549873688,2.2478106063541246,1.3860568832670086,1.0667146519299568,-0.8446049321997093
-0.6347983015409195,0.16542769590439482,-0.6073406556098137,-0.9640973207470717,-0.11823795422316871
-0.5479897360062576,-1.9139224811408218,-0.7427363049694955,-2.1370210974331014,0.5613786495612737
1.584632927917667,0.5840253397828093,-0.48474121939899295,1.2195995547452843,1.0183133088456127
-1.7162213918466973,-0.6887251045187538,1.228733745106251,-0.7527160813228787,0.1175182577206395
-1.8606730876217656,-1.0073503859143202,0.5778542519747601,-0.7695440064874443,1.4546290314881967
-0.19785466388002867,-0.289193546266661,-3.2029693533713703,-1.4094367432563624,0.16937842284813373
-1.1089408226328716,-0.49854458845142596,0.9349100663433887,0.4687737499013056,0.6025419728946888
0.11869032091907392,0.23973185609473344,0.12278466455814324,-0.28231673123439777,-1.4223693580977304
-0.1990558886960181,-1.4423612834640211,-0.13013154052371165,-0.21310217611729507,-1.2959256454245276
0.5544414567709182,0.9724235747619568,-2.1497359057736007,0.5679135075705743,-0.49894742520664487
-0.7443257725292974,1.0225364288143015,-0.6534837879690722,0.5470674696181851,-0.9882066197777142
-1.925987485924178,-0.6320077691564067,-0.8243038963630721,-0.33206170398457774,1.0750932745778716
0.5707956458279637,-1.5201239564586129,0.28749141102526066,-0.9672253115862287,0.05426919852887163
-2.405966013153284,-0.3838049862194938,-0.604450656284994,-0.19174696470704472,-1.063231684512086
0.8761293171413633,0.036248320260821414,-1.8713876737996613,-1.3670052749983785,1.0697705937583275
0.9937691630370764,-0.44084998722375024,0.22573630336991957,-0.470141127303606,-1.5425848049799582
-2.0001584497344336,-0.615665234133783,0.6735612179356936,-0.7808175643112877,0.5494230731783312
-0.6899870213658684,-0.7279748786400055,1.3207278829758566,1.0892911711445383,-1.3720233579043966
0.07069720993405687,-0.31671548963789325,-0.324223166816141,-0.9475240948141024,-2.415030235627183
-1.7196933853337228,-1.095174355070841,1.1782994401673093,-2.803035589634713,-0.4486881924186676
0.8742803772069857,0.38761547260042756,1.1065377013644508,1.3232375384716084,-0.43520180785572404
1.6755814938707976,-0.5258380203755534,0.4057041925729019,0.6800022808564602,0.6379537629362307
-0.31035241878422226,-1.9105131856104245,1.5302256019063318,0.008729403874222452,1.3670576664497702
0.6750528701104823,0.5262055569788993,-0.5731271650280163,0.5638728417017491,-0.0696631729975587
0.49155246557514454,-0.0025077811216881545,-0.12081547183559212,-1.5111956674699878,-1.7231550144196455
0.9465147001824631,-0.6322625001420903,-0.6356010983396417,-0.4131457321109393,-1.9907804244561114
-0.0006358681538969459,0.3234003723146185,-1.1241993140833146,0.03490582015487606,-0.975483589760374
-0.14500161508636786,2.2798725286875197,1.0357158008949658,-0.11834219203392911,0.16791680910465134
-0.24278705724937052,-0.9914107668887806,1.2398236600966994,0.5838293306842284,-0.19177298122499584
-0.8719875000687582,0.3300174181856987,0.11074552537261598,-1.1936101674900264,-0.25204936720651844
1.7415151179010704,1.2824142964304412,-1.3587199968534642,-2.5268864980837793,0.446304638006947
1.6920509251274902,0.06518980180701238,-1.8696551520792788,-0.32437808335938056,0.5828642953191435
-1.461679204734441,0.1082649784815605,0.10074794314524561,0.31247330786235256,0.25494720342239335
1.1362829967012782,-0.4342959160954446,1.0161655898612996,-0.48278148829572876,0.5761860411088758
-0.020420125336117464,1.050000502753429,0.24641923900752882,-0.6325536103618343,-1.641568841983195
-1.6937351018064748,-1.5735967847844985,0.2126345704613559,0.5145172070012032,0.3150165445039407
-0.9221547180054244,1.1569375679575409,0.9481904760499238,0.13459550071601725,-0.12639464458074995
0.27208880661586643,0.27291370957602873,1.836190520684848,-0.3783609321229947,-0.4174310226983003
-0.5772714747822695,-0.6728280026217723,-0.6797775050500963,-0.8224319282923417,-1.0762651187702952
0.4197133425306647,-0.8637722169590824,-0.5144683835849877,0.39795497039056055,-1.2167416801874802
-0.1382168885870965,0.16018814578139245,0.8407619023799235,2.066241905476307,1.3214139422141573
0.9662719309800958,0.7412205753547987,-0.21136194174417183,0.5271103568241166,-1.7033557166855373
0.30737676138592857,-0.4093556144820073,0.6460470118616234,0.744299724629341,-0.10212200594063114
-0.6552654055336047,0.7782175433000066,1.3939083007404798,-1.7738326378387412,0.08374564091266819
-0.032375857163917575,0.6939829300371536,0.12338573227974517,-0.15005207030278755,0.8364222503698313
0.31880029894568357,1.445594720991673,0.12087210073205833,0.8717231011218483,0.1761921168189337
0.0005503555613062421,-0.38015582263724734,2.2981874136990474,2.3447143851975945,-0.595988448962416
1.016137630510688,-0.2531281881607095,0.8636734386935414,-1.1736049326291789,-0.7518303839040014
0.4891935149508077,-0.6789038617284667,-1.884288692868108,-0.9783705253588802,-0.898495328828981
-1.0740366164471962,-0.4555032720932317,0.49114824886313835,-0.3318611190690234,-0.38107348266094526
0.16336903086042753,-1.953184904716183,-0.5859361336654685,0.9463670233768126,0.5066071050192859
-0.4935628153392211,-0.8537025625141826,0.35212430947165674,0.5677273251869321,0.28523741965874727
0.23015797946284852,0.4025530691437771,3.2480546506737342,-0.2711767376061195,0.8966376517054642
2.2893401503034303,-0.8618838115711638,-0.8068078858764371,0.018076579155826892,0.5968969466307074
2.2365513609191554,-0.5314871982481985,-2.250999824718487,0.33652850395775574,0.5148515768443902
1.1101301557305452,0.15369631028858535,-1.8293676098520548,1.2361633955188267,1.0965880613219923
1.0415355035569467,0.05054542510648247,-0.25905488117478837,0.02163066754922406,-0.655999321934026
1.6875705341071376,-1.0757744682837502,0.6822666740878693,1.5270705410792997,-0.575614384165841
-0.5832438747385645,-1.3702908510908693,1.0514160860196307,-0.6131551897987596,1.1415665724945114
0.08330715644068788,0.12875970411888385,0.07826148706528493,0.2305643027832259,0.4629972235207413
1.4075663434001902,1.4482627599697768,-2.524203436455375,-0.9613409113272777,0.7409354779909603
2.5488153393343813,0.7075985860766133,0.770575740538859,1.6350624956674535,0.07483980770349362
1.0345945356268367,-0.8633947367267357,1.468238198270541,-0.09697960893531005,-0.9340244903402618
-1.0182042763059078,-0.9253534629335203,-1.1194787166233373,0.06022205167818812,-0.1912315818410495
0.890174893605557,-0.3032570593876365,0.21657048617708774,0.9854111090524986,0.04070732157850549
0.004479710300556525,1.2084691857371745,1.1868870101050326,-1.2390079822120221,-0.42707364962732935
-1.410268198262922,-0.504037383142444,0.3624361869076125,-1.2692836591532222,-1.2367682481852553
1.4529070032672602,0.9125385069574893,-0.8202212505044328,0.18123184264784642,0.13009372730279506
-0.766899091376652,-0.3246857258836182,0.7141048950408817,0.6117663407185544,0.12436424660877957
0.8909807622970934,-0.25250126156693503,-0.09943514639669129,-0.00965018815905143,0.5970509970953883
0.10856746649234848,-0.2705696010487282,0.7292307409477506,0.05056186072702389,-1.7696048038006207
-1.1350408494067528,0.39455605199130056,1.0082618566633619,-0.481424165428387,-1.140089484347052
-1.1552353072557238,-0.9191317808817467,0.5509731539883058,-0.806060891432151,-0.4455714865897906
2.6790070420374708,1.135361042007141,-0.28762181001078924,1.040780175540219,0.9433422288488111
-0.4354001944668864,-1.9610494778294254,0.8878217677727489,2.053907395054971,-0.4039775993741324
0.8498128414706272,-1.6153176700634122,0.3196842153512337,-0.5171420096232467,0.7483337757867146
-0.870899379087923,0.9075179055019466,-0.6721686211938588,0.5735523904020458,0.337898329252782
0.4934618466589836,-1.5922006101746047,1.813566353107296,-0.4727728513630654,1.0456916282554483
0.48176444441921407,0.6871514618644674,-0.8421508185501853,1.4780065392510264,-0.12019406263372288
0.3768111759523066,1.8781402966972682,-0.6984555937036953,-2.4455004428794935,-1.7935183815269158
-1.1183746784272421,-1.0686072190517455,0.6570835455273005,2.4915512454791773,-1.3366745393034525
1.72950462229376,-0.9266534119688301,-1.5612105385855224,0.18030447294002389,-0.4107615034239565
0.07959904562287216,-0.39205453529931433,-0.7535703672061419,0.4982359719111608,-0.07324796523511687
-1.2483872821823958,-0.9366596947622456,0.5866991592029835,-2.4007545760204474,-0.08728941710174426
1.5065123325026983,0.29955777307548337,-0.06036576629728162,0.6099268132975862,0.3672765084331978
-0.41563746670286095,0.15619455552666128,0.6095087452708945,-0.6839429055687338,0.33339864212873976
-0.4561859785673808,-0.37336474014192217,-0.5690927822887902,-1.6159605311185323,0.23133126922823113
-0.12587338062677,-1.510246579768269,1.9335130763657735,-0.09490885206856271,-0.40860605886095896
0.4764428060986031,-1.5318298594047464,1.048772406245387,-0.5474325962907729,0.06476255378119897
0.33313106658997876,0.4549287176723336,0.020621717174736324,-0.6282139931516874,-0.40849257611257467
1.182492837983556,-0.3394758891575458,1.200548944366685,0.30092114681637283,-0.4489853985096257
-0.4259892292871531,-0.6434542047286027,-0.7973199266337196,0.13879819482867087,0.20816276969072933
0.42196661670218366,0.5565996146049819,0.3680432927774127,-0.4072977902644885,-1.4910457108020567
0.454509516249748,0.035571755075134014,2.683581183953786,-0.7169605300182137,1.872221911378879
0.31311472230668647,0.39238668612711075,-1.262905796466261,-1.3837386757744334,0.37822457901611073
-0.38798644048242237,-1.9921671252144648,0.1989659202983273,-0.6023598454946397,0.17747450984722082
-1.9477241417291498,1.2488652921734027,-0.8737125105196965,-1.0722029280919756,-0.721729270923631
-0.2876522396280154,-1.0173951733145294,-1.1510980909666315,-0.1283593487264428,0.12419457630427183
-1.6108337996717208,0.9492210915145802,1.2540977561211826,-0.7518239297338256,0.06255776925302457
-0.4272250432498206,-0.0507350845937001,-0.18054637022305742,0.5612084982483432,0.5765913351353877
1.4237704241378084,1.5050511856872315,-1.1093857986648028,1.4897024033143482,-1.5674497713254179
0.7184439310866984,0.27449599488360743,1.5183110614591313,1.4960762783960755,-1.6745549156106017
-1.201196641163889,0.6601941330586274,-1.5463837261110687,-0.6910992507339034,0.7774202420182937
-0.3224154870305686,-1.6524924866072281,-0.09844020428774655,-0.03941208898067559,1.589436017874162
0.29993791233474615,0.5945597292079278,0.4924593017728233,0.47300801297025985,-0.5523173561445397
-0.4923223816211572,1.129815297055735,-1.20273708099257,-1.222613470723568,0.09367229705223915
1.295195911192286,0.22632760941356161,-2.7188960452756206,0.04263978008386761,0.538032235995251
1.1174626711008608,-0.5228650073253404,-1.2921282412403945,-0.5631818736798286,-0.5499372375451982
-0.48150512147961955,0.10100594463133088,-1.03112968072021,1.3125644964341598,-1.5557514413190807
1.0530495997160405,0.563563796191368,-0.09267013238341576,-0.13128744661206365,0.13784526851296391
-0.27353071892123215,-0.5149427119452364,-0.8045576790065226,-1.827256082684525,-0.9094368743169103
1.550559844443641,-0.3497400576557726,0.6665848107472074,1.9090692364088686,-0.06940971828133687
0.22041709775734908,-1.734246397043421,-0.9377974673394217,0.6400292737727847,0.4551226616112591
0.04921447598510999,-0.3849357869187368,0.05507279480152496,1.0809258013561218,-0.5475827035122929
-1.1120176287758154,-1.8207705921801927,0.12869098921230013,-0.9944832031385765,0.23779864489851255
1.1262285329906363,0.2140025931050148,0.9259915569727459,-0.7357463052384374,0.3339782001775051
-1.1715590929320807,1.1893910513479582,-1.8038691418152923,-0.14442612485687925,0.908534728658893
0.60154240384739,-0.4341536506561985,-0.03351167288133118,-1.481970528901821,-0.46809917049746746
-0.4958679359943647,-1.548097633345797,-0.7062174849181388,-1.8556084410085667,0.4778856446430721
-1.1864709454142515,1.045256507192953,0.4888725293117492,0.29040292889625857,-1.019510019273641
1.119350758803406,-1.5301553371668417,0.39516515779322503,-0.1275106087286917,0.16399361230481735
-0.2895369713232975,-1.3013447202803823,-0.9696158777955736,0.7374532490720581,-0.2822614359295992
-0.30918002103838105,0.4229404977232068,0.39714786217170966,-1.2344092038492298,-0.044355105387104785
-1.0822238755773261,-1.043625141177989,0.07808934039065968,1.8003822912502911,1.6229283958359637
-0.5541359071138026,-0.1706463830245902,-0.32778892213368405,0.8243894850076088,-0.46739701338195744
0.3512596504386939,-2.771756833323865,0.98975754265416,-0.5075865478178871,1.7871332026888216
-0.3446538389277157,-0.16895891596393428,0.7923792161644316,0.39642863492790203,-0.24297318830478062
-0.9609975461609046,-1.1206840374588867,-0.28174517676392447,1.6830581009629293,-1.09015735100878
0.9270846198467646,1.5762301236642222,0.1785720530731035,0.9134856312641125,-0.5869432590808954
-0.17643640169937558,-1.3109611055861272,-1.2302304153338426,0.3034721836663211,-1.1016867885920187
0.03999651422317662,-1.0819624053962338,-1.21353729837751,-1.9328684457663516,-1.3847843247045009
-1.195548052181409,-1.0485074472434577,-0.22656796547568803,0.7146594833567952,0.1950980821118856
0.3886746401521409,-1.2956546442796633,-0.38397916651398284,-0.14705638498370818,0.5309196140837257
2.1169526470654207,-0.4204357839479386,-0.0901174626792095,0.001525054396378874,-0.4898304859640672
0.44894018543832964,0.8560525358808467,-0.6685273477883503,-0.13429914151055047,-0.5881188517655377
1.122582956200368,0.4407286433580764,-0.793216892995,0.09394946974016304,1.1652737036700087
-1.5186354269153997,0.39987236307529833,-1.2005845018756398,-0.0582745414775886,0.0625927305362337
0.732248692059759,0.10988891347284964,1.4966485941000018,-0.13499402908409291,-0.4033716606043098
-2.605392431788333,0.5302175159094789,0.0503051450897886,0.48182279802952704,0.3789919134717238
-0.9009596317904768,-1.1380929319406068,1.6274316504525974,0.4952358983340394,0.2525184658870803
-0.24615677131991878,0.7910241445590839,-0.0605620446311339,-0.3023959929824832,1.689810483299248
1.5090956499086279,0.7011421012559217,0.7187174103065684,-0.7025843341202099,-1.3469301000207345
-1.1095418268078647,0.5280997317225707,0.9200233517978176,1.3407588985717973,-0.6725704249592367
0.3921589848025735,-0.6745748286189275,-0.16693068968937924,-0.38731750608387977,-0.43500634656221665
0.791142995950703,-0.8046666865186317,-0.15076644406158138,0.16704599817440008,1.7789239108545725
-2.073794882258429,-0.07244749825762097,0.8915858901937281,-0.49684446916663344,-0.07478292923997991
2.0042600135518955,0.36432070009418493,-0.38824096244642087,-1.0539819437977134,-0.24093441818879832
0.05596809493340335,0.5213458849132967,-1.2181678904054842,-0.7782556374213067,-1.8552795275297105
-0.0770495525276456,-1.3391002095920368,-2.329507477390664,1.6357968303676462,-0.7599305971298354
-0.6982031030367458,-0.48964126939451647,0.00541918538633534,-0.6155462619453331,0.21348257266285528
-0.8159290704599078,0.024896835871662984,0.6811476778900882,0.6592335394441191,0.5321356050644425
1.315132877501371,-2.0154589051930674,1.2392374021212558,-1.506152861417595,0.7644944643735921
0.1448287389699352,-0.3400955840852157,0.5458116627638273,-1.7779609330829538,-0.8275702626880294
-1.4690202829920622,-0.20986303890554792,-1.2064370418564712,-2.4690343532629826,0.47715305694449445
0.7777777522444497,-1.6891027813020967,-0.5983382309569608,-0.8433542997721135,0.7522568867899918
-0.11424953133852178,0.4105572676836779,1.6183674172455091,1.7528891072007298,-0.5191058383570006
-0.3662948896068375,0.5832710341500339,0.1741235260926216,0.40167158340585407,2.0395875303893414
1.1030875477969047,0.6941328367062889,2.176244322508697,-0.49757148160139164,-0.8936324642162143
-0.4761082778037006,0.8994259145107346,0.31235818837942175,-2.105897312239607,0.47307961287188277
0.22162006280419155,0.7238401228697783,1.0219007200729542,-0.5865228030748516,-1.385399669096693
-0.9043826736161399,2.096712023685045,0.3051402534866299,1.4194725849403036,-0.4855118066392403
0.13649559198933967,0.14984782441521338,-0.6664662172439588,-1.9956762835240591,-1.0590845484406461
-2.6287582275016095,-0.9013492717776138,-0.4280752501151561,0.870055147122893,-1.4880263658230446
-0.27045338408715297,0.05991878922974572,0.7234043044394747,0.08147218660477941,-0.9846149380502329
0.12064431064600115,-1.3288796773147473,0.520612847865467,-0.6487703758708867,0.8780869514611852
0.6036744369929504,0.28995677993469804,-0.667407355710095,1.082963434021294,-0.24148085692515336
-0.6439879420246852,-1.9558267093215775,-1.2480735365010187,-0.5253472430706221,0.8232675417160723
0.14001445411808522,0.7034308873116109,-1.3870266798663062,1.4567945427232416,-2.332260338964867
-0.8663362761639865,0.3729253122588124,-0.11990290001519519,1.2712906034449745,-0.7423394789800992
-1.397997117956303,-1.4909027537474928,0.001346056975409735,0.5145191057132574,1.0060986129777045
-0.19785543877775813,0.7972328983144412,-0.8042944191159815,-0.9772021138772907,-0.8274802942290698
1.6694224844260876,0.6902044170083931,0.37936615193053,-1.7364777222298677,-0.1648667682082975
0.8221442926774151,1.5737839795915405,-0.5014922686660789,-0.9211849071287113,-2.059614642385734
-1.2722009312125575,0.1608303961709442,0.5615809005628662,0.8576416153009495,-0.01488377785516091
-0.7966009664589989,-1.0277387038028312,0.339656388204864,0.9293074175954761,0.016003686343696408
0.4873634455797025,-0.6677927845303104,-0.1938382007717206,1.9192258853024151,0.02968561577572773
0.287240424409067,0.1738630806346219,1.1373276595687922,-0.07038446217521148,-0.6967488020714987
1.9022088634563261,0.9366460022755639,0.40015064242965587,0.13100244165157784,0.9274258245194471
0.0014931173464660839,-0.04415023703025112,0.5671688288059661,0.1526480358405051,-0.5387237428884951
-1.5727033613953856,-1.8508414189455107,-0.4944171462581335,1.5987082784552538,1.8948772994776257
0.4872362147709832,0.12777528856569673,0.0596698135545155,-0.554252079810207,0.18959208537640046
-1.015316689385211,0.13414713645113815,1.6297188937920732,-0.41218329301072054,1.3046633019326574
0.12396466857652755,0.19851783425889793,2.8964401178706995,0.5205422494697359,-1.4258195161988856
-0.1766543445017829,-0.4115936520238329,-0.2514702737306345,-1.336331182738735,-0.07391947294311463
-1.9872006154446313,1.223301375047263,-0.9539124559350596,-0.512626239117958,0.3799520797487307
0.08793450933594667,-0.6412568649649364,0.30766690845900274,-1.247380755271844,-0.1990805653291907
-0.1781262742189877,0.5078094117999014,0.006408772512758437,-1.48844118200797,-0.6870928524389682
0.27135315032393387,-0.03127413286250474,-0.952836074281154,-1.11627606891421,-1.2355426002641507
-1.2460322883394561,1.6215593018810421,-0.9796831057139107,-0.07038181397026973,1.2178573862456414
0.6407534676707407,-0.5527897886883695,1.475884716863795,1.2813457059027922,0.2146923096156315
-0.5164490287244001,-0.30842043056198903,-0.8199081355398414,1.3625513028661072,0.5627345778198664
-1.3484800405190343,-1.4002953841594843,0.8983356967203993,0.8196949490622604,-1.1792866179780188
0.3384913427960122,-0.7673280100192523,-0.009390751097010253,-2.3431652257119473,1.2072649805098388
1.483498878341196,-0.9900310334372161,2.0515896106661344,-0.15000767164932735,0.7876323478975694
-1.0117770302248779,0.31740164958242933,-0.15958393928679798,-0.11074333039177198,0.5858923029993648
0.8910931105558878,-1.2075409855454702,0.33518116868603043,-1.311107797847808,-0.95603720787943
-0.16014548069637413,-0.2584629679170683,0.48707358337820933,1.2715991365613086,0.2558734777809425
-0.9960032290750639,-1.292837688493125,0.13654864376087678,-0.5281702574141137,-0.7510826863322179
-1.3666096243922956,-2.5491510615517066,1.2108916426895757,-0.3249415359912316,-0.795021635135757
1.3380274037159894,0.4191783646975246,-2.4831962724795615,-0.3283067639934075,-0.7432440112055346
0.6655475579703862,0.312991387187072,1.0614829904060585,1.9859841225347283,1.0786093356248112
0.8582741786648428,-0.6275416175978323,0.1634568394727642,0.047033762916608414,0.7236177828448555
0.490729439285986,-0.49060185394140743,0.787115307379877,1.0246687587090961,1.970852091026129
-1.0497742419632834,-1.9950933354832616,1.1952547840188095,0.01783266430176472,-0.13368134515772825
0.24826050802864785,-0.8493544148307207,-0.6312506383726704,-0.8923712954038681,-1.7449079243171062
-0.23846068134458243,0.21795165727819787,-0.653744257745827,1.069579645293166,-0.014065122572348121
-0.9416441851043954,-0.7709547590531857,0.957327937287442,1.1453161250926385,2.317424748107029
-0.018799080788283733,0.5159538991649107,-0.8562945282472648,0.7732956068479168,0.8521598728559252
-0.864231770369075,-1.1464586028256551,-0.008060370207588792,1.1188022728621698,-0.2604447289818315
1.607797270551226,-0.232194749592246,0.3187861225259052,-0.29766572731437874,-0.1757688340521368
1.0673650369711367,-0.21393491347213625,-0.5407812833218756,-0.01763388037881679,-1.4036930448344322
1.5964933972807487,-1.0468210199834889,0.4174813202056646,-0.37369638719839665,1.664439912589667
-0.2317274839207645,1.01744247082395,0.7520360553147836,1.8743727939880288,0.3465883312892109
0.18924832229478347,-0.8647348440143868,-0.23494414008711648,-0.7703574486899679,-0.2914519204727216
-0.09586857497877564,0.4294733117930188,-0.03564749039062642,-1.0238803075832024,-0.08859313773325124
-0.34411332994148314,0.3051408984047298,-1.1449744160675772,0.38788145774518606,0.8845962005436332
-1.2804031067748205,0.0848067174283514,-0.8610187520385699,-1.5385782696172718,-1.5065683551583278
-0.9930906720021176,-1.1746399640002176,-1.3154167936953318,0.9191651155679382,-0.41487651789253904
-1.5867769133418568,0.17684753199980066,0.14590358680186544,-0.7015812991312285,1.0853434668302002
-0.8703901551987242,-0.721935493013101,-1.264682237989856,-0.9202924921473312,-0.24615371654856774
-0.6353788805125242,-0.9155134444315086,0.934567015371501,1.37447850170195,1.7525797200258308
0.5255000232181002,0.02777869886291215,-1.3747615233379433,-0.27718877851146917,-0.8981886259636532
-0.8539926521943655,0.9311603075112328,0.016545102650250634,-1.5957348359386463,0.4486030791069181
-0.30449585912215704,-0.519954367345518,-0.7443866303473311,-0.09629460819698352,1.2437175018891575
0.11026306045814914,0.18847007674875413,-1.4839528828567508,1.0078763285029055,-0.665287717353414
-0.6923976784011883,-0.2466663741198514,1.250658576973892,-1.073834033429693,-0.21430444924418043
1.8366478640634722,-1.7819268448128913,0.24837750614639584,-1.8065932329865682,-1.1631337228096292
-0.87770051170943,1.5305753451829507,1.3693244910785822,-1.1662629417253763,-0.36121185511672016
0.38871439072654834,-0.7326089570093993,-0.40626652115776796,0.26159885766585067,0.6043424790282917
-0.8192733977563877,0.9409293050579294,0.9270077338501628,-2.114730215273975,-1.2058556220227614
0.41685227261190216,0.2694798611648897,-1.161057455464337,0.11519213750517826,1.0073502527163958
1.245480422187751,0.28787051202104413,0.457343475711631,1.2966746197587768,0.5164834193217297
-0.21153588875960636,-0.4444472040905289,0.25417965864514624,-0.011228555235378317,-1.9698145343718527
1.1416638749302246,0.9272228399960076,-0.8302810873768833,1.1105810265938654,-2.407820827802132
0.6735333831483362,-1.2974942111823882,-0.033261513407896945,0.7337340571173706,-0.15023345359351933
0.47680272250303785,0.4703563523136007,1.2264793596569006,0.4766732313778845,-0.17953118964473913
-1.8022342013697321,-1.1953634393308776,-0.11180842635470842,-0.8654974554978226,1.5904006923973972
0.42177311827878267,-0.3135499619364062,-1.8552195231264894,0.10048701343769302,0.64915449690817
0.5812388104154431,0.9012414493257869,0.7336172349908368,1.2030377018663116,1.309951610924582
-0.9924837399772539,-0.38892975614560793,0.4608420006640391,-1.4000063062995471,0.13941987624608596
-0.3306021624904021,0.7667792075549122,0.39965903386690343,-0.633553230434071,0.3804007221524006
-1.1258720664250352,-0.05583743764943576,1.0359155253380912,0.6767025057505777,1.0953140321099195
0.901971989582723,0.8798966690117002,1.263226104033338,-1.3092324207754897,-0.5075962695519074
0.5244705223675741,-1.8303165936951646,1.685671030550902,-0.6611384169264749,1.4042171356897286
-0.2948047282280738,1.005069208770612,1.256245490210548,1.0430977919558475,0.495090676991886
1.1292777301467065,-0.23353670767721346,0.5546413951956738,1.784014875164546,0.34578127465725983
0.32905968865476276,-2.1414998994623184,-0.23048679190805998,-0.7816213427171639,0.025127331305358096
-1.8900363904944384,-0.5716825957493749,-0.5453350888452378,1.326332395443154,-1.245565957521516
1.482271641797647,0.775808233879577,0.2953860183390505,0.7608718891890225,0.513595739573184
-1.37424166843447,0.4169893075589539,-1.1315429781319843,-1.4087133272555632,-0.35982169503076633
-1.2399682912605285,-1.468496501756298,1.5567499260001516,0.4194374532272519,-1.6978730556110002
-0.7582800566218847,1.167234368472718,-0.3595981972461534,1.025829323618332,1.027341052682467
-0.3045919030481398,0.39317321320357274,-0.6911242263557058,-0.605917314178335,-0.06463723123622107
-1.9529330693310027,0.2845599930959524,-0.008506549528740899,1.6805725214420806,2.7466584878187086
-0.11647854096188014,-0.40946865791728765,-1.7581085771520637,0.8020955404347476,-0.9789745282256214
-0.2588698639450498,-0.5521751242882518,-0.05778534969651085,-0.1261824171794107,-1.1658067231471079
-0.320305311906807,-1.9955462397961707,1.0914686706811174,-0.33095671703049423,0.6621098069454644
-0.5467990549070018,0.3292722405683032,-0.8712702556086861,-0.1358305703328359,0.055249184042492856
-0.7529341750503707,1.4866689947596723,1.0402868204941613,1.022119350396903,1.241507221069698
-0.14634408006579805,0.5467762718759379,-0.5106372459737384,0.4281964998705832,0.1398486449646411
-1.319474835134895,0.4484352083200167,0.04172998023592687,-0.0609911228881226,2.1629854003742834
-1.0530483512521343,-1.4991025968585392,-0.5165605099859867,0.8298544168162358,-0.7572168061594168
1.7562497377655617,-1.3069219303828934,-0.8888676625435802,-0.4917555959685278,0.4813670678877096
-2.178609114027596,0.6504745236619064,1.528557032950187,-0.27088855096983505,1.5963203955126963
-0.057359383602975496,-0.9009591808074066,-0.9087474764113068,-0.9134594668847485,-1.4259894861360172
0.7591492164553724,0.20732854470134413,-1.4434595122481357,-0.19169398631673856,-1.0938103769345024
-0.17817783959392336,0.6759761895008928,-0.30214750977527793,-0.30331651109236607,-0.6204417816459239
0.4813475044422198,0.354658750192308,-0.024262827698633173,-1.1829197683849526,1.4626753112468112
-0.7047423758425021,-0.6696120820396145,-0.5475696250976454,1.0300470846014795,0.38459123407314194
-0.7255391545494368,-0.5072981358384775,-0.07039904675727324,-0.7070905834900462,-1.9890715564377461
-1.292675194162452,-0.9024922968731413,1.0072231851203712,-0.7146530060558752,0.3131097405897079
1.2332177654837884,-0.3413718417673399,0.2228745771762485,-0.7663653555403073,-0.05281558855540357
-0.5572106892131994,0.7271246108817534,0.3235418857857605,0.8749406536459727,-1.634254608510338
-1.2619850254142262,0.9511164300258378,-0.9161408323062223,1.33279373627541,0.9734466900862565
0.9887098294635301,-0.12430791889884649,0.48323123159683423,1.4416101887151935,-1.5712737632370197
-0.48860783641941036,-0.6986430205850054,-0.7483876826259385,0.2944652767501603,-0.5511817353222137
1.6542077084896039,0.29526352895272356,0.9362160753246724,0.023269062060740153,-0.8419262450892283
-0.0828349516122944,0.4231479993463992,1.076317848594855,0.011049142263934825,-0.6042108033105217
0.6689937438027185,-0.7862466306230079,0.5456196073704117,1.3575153416116759,-0.38304662521372573
2.0171467428136576,0.1008486390165141,0.023446950512396408,-2.4979832219583655,-0.025262581703369313
1.0314108594627438,0.014473558362288301,-0.23198446669653358,0.4024262237214343,-1.2935675878069945
2.0845879643191623,0.7252996732386958,-0.2350876622192891,0.06836117011790022,1.761312643625195
0.047828215529487676,2.836486487129963,-0.5016254465503324,-2.109717342333907,-3.00339609930679
0.08669075833293043,1.0055757371594602,-0.7842395774202341,0.4703846148923555,1.2445416456955423
0.07243136821687686,0.015275315645485881,-0.3176931392600685,-0.2507353670166427,-1.7287889502903349
1.1198295193578884,0.44081456711905526,0.2279277752893182,0.15318716923753034,-0.2506373742547142
-0.19810563861019861,-2.238710345094431,-1.8741708735738631,-0.010645066932584686,-0.9820104012402824
0.8279605047798471,-1.1927021345514073,1.8216044421588733,-1.3556649233275941,-0.7899483503043551
-0.31379296752966834,-1.2490091321364887,0.8912749454810257,-0.6722850379554965,-0.40752916939200085
-0.14411340024008396,0.8381121586316249,-1.3334806946288846,1.0937702430111773,0.4299142079833706
-1.4809186902103328,-0.5143752213002739,-0.8914465271530978,-1.2401054767336461,0.3880727603880069
-0.30034552828879363,-1.3768812665385823,0.8167356658512861,-1.5322562936859205,0.607062670392404
1.7219666873837567,1.7931432470253919,-0.9705681845654978,1.8127503205596318,-0.19878794228048063
0.7254419353618284,-1.016884966472948,0.4615504147575031,0.7730036955759728,0.8381107525734791
3.613446297108094,-0.4898742731176604,0.7502105312835566,-0.06563729107798445,-1.4830068740548354
-0.09346069169044846,-0.9055172255761206,-2.1176422231512615,-0.1213690479300432,-0.0153589061950217
-1.6093256896687234,-0.6807041585004973,-0.13010998183424263,1.8191361069039829,1.98615752141076
0.37698969707567637,2.4136039724327603,-1.063025171329061,0.241656202693557,-0.2528036281622793
1.9481937679392112,0.7413986545293895,-0.1580177607839705,0.09084098505847527,-0.21972272349579716
-0.5337381422499906,1.64619169011696,1.2525922274863956,-0.11138294912114516,0.76442270441588
0.443697190172073,0.6868155292647087,0.9110234095142213,-0.31674393861143163,0.5998773864537201
-0.1948924690583173,0.45324285020908434,1.4250057560577323,-1.081495074790757,-0.3534568792708654
0.06995054159679563,-0.3798857041864756,0.7211236513849533,-0.49015146165445966,-1.735809620132467
0.4122625777068686,-1.8693530036842327,1.9075310796993945,0.24816443947493882,-0.3122039138632919
0.6849019728759421,-0.6636510278578023,-0.3229228448085439,0.3887278277033612,0.24929194650320394
-1.2062144034635256,-0.14515951365885243,-0.45013341350690816,-1.1282057573361621,-1.0135970750289827
-0.26217542809048544,-1.400150444069395,0.1694385149686621,0.5516791172473643,-0.9880473132178218
-1.4161342366849772,-0.8911483142205567,0.3227161275747228,-1.573187698748874,-1.3227040210297232
-0.7242805697972912,0.8780208424785473,-1.5866571077406328,-0.5698268943199478,0.17383962903203537
0.6032706252110746,0.6505090705080336,-0.4566618768453893,-0.5479420976727238,-1.8565253172914526
0.34417624124183704,1.3219860121775984,1.0336197766000335,0.7543591483361366,0.8352859733807797
1.5973346087225408,-0.6255502997261777,-0.8806969928284383,0.18289039243069974,-0.760664945409427
-0.3988134637993505,1.220040598273919,-0.6235018124810596,1.308034182172976,1.1132380682082226
0.9691352105232943,-1.2270581060688541,-0.8176103887126634,1.7144466626848587,1.1551020893218567
0.7297108563688474,-0.7523825649621955,-1.6729109000119948,-0.26034957537293674,1.4460016044368122
-0.0983584292318134,1.062910199057686,0.022603982926929868,0.05485863598925086,-1.3068114469180652
1.09276238618855,0.6300944414511835,0.896712605158382,-1.358769264300892,0.5245715910404637
-0.3819024249343464,-0.7241210699169266,-1.3443479591897538,1.0917811820441492,1.129788055186884
1.6370789293111208,-0.08402492830664274,-1.2213795064258597,0.7691155394340018,-0.5577424834534979
0.18113148230504186,-0.5905121930197405,0.22929437895824156,0.31589499141678795,0.28066559169143973
-0.06048021122868326,0.06173537499421824,1.0943209544755588,0.8091688774897501,-0.18732957097394537
0.8514872208259192,-0.11198305356836068,-0.012853629595093445,-0.5542066617674936,-1.0842086712926873
0.9027836158288047,1.6442911933884743,-1.218420998916534,-0.8986993105847954,-0.7385909661587433
-1.8341249369612802,1.7688287444333786,0.21341127956295486,0.0734275551293249,-0.2534657098803103
0.7928688876856534,-1.6454336947967851,1.1312718691796184,1.4434035307634803,-0.15090085728064914
-0.657419430441883,-0.48762799925161204,-1.3076258425737102,-0.34278429947528094,-1.0374471736864221
0.1887247374414765,-1.3495683468596789,-0.5127162159041685,-0.9897655779731588,-1.5438097787452123
-0.28424699853085034,1.0030999863085497,-0.7558214135980237,0.06651817236805385,-1.0441837742370166
-0.7982578347992235,1.7592184809760991,-1.5019428129117567,-0.03276299067832489,0.763988250706095
-0.12334608866899567,0.30843896931044257,-1.037455835543196,1.4498184561084224,-0.9508327042267677
1.2494010779962526,1.2998461194244573,2.2557530636571563,-0.8269365272702374,-1.2682310700387958
-1.2508713540268008,0.26701381379207423,-0.3548447684571129,-0.8914246494317243,-0.38137052674243643
-0.18306718076165213,-0.02729983246570159,0.06265583061920459,-1.2938745662917317,0.7342048783488261
-0.776981588474858,0.5772378316631378,-1.1104178159980227,-0.9899437307491202,0.48895523827932696
1.259020163757419,-0.02406835888421192,-0.8865961125475106,0.4198006663018164,1.6247145940012764
1.4870291702381722,-0.1822123962408268,-1.587592156759883,0.6400581809326946,1.0267219595874402
-0.4536270665687038,-1.4097089054431535,1.0365635377610378,1.2261779829857369,0.9588213277030978
0.16761809895171245,0.4266401490287457,0.2144652179912267,1.9516620961370936,-1.408358446341512
-0.10526113816723147,-0.9704950270505129,-0.13594479938215395,1.4923664731743254,0.24068398928681448
-0.14949747021720006,-1.1085391865591359,-0.9632983448964278,-0.78775328017933,-1.119617995124569
-0.35541476058830695,-0.7870100187458163,1.9039803587522564,1.4898702298017872,0.1733522316760744
-0.40715832848415573,0.5853702577176525,0.6086719847162005,0.5556368602733147,-0.5209776845843285
0.6006894171448317,0.2618226056924072,0.7241197107821189,0.09416744521888779,-0.1066671009794448
0.6603208013827143,0.2164054980681233,0.5666625145494322,-0.6771758630892334,-0.3569498108062997
-1.103608711836283,-1.8508131316916692,-1.1356792814920493,-0.9398897519176698,-0.7108526010208296
1.555743634897769,-0.42245641366309333,0.9317847695241673,1.2934305088680775,0.45784588695487655
-0.7057352679715142,0.16026862174320966,-0.17311322902748053,-1.0028795298026327,0.31695222118570143
-0.777464547590018,-0.19076826775616337,-0.5806588392290611,-1.4166465035556481,-0.5161146194398647
-0.8101642903769528,-0.030076579053203642,0.5144817667831617,0.01158076077511792,-0.07192993707255912
1.4345840600754283,-2.6914885005701663,-1.8628499757597152,-0.6620137137196561,0.1694008234532845
0.8813071554105374,0.18498934935076303,-0.6568136551495884,0.08721124336210892,-0.04044668724166982
0.750889947585501,0.09963005036534216,1.7074380496582116,-0.33010926410696584,-0.9773941811065262
0.3913557506292251,-1.1554135914781043,0.08272080137214513,-0.2816360369179034,-0.9881073888980384
1.1803743545249532,-0.7402748264305002,0.7631225964710566,0.828063002490231,0.3417167214487255
0.19007549556941278,-0.8260121585632422,1.0788877062034141,-0.48023082206525125,1.2124559692942067
-0.33932279790792597,0.5110270684439829,0.3058211571544571,-1.9655955143596282,-1.4142780507973873
-0.3759247597012265,0.5229401326381738,-0.04176615700098056,-2.051300828008164,0.17087026866216434
1.729499393465631,-2.3231824237023746,0.676577997197022,0.8521121039542697,-0.20394865818310254
-1.0733987179979254,-0.7507140880459697,1.8882015866074617,1.6073593232963723,0.6575807988692186
0.35064341904987123,0.07574646047754353,-0.0724565971805111,-0.5013330516777033,-1.1613010103202994
0.45421327637595965,0.1567902635870579,0.17076124260218242,1.2341580867219735,-0.023835489311970368
-2.355489984846046,0.6943207069690843,-0.8808243666866342,0.6095415726950595,-0.8742996909827525
0.274064737717238,0.22193624708561135,0.7565532901214616,0.7248017033844167,1.0201282372253293
1.6224794667873939,-0.19574840786910663,-0.006902019810030955,0.7547756191560347,0.4710142850399409
-0.6250763332065231,1.3285823201451354,0.7280287863562119,-0.20921511977487772,0.6869752785389052
1.2519078621900375,1.128103263833549,1.6145985620947867,0.23533731947442368,0.6186648048375062
0.3475165592652976,0.6830728725761114,-0.18628222235208458,-0.4656846881854918,-1.0797159638391236
0.20097861934582362,-0.09706913827578258,1.0803077854799819,-2.360197103508356,-0.052845168463596714
0.09856062066534596,0.37944557372800697,-0.17699280094985415,-1.076666304679128,0.28468776212043895
-0.8657295454253866,1.1825732733528944,-0.24166464809342872,-0.40273550870695835,0.34828892258676697
-0.04122043663034497,-2.1855438071616717,-0.6220467107703671,-0.030593837525671727,-1.3781684922049622
-0.23987211901464311,-0.8881849835139536,-0.14552843390924639,-1.3491807796857034,-0.07043456691660831
-0.7222670276430219,0.14530687513761523,0.1895668337720747,1.3616047613432203,-0.0949891019591701
0.23514998458708256,-0.3894063547225366,-0.11651628783719442,0.12260008815865936,1.4283731004052254
1.1340882284739087,-1.2457872331805038,1.0681097467369352,-0.11859071551246007,1.059810033564635
0.42923984365478723,-0.013453337835076632,0.015762519634066642,1.2239148619687439,-0.9591446680660624
-0.037145098921472906,-0.3441293000714128,-2.0296936522419293,1.0122087113580118,-0.3448262685995933
1.150122121297066,-1.2532646868990163,2.0802573737083336,-1.1303797761919798,1.5025706893966055
-0.32569571453093915,1.9468080363745135,-0.0007983985644502175,0.6816487554278843,-0.04683791384205423
-0.8938869497850298,-0.6818249961014697,-0.13950791737039872,-2.149307723301072,0.67227642441815
-0.002701420107076267,-0.6951621279583126,-0.13412834180202093,0.7801716591929638,-0.08893968240769083
0.5489321534776532,0.4552993384791799,-1.5406383298150135,0.2856879968872161,2.056162141497616
1.2379730450871351,0.045168026432741,-1.0059135362888731,-1.1021946346834346,0.5141129321440987
-2.050822626620788,-1.576350392800347,0.15506130034107068,-0.8518164942763475,-2.1513727055526286
-0.032590799528601506,0.08999939944468766,1.0670039409849799,0.023608162291545932,-0.9370371227405072
0.45730811194015114,0.6725669413396138,-0.2272119014875868,-0.13234021931558596,-1.8199480647370416
-1.2452941525052559,-0.016319041748536395,-1.0618882043670244,-0.05917494252990788,1.3929183213142426
-0.7980524783596636,0.3670339542284315,1.8007048622600943,-0.44518818074652566,-1.1294813475482393
1.0487719770694914,-1.4287445575299038,1.7432577498088746,0.0005721644936195179,1.74808449925334
1.5982753468721436,-0.39119514767531705,0.18248971357073093,2.7999545068926173,2.1403876445073817
-2.589060036863269,-2.9895408530972034,-1.6848637171787006,-0.6189009921111287,-0.29442106662937245
1.262816810692181,0.13864662419694998,-0.08105113829225659,0.7315571085918747,2.3466426202234483
-0.3938422800153467,0.0614625679715692,-0.6922667619964392,-1.3073644632655108,0.7930947916959874
-0.16490953567207062,-0.5652876951138132,2.0430769213910622,1.1894133512874805,-0.933646443712527
-0.517558098400705,0.8828205969269347,0.2441200553031307,-1.4463892427205238,1.3266388996568075
-1.1181995538611254,-0.5943925942593602,0.958580049636319,-0.31061633929540416,-0.1046448618738377
1.6753780442017374,0.5806865385087898,0.8188202358042761,-0.6003945669234425,-0.3598527858794806
-0.7290831676062504,0.4987455257558584,1.6694250298061033,0.040532277526279456,0.48641572631063845
-0.14197231596965737,0.29816006562815117,-1.8666672530533435,-0.9092336624215993,-1.0550974717338575
0.5983415095071187,0.1598543837500008,-0.9060917452637173,-0.45312577977136115,-0.4082373406275372
0.37892124851391623,-1.634428905660702,1.6707535032814618,-2.3321337191306273,0.8277624142765089
-0.48844149864019315,-1.0734939222700925,1.252974230520653,-0.9331797184062666,0.04907690596310683
1.6095159190104722,-1.0293679481800455,0.32937120418158583,1.1689563591674124,-0.4781636928465908
-1.236785986787214,1.2898500738136414,0.36945282415987285,1.1658711941623745,-0.6423152447390081
0.35687585231908087,0.6800853321169249,0.02128715598746183,0.2910727904022452,1.3708641492574283
0.12778117333907252,1.3049260926577009,-1.4698842796809224,-0.5511249268269498,-1.1982623382829751
0.824409362698822,1.6424856714456992,1.2520702847711551,0.4058142810526453,-2.1716248964489107
-0.09108731809600788,1.0467139119316666,-1.5107626652258999,0.3036351174335055,-2.092018139284938
-0.15898035934566607,1.305514473866576,0.7625842106859249,-0.7234108957306409,-2.677163031712525
-1.6270024263932876,-0.0703238336955479,0.6522479710895694,-1.4531770545640013,-0.32002897576850886
1.0143079265467567,-1.072994950003286,-0.7531150775055775,-0.27246490212374697,-0.016728073314138534
0.08957989345229353,0.3604615636217408,0.7428660528010297,1.4920234991317127,-0.9839056319657886
0.298869966141185,0.724972378369594,-0.2059008640930691,-1.108012265291476,-1.708088597450457
-0.2685188262721384,0.6347006415582658,-1.1106499234921123,-0.6932140635971427,0.38054350834971856
-1.3826565960030746,1.850240916106246,1.770154055093263,-1.0785026015468815,1.4115827099312068
-0.9865642180893442,0.3135783904773615,0.005906063168474699,-0.09432759123974079,-0.7986609985922379
-0.9836151859108805,-2.2022365735771494,-2.244863186221909,1.3804783980566233,0.6946189878581628
-0.23018876230055266,-2.345038493996643,-0.13262321503456878,1.9409348259597008,0.235124042212228
-0.9695274051734534,1.477829451553406,0.3740605801214953,-0.42941066133793193,-1.4604271742553914
-1.0523271011805861,1.8947951101599407,-3.0445454152046927,-0.6410276448566203,0.4076093805025026
0.12318629096652277,0.678595827921418,-1.452239414981195,-1.494591159574196,0.786238979877804
0.14518564888975627,-1.5573382670977107,-0.8448259140620289,0.4059992058580366,2.063594297947795
0.1171150020148731,-0.4841864709981731,0.32699179247686005,-0.05684083324256534,-0.0069408464983546645
0.7119758981677466,1.6996220593968119,0.5291203088813381,-1.0438384556517153,-1.6360173284436912
-2.358433945884115,0.5417447918361948,1.0950091010657765,1.4448572779208735,0.4368640885476355
0.34042345460235224,1.3535816538892198,-0.4833119766192047,0.2796672752361208,0.776347497332073
-0.19344337954362065,0.12539959149305654,-1.2102879699343925,-0.8116436266129757,-1.4835015940947496
0.42876685878222787,1.1514651522878867,0.49237689287411956,-0.17203820254835597,-0.042429586440628775
-0.81692374155032,-0.1414171423340906,1.651746181230533,-0.7979654156246736,-0.7297041356514532
0.16028489193390094,-0.6803276645124274,0.6369520823293466,-2.50385888158902,0.3924138597157298
0.7397274039841003,-0.9529744691011035,-1.3743213204828826,-0.29115563765625724,-0.048731311591901263
0.3798555102439619,0.11743410237113876,1.26742212726003,0.5788815369472782,-1.2117240990811693
1.4510074864760423,-0.15337907700765813,0.28585009649153564,-2.4409755484672666,-0.9544973729330396
1.836908421048912,-0.7482577009299536,0.4712293309037991,0.29291314605543173,0.9766354647188746
0.7953693325204397,0.10797614581444666,-0.5987064645101099,0.8910982242458656,2.0134902738432814
1.0611050099021229,-2.6471086053122614,-1.0393097142755519,0.502603912101694,0.6820903437404296
-0.43705525353673136,-0.09888993698065232,0.015885914416604616,1.8495348068748678,-1.1954732381641178
-0.8643047244489005,0.056022957369512356,-0.4717877191908812,-2.0441812808597937,2.0593780274162015
-1.2501811457459557,-0.6433747619011578,0.5426328337934586,0.23355675753042865,-0.2388643918683363
1.4880466833222326,0.45710486301374237,0.6534448195715973,0.9583315626952539,-0.24278102074263175
1.5544999707904223,-1.4155993952147539,0.25535839564683954,0.9414184241201962,1.1218609730114533
-1.051028558931769,0.3700254153352092,0.3004928577401094,0.6162197235659792,-1.1191154837299946
-0.14821264409175264,-2.6579442994986273,-0.29155054728020485,-0.9091201344129397,-0.5464739474122764
-0.28938266911103266,-0.21828245232982682,0.278367396371617,-0.7347862005747453,-1.5226997451150062
-2.073329316132247,1.2508525896718792,-0.8931793089697694,-0.9348639197409737,1.9306935138691244
-1.2686020716926742,-0.49661036074931764,1.6416457994218345,0.7653965573051169,-1.04358043761206
-0.2618688068285193,-0.3387495567344952,1.6981472650168747,-1.5692301608016364,0.7357782040323558
-0.6550036192146635,0.4446538446304269,2.7951854553983124,0.3062301415112033,-0.24831935137611613
-0.942360508903129,-0.19367473882469347,-0.36567357846922777,0.7472636894950271,0.3058679731085106
1.027038576688413,-1.1168306081455717,1.0039963698367507,-1.0718381791237506,-0.643437070430459
-1.6027980943727402,-1.28398068080691,0.8782168073448473,0.7884690984545024,-0.12287856650528607
-1.010160118637395,-1.4325233969623652,-2.0144772789517025,-0.6176058802878135,0.7714710922466754
-1.0834896169293935,-0.563126227298714,-0.6691664647985285,-1.678417725554705,-0.8674725191979529
1.068887006430557,-0.05271019004443873,-1.7126425763788202,-0.5966456504017109,0.39071155679551917
0.39204496085574764,-0.003443657369432591,0.6146040273078606,-0.5692358199195728,0.38342201470747916
0.25571599144179114,2.480631940225723,0.3331404029791356,-0.05153082240330132,0.8182639216385649
-0.6034790733230199,0.3265688806689306,-0.802202949711474,-0.38724107600963414,-0.08732551411396222
-1.317140901597254,1.4543439082813592,-1.0757435332357181,1.0922189478665778,-0.17247667778385825
1.988818043422415,1.1583736885770377,0.11740409342887634,1.3195197158890144,0.3791909997485993
-0.44027861412039176,0.7588261506552508,-0.3925945323857902,0.12206142362539359,-0.20972758159059418
0.6827666092223278,0.8354485514916358,-0.42596891915191193,0.537526660024897,0.3226528635945745
-0.7597244956377914,-0.464553407577998,0.0913657289280048,-0.45503789291553803,-0.06866974366534506
0.958330275280665,-1.2914822479139638,0.3929025817817192,-1.030674208810813,-0.8794825011626055
-0.710515640259544,-0.4622373190939379,0.6970425738136447,0.5154627505168127,1.2976705343035675
-0.05669718527048779,-0.8036142613208781,-0.6949612591921889,0.13794544864582195,-0.020542692944922693
-0.9002189375864073,-0.0215182504886928,0.47533772625569076,1.4354575461198962,3.065271482642788
0.4141665919652389,0.44193399503113473,-1.1279195366004937,1.226251102110684,1.1420548488749451
1.703114426158151,-0.31266658593827357,-0.11750150368763385,-0.0015006001138458318,-0.32617882526838615
0.41041207763410115,-0.7439185072095217,-0.3466580285918996,-0.07193447803833884,-0.08916450728708729
0.7088020322144987,0.787976890133729,-2.098640002580633,-0.5827221276665017,-1.181932404705167
-0.6584502626070664,0.6581608994604354,0.6230627669111889,0.029160849901124018,-0.6605998750540371
-2.809233034771148,0.3660419094238771,0.7619244529892196,-0.07010089903174205,-2.2872802203652185
-0.1293507799088785,-1.9349600584572262,2.5450433179127274,-1.0467714651648043,0.16719728031916498
-1.7491804668661572,0.6457230119578562,0.9501723569509775,-0.3601414193973986,1.1405504600751397
-1.2531800559097708,0.8122868747908386,0.4152875694220473,-0.10984608901109415,-0.14812730203585417
0.8840806156023153,-0.1805325990250455,-0.9206092900450707,-0.13721226122031074,-0.3914914358864046
0.23784286240579225,-2.271476606880911,0.8509156543430623,-1.4951899915738063,-0.5067472543368177
-0.6162818863721892,-1.0707349094007035,-0.37901557259512936,0.72837038031411,1.3267315114557166
0.9383120976686745,1.2181561578406623,-1.2676438732439392,-0.8476562704518874,-0.09783819199354968
0.5427083894367217,-0.30742888965209936,1.38814768058081,0.34484858293129145,-0.6900364793455669
-1.9772451794734758,-0.021660986027475928,0.2731013344895194,-0.2357373718693415,-0.9407357099756922
0.12863563907940853,-0.8651949221223352,-0.4970367437531294,-0.49591356589420793,-1.2691006747734865
-0.1946905222814151,-0.7605942615670321,-0.5900481547894941,1.7732687054071725,-1.2580275118386044
2.2803695010658602,-2.8178748586797444,-0.8923395085983711,-1.2203074288260478,0.12513868991875704
-0.7354765427694477,0.5057084741649005,-1.403412185270863,0.8186386638903062,-0.4351798078359002
0.7535331893059247,-0.7149502087606097,1.2517881353940006,-0.45841611041767716,-0.11872334302801803
-1.009831284817415,0.09257303114461846,0.29820210701847266,-0.71987388445223,-0.8628755936712957
-0.09183057811821388,-0.12135719221010773,-1.6483792996645623,0.5709026507409036,0.7924859488991055
-0.6206925336956078,-0.02417460630714351,-0.08733953911113707,-0.28959322850528874,-0.434740051773826
0.44484641456577956,0.2082120074463802,-0.6497942110353029,-0.8835166251739001,0.31630793817169706
0.42932405616587804,0.6580988830299367,-1.5836772198423261,-0.2965886314458854,-0.36042232500463667
0.8120121969156819,-0.3899018594722353,-1.2654952559843684,-0.30136897357207365,-0.33022368810924074
1.3462568003669175,1.3850605934752132,-0.3091825686983952,-0.894968529870657,0.5963666016146588
0.311656191537753,-0.61335706636401,0.6192925262990198,0.05495775396601146,-0.11897594942520384
-0.05989586655198348,0.633151509562684,-0.8883464549887699,0.37164846547676267,-0.5966051323005183
-1.5607141172589516,1.116946384082284,-1.3839938946558321,-0.006718351298030946,-1.2118110874787238
-1.0311101624169188,-0.7481273878963085,0.4787226414462091,-0.9299750819522574,0.42837920531336726
-1.5881226259131132,0.3878613633794154,0.20484072229379907,0.5105225595194084,0.5257942068050726
-1.3298907765675607,0.901690633660706,-0.02918725025912791,-0.8594034904781876,-0.20234377356893887
0.17044051559214576,-0.05628747073765693,1.2750724708942305,0.2847894388962003,-1.244090279161378
0.5732428654954705,0.7124162779251285,-1.677939658988566,-0.15884421889691738,-0.015242842331665798
-1.460580405554295,-0.2867723902226169,-0.4625337690960611,1.7428521575060312,-0.2859910856614936
0.2135822775575341,0.030530949844165888,1.942097080420263,-0.6822598861987074,-0.8910918156074046
1.4305764309086935,2.224865189063905,-0.9078411529488001,-1.1373863871733447,1.487703654691937
0.9590777358604169,-1.1805008059786004,0.6801178513505253,0.4903176463397178,-0.5648148853584408
0.9442614147625076,1.0923481012594416,-0.7532188015006116,1.752047891164874,-0.5053213865441754
0.12370321108100572,0.6026691761345279,0.5487655500890413,0.6781473165347869,-0.773184859392652
1.194522822713913,-0.5496502375758217,0.08196496121978782,-1.5562475204619126,0.4270389787143997
0.80609041299396,0.7744873619643364,1.391731954654829,1.0808138587365537,-0.11007984278517277
-0.9500709658034628,-0.3551282959953901,0.06867299395622731,0.5976422624074276,-0.8857295851930121
-0.01976718955036379,-1.0168242062770905,0.27501449644424625,0.7785277650047908,-1.4153566422089643
0.9549204566157814,0.9335670194641195,-0.45882220103590265,0.004872812168083344,1.142676245030192
-0.28005966436127616,-0.1394098462816524,2.0371465498682815,-0.7949703861770501,0.6356621249749754
-1.0201999639944304,-1.64342782245139,-1.0231507759535254,-0.07557782294621614,-0.3758935211025519
0.6090068235667991,-1.3883158429909677,0.32951724045933484,1.6540082937701932,-2.217249975239641
-0.9718975650437445,0.5573423373636943,-0.3211258235242939,-0.965102811742424,0.8101784135399923
-1.697958695113167,0.1493242016905171,0.5040430158249541,0.16362373397226573,0.3958357833050981
2.5845008750959035,0.4119602443853293,-1.3629934189084598,-1.0904878350619152,-0.5296375811188977
0.20412873961757022,0.12049006712690005,1.309338002295427,-1.4544382053725922,1.5739009154250239
-1.1329956475635834,-0.3599750880586155,-1.5410556545581238,0.1441433043244203,0.49955988522622635
0.06069468341028669,0.04950499546779782,0.1599420358391216,-1.029727177786609,0.651273431682478
-0.983923715568981,-0.6221883983957229,1.6385224872172504,-1.7855426468218643,0.3187412894254813
1.7710701570193372,-0.8090785110368666,-1.5039099519040038,1.8368350777649176,-0.701992398804888
0.16973445613840904,-0.3115593335071856,-0.46176381054812327,0.30250085272538474,-0.5654551050619399
-0.9960094113060799,1.5517216606087496,-0.4617094758444822,0.5054799576001264,-0.19456155623417482
1.548270007974198,0.11104250389838131,0.47940369985916903,0.5811939753473557,0.4797282055156937
-0.26806469201880395,0.8698152292136558,-0.35867012818105914,2.1242120152296455,1.6815952333572255
-0.4813505694334806,1.0699126097164586,-0.25431338153466465,-0.8060664976636361,1.1662584248717258
-0.05264926188080857,0.6930855390659957,0.04775393033231081,1.1852621313251421,-0.7529431994130109
-0.36154421442838014,0.43650696135852446,-1.0652185096396711,-2.5175816014062704,0.8587409586705897
-0.17630158647259195,-0.7479519304990522,0.2094182081369328,-0.45700031615710696,-1.055408795971084
0.9476458784659177,-1.6619784484699478,1.2221372625743692,-0.08258316085074785,-0.7293470448419175
-1.6869265080300075,-1.01786952484066,-1.5480616196550865,-0.6277419591025738,0.11079803281875045
1.7088542130566686,-0.8471827798705219,-0.12632344684785662,-1.0016938687519024,-0.49244120812439063
-1.2619061353463017,0.769582680058244,-0.3020533938771175,-0.6582499203242829,1.3418459736736972
-0.06968494373873872,-0.5614347825482948,0.6333189434327691,-0.5797318594719802,-0.6011469554385525
0.4457439493623562,-0.2765162426846356,-1.9172646642259368,-0.4529903734340947,0.11429263406268211
-0.640779957799423,-0.7832921484554387,-0.24904902893065056,1.2556451650180547,0.260065712433357
-1.4207450745940438,-0.9723165966364236,-1.2134239729671608,0.19152639522341014,0.03960800365002012
0.9751139737746314,0.9240318232586695,-2.0146941872448143,-0.03429445613757336,1.226731931463675
-1.1275138966623353,0.2300151345359319,1.5149300947309925,0.820555368207044,-0.0716365170943354
-0.8251715056118297,-0.4642029709774842,0.2173989721291345,-0.9557001835558036,0.6852858044957435
1.0859334111421477,0.4379095344800794,-1.0908986684107456,0.6627410966009857,0.30771528779089685
-1.116840733132855,-0.8987385785963258,-0.33743473797343915,1.1288467656963475,-1.1920336226564812
1.119389270862624,-0.5147074445325138,-0.9811867484590159,0.4662478574137004,1.1240259344728378
-0.12852160329726842,0.6860709655853148,-0.3953029782171374,-0.3400018933855182,0.481131275638798
-0.5006446845179813,-1.2574671001389945,-0.2265889468327314,-0.08452483491583646,1.868237826205848
1.3500177433779854,0.056218968027635,-0.47912119593954905,1.7999045694777756,0.6442107035766208
-0.5664089364856341,0.5305935129693908,-1.1443341912251055,0.6394534473409292,-0.6375199901781319
-1.7302851652724567,0.31549239496311365,1.2220345965981707,-1.4143269983375812,0.9114281743335432
1.100481741800794,-0.32425090152921143,0.012743504402052377,0.2343059002865179,0.061360494209379626
-0.8820687401421579,0.2997799271925304,0.2703512216364297,-1.689265838061473,0.8548072037293108
0.15054587912782438,-1.468529971739708,1.9280456765139837,-1.1394174730579127,0.19842047707730215
-1.6940758261065847,1.535221593689244,-0.0956916924344296,-0.5049903768438464,0.29587008709694324
-1.1424712048351702,-0.43234183425550404,-0.0977330562278917,2.2196432871505114,2.1421210463214564
1.4823507334640054,0.744436245453056,0.07015092531532548,-1.9206160150793252,-0.9568752807145634
1.8465038406347714,-0.8916985975500639,-0.4672168313446924,0.3750745692568597,0.7637962599056184
0.14026566088486395,0.29213954932890457,1.5641269988931827,0.80220760544934,1.7714768638599647
1.369508165067045,1.285919170109213,-2.044339378701389,-1.504366886791406,0.5565400250442089
-0.6497650979445261,-0.8323882038334104,-0.32446914911126296,-0.07484344609862963,-1.2867496310988482
-0.7753023947569626,0.5371286584375241,1.3303502628980135,-0.1537718683770622,-0.35760968371627816
-0.1405509924498813,0.24725829986728484,-0.3018350533685024,-1.0473528547781117,-2.6985556058134583
-1.0806773444250164,-2.2708343267767814,-1.1469685952495943,-0.9659136365899111,-0.6774721591464511
-0.8865177901423702,-0.12655716206822307,-0.4630772557840647,0.638709292661847,-0.789740341761531
-0.7864836265335318,0.9521098888519495,-0.05432504579196019,-0.23156621859418305,1.5719962462630186
1.4559897363767462,0.3922259707603836,-2.035406479318839,-0.18454160124490596,0.7607256130145277
-0.029963505151293274,-1.2361029287228562,-0.7328660120577989,-0.004790173668470246,1.322735366935509
0.007203877184355609,-1.3331038895610623,0.6841647756103115,-1.940497857666808,-0.9041198877659937
-0.2788182329588741,-0.6209924064732225,0.9132759159665595,-1.0774912944897952,0.10051024390598541
1.115501905847824,1.893774709313871,-0.7164899752162479,-0.8077823107169868,1.4968361974310402
-0.06494492616848525,0.16051610674648575,0.484930456626399,-1.837621347363042,-0.26258700307846095
0.13726950942597832,0.08923978711452993,-0.5138275364703078,-0.22072392008915384,-0.6767622427305771
0.10718888732428586,-1.078668324463025,3.349665401431815,-1.1337319200267664,-0.23493908696367202
-0.28186270785652484,-0.6109012182023514,0.3463993429141569,-0.18305638082419323,-0.4749891252306367
0.5668059045901532,0.9868907220725586,1.4118292695690566,0.3185386524389387,-1.4772630461560965
1.2202442594984662,0.41325748680902463,-0.07331350311435403,1.0364686557770202,-1.6190764102735462
0.623911698247543,-0.8636482657711546,1.24630707885621,-0.5736879592829773,0.17824778548076425
-0.2393048642678821,1.6059020968616897,-0.05364520268973938,-1.067360566828911,0.8110348574697761
-0.08451748219175645,-1.527214936192772,-1.3762747610847494,-0.19870521369376196,-3.4697579718689404
-0.5599208707638896,0.5914511112265292,0.3973938503224108,-0.35351884315358767,0.555259602901829
1.3886766628224598,1.8111495033519989,-1.4825126650848677,1.2125212595638282,-0.5020694254112852
-1.457787661635334,0.5279668537302191,1.565242600772511,0.31387052571087853,-0.46177542111596565
-0.8047769010228424,-0.0679927710928079,1.62015864023366,1.4826248433452534,0.45322634958325764
0.55224459454864,0.3767035818203371,-0.033130872182327124,-0.15111574680493792,-0.8458871272997998
0.3932256277419207,-0.2753932289764553,-0.6752543704735793,0.6376272915835858,0.07777397587354595
1.0990721651610462,-1.168989670768143,0.068309826021148,-1.1772420334094644,0.08862283416266296
-1.7536214532721244,-2.6257975245115204,-0.7504484071532241,-0.5594084162083411,0.5159210691610461
-0.666672035910115,0.7322902809485156,0.9572925021779499,0.7082404414302942,-0.21108226875642438
-0.693931562199227,0.21984103235052205,1.3224500923655669,0.5469107909637556,0.32137688892374067
2.394540919769721,0.3104329603041871,-0.4502532022215497,-1.9895759821524677,-0.5155125837130199
-0.8684787643011982,0.10612413491652824,0.14886299410768883,-2.0687605291131757,0.006445398339676659
2.5664591313866216,0.11819325067410859,1.3793453390721955,-1.3432465845351103,0.3667585165180894
-1.2581759814585587,-2.8024536416192403,-0.2683250120278975,1.1986187552564564,-0.5195168307013349
-0.7832766774441984,2.2165955158561466,1.719972647262506,-1.3224604782912333,0.0763878159280986
1.5103974408728138,-0.263748919437583,-0.8821576756935089,-1.3752815855298026,0.5743255195491643
0.8003966495506566,0.48849928063840253,-0.35596880423751404,0.2460949169349057,0.09341878269771152
1.5102199669416068,-0.3206188798111367,-0.625849582338979,-0.5993216139101134,0.6063180779009384
-0.8728082049763703,-1.5678159174196085,-0.753367738111766,0.38937580401675137,-2.0346501161563917
1.8879742005332123,-0.7334658963708965,0.12351070628449098,0.3880476389343529,-0.9479469813091772
-0.8140856560518069,-0.3322905737433977,-0.7435896635793224,0.12605833686873252,-0.030405261975775883
0.4932402378683688,0.6028400234824135,0.944672764724885,1.4902674313522353,-0.3026386746125562
-0.9446116797174166,0.5808522308401624,-0.7765176668048333,2.026951624800055,-0.3394839418264744
0.8184915082641268,-0.6661931656882817,-0.47300221279334576,-0.003388772640872577,0.6301301384931919
0.49429890836811885,-0.3297085700066431,1.007761510546007,-0.11588592813032737,-0.4859450456477833
0.561316687084256,0.925437813460413,-0.449424357982918,-0.24598370326359015,-1.1859301668986397
0.5859364785569927,1.9623736262156317,0.8555607898754639,0.5775984925591273,-0.7677941188334788
-1.252585342339272,-1.761871467868326,-0.03402129068200478,-0.516157219698615,-1.8371326753681856
0.4642460905157269,-0.6545344879514513,0.7938821052315834,1.8047589439047167,0.1636579296002885
-0.1363216238361157,-1.0017087165548406,-1.0733817280920028,0.8241873274097831,-0.39369843018314993
-0.6725950503710505,0.8187059466078473,0.18609890251190322,0.7341893024764965,0.703931569923943
0.07351381460298323,0.9217228536556962,-0.14894144873281867,0.29653257803731375,-1.571769773143353
-0.8316271464303551,0.49946090443566477,1.4895968345250927,0.4795886912813199,-1.7147858871081425
-1.696479712779339,-0.6226105002244475,-0.9205430885857817,0.32065352739302966,1.3443005869912563
-0.5714403687186081,0.4245200187207425,-0.5557528395287886,0.8487182945240992,-1.0622579506385217
-1.242124022992282,-0.5919254892879595,-0.3662686572180353,-0.03888994840338335,-0.9066682966067834
-1.0765764229386894,-0.6200619348343044,-1.7561892242873345,-1.617883724021241,0.5114370761417624
1.2639102060946932,-0.08786699716981011,1.8648946063083276,-0.30696124681139036,-0.9429801636922126
1.2510629628985528,0.2475499204700335,-0.3092825094126169,0.36333498511360335,0.5986322931805342
-1.065056631251481,0.8248631451586076,-1.4740737685455534,0.42042222377701616,-1.0908940912373009
0.21987034337282085,0.624505220303088,2.23677009427734,1.577419743159995,-1.1388674028321646
-1.1838468260935917,0.18896512506036967,0.7579718009637408,1.6873058438853428,0.8568005867374013
0.959389010600646,-0.08279257468172954,0.7507778025903028,0.5410209089286384,-0.7800326698330122
0.643357548184056,0.7849009144761552,2.350681139182624,-0.4056528334638865,-2.3187968502042104
-0.7246430424236877,0.10134150497237918,1.142666396059691,1.7033253101691819,0.9276021669713983
0.12442502439328755,-2.7520465552583704,2.515786443695026,0.17131654446843472,0.26237602366633894
-0.08102872017062254,-1.8112132509692531,-0.8807076789440017,0.5776216157546791,-0.5385970916917746
1.583579434046644,-0.913284620251638,-1.0323646187373294,-0.802510154318468,0.3846634754017242
0.979857431562875,1.5326542338113311,-0.04543342555734657,-2.386694418871212,-2.7981710304071186
0.9591298492702023,-0.3464148956012744,1.842048642965433,-1.2652240801549774,-2.0405244561201332
-1.1092087801198522,-0.08590182527128853,-0.6760720102919383,0.5777080691710711,-0.36212357546780266
-1.0384397572882162,0.19706429420127744,1.1475442874225403,0.2678507980567381,-0.8562265352279413
-0.940637080769504,-0.7817081436799552,-0.045236152778852526,0.11916483485434283,-0.32060911522187313
0.04342429688146485,-0.2357532753960308,0.8125276791089111,0.41257813340599064,0.701176044741197
-1.696891916369007,-0.14152244800999403,0.003267683945585414,-0.5718212820694968,-1.319965982620793
-1.0008768004606925,-0.33331688031982687,0.06497668044179686,0.1467502345143777,0.08330980060942056
0.7486071352114984,-0.7726484155434453,1.022525655602913,0.20188592774259856,-0.765029889737305
0.20326884211617172,-1.1016200888613297,-2.0659224988796083,0.23310467509607705,-1.3793307130302808
-0.8806423478852603,-0.6230176676585935,-0.8549863219687419,0.6859429313447881,-0.9210670344540139
0.06684642579156974,-1.3639270662047243,0.41489062871852306,0.7055027355301601,-0.027015468898194672
0.2618484760371676,-0.46044352310866765,-0.6964438774282776,1.557400604363612,0.07760104134928351
0.14341530742561187,-1.4346538856920819,-0.8913090445777098,0.7483425661439028,0.4146359055402568
-0.40027001303739335,-1.0686697600549906,0.0324385094334849,-1.1540469645760116,0.3765859277649083
-0.7822347694462574,-0.5507065092612147,1.941290147465082,-0.5588421063636793,2.3988254269586022
-0.4024480392097032,-0.6280549621985255,-2.4800834958342026,2.02024688173622,0.08835747366513269
2.276296608760772,-0.30770571575019073,1.3693015586722823,0.4149324317895982,1.1393546613265682
-0.18280504881169782,0.2664054047313244,1.8202412134422457,-0.22938393544142266,1.3333783992191668
-0.42432533767289904,1.2509708470960623,-0.6042939149635684,1.89275093393543,1.426123264378478
0.9833810077662111,0.7938180123169514,0.9668305298999313,-0.7267143406041997,-1.0298827360628187
-0.5851276374162813,0.943930514681024,0.10445492904179692,-0.3231861046038484,-0.1565958049840483
-0.09148215206211031,-0.693233415705811,-0.30472293571969983,-0.9581179456177307,1.8353848792611531
0.17879694992001416,-1.0842699849810762,0.08000932411560578,1.3859700505198544,-2.024193917451575
2.8782259026266575,-0.5693010669788485,-0.43405691026125837,-0.16039482403902308,-0.252845333248734
0.8954736553265047,-0.6138733527085988,0.8366321286096368,-0.2086634229110004,1.5805344997978439
-0.4912837551480464,-0.7334818214382871,-0.2767166666957789,-0.5409273254705349,0.4910931007751051
0.6730384356518231,0.030740030687301887,-1.477171202791248,-0.2818488805958339,-1.4728070367233266
-2.250859936632775,0.213765888341615,0.7493393031425022,0.7338545889177708,0.6159312807941615
1.467939934442764,2.1929584328688763,-0.39261625574174236,-0.6172488967122042,0.09112679200955204
-0.1180310933196848,0.14998593588996662,-1.6564669545836164,0.6471987419643023,-0.9988741048195595
-1.0905446971041828,0.025147856756242336,2.3511975740401247,0.6938692550769953,1.0405626933757808
-0.14503831296895922,0.3339205709546826,0.579058249730692,-1.7914259577594578,-0.4809819955846194
0.396448443994116,1.7414810569884167,0.2525873935890676,2.8317840866721844,-0.3538182743528988
0.30312631575654625,2.0653330089607804,-0.18164908831473922,1.2761526925215954,-0.8152554963421306
0.7319562430172146,-1.8622429965157854,-0.9110802384528077,0.4013474287330458,2.0300203052551913
1.0565722998577665,-0.09002969673957367,-1.52332706241459,0.5233640635804822,0.4037032383854063
-0.5944028977766441,0.4214788109369425,1.064461494058044,1.745526265104393,0.2912523233728779
0.7364716232442396,-0.42809257636166403,-1.7560135115643123,-0.4982615038672606,0.022154125165305762
0.3560345471059105,0.5889853228114128,-0.23337491810502806,-0.4185351393605199,-1.8585055589446724
-0.8938090645463649,-1.5689949374965733,0.6061869585046193,-1.4934415590606556,0.24367512586524545
2.5236215418118744,0.870860675878038,-0.6234100006650285,0.40221047794457104,-0.6906386328975161
0.5676116645549467,0.18002114842727054,-0.1548569944937135,1.4395917531449882,-0.38690420862857333
0.3242292957176933,-0.36952318339658596,-0.4902998454758583,0.13532850439531008,-0.5233633683915296
-0.8803058510941618,0.768259229476513,-1.8530475747874564,-0.07851715592203676,1.1372693265044767
-1.1801396171993055,-0.24605338071071348,-0.6007278741390765,-0.6103451175909774,-0.9538158782172529
1.47109143787967,-0.24134545727138942,-1.1547007684656656,-0.4168746560454893,1.1303719280448867
-1.1920206592331184,1.36807570436495,1.3492604597016478,-1.533574684451671,0.4742630516360616
-0.3497989461118372,0.9241981963561668,-0.40078245861231204,0.018519009207459188,0.03395403440597914
0.3612782898275183,-1.0046857091897041,-0.4530049291199,0.10801865177689755,0.48422096100378076
0.3260194872858851,0.20109058760860862,0.37912536550684156,-0.3524063353920009,0.43215124171538644
-0.42709581561839594,0.29311204404748387,-1.105501785868134,1.4187953591690212,0.375268896609667
0.16855595053675257,0.783688625436814,-1.687949667719463,-0.22362509244533288,0.0806015384370443
-1.426389379143965,-1.9304787495918079,0.289855783003039,1.5326822075395399,-0.500192811745474
-0.5998397027455261,0.35168359339785,1.7914857949199945,-1.4905111147620198,0.7031739892192317
1.6018563430238393,-1.0799709803713495,-0.6748157997014518,0.24945177534782945,1.3869963735748503
-0.07935438288440146,-1.704901429799857,-0.8848104440680008,-0.22609002088195385,2.439971433298018
0.47811733897963565,0.3435953691184623,-0.06655767875134729,0.12723200084711325,-0.6873248941596125
-0.9361242015259438,-1.545191444272783,-0.36636661801293763,-0.9962634671714455,-2.348622934590698
1.298920697183566,0.8321803900774701,-0.2890760378125546,-1.71265824899614,-1.5455936762133005
-0.6580498492674737,-0.9908607717032109,0.16223129138424694,0.26258381345273646,0.19677367271454052
-0.3793256657351596,-0.5806814522732167,1.3300834423271466,1.0341856605576543,-0.1617790203029162
1.374494997275477,-0.5569522598842812,0.37793512636860294,-2.088210622983755,-1.1032976976101503
-1.3645271424837324,0.6625262120369759,0.42589997728861523,1.2977969862807925,-0.17739233311106103
-1.297042183562039,-0.4919289062680566,-0.37486775564076874,-0.48922983916484725,-0.8043173749268758
1.3925646233827722,1.29545291941571,-0.8678641467138908,-0.5864464647368278,-1.2903764537990587
1.4150797567739044,0.5340561469356514,-1.2807083496553182,-0.13622153142398355,-1.0692305000250342
0.24132394532738285,-1.9663643493037937,-0.7672458414250873,-1.2125038077195587,0.46115996814217947
-1.6347165846914513,-2.0251238042057396,-1.828420917817444,1.651675392917643,-0.10781605864611153
0.707040822131591,-0.7529490289864929,-1.5386251147692225,0.19681011960456937,0.07216439504365575
-0.6260593800705304,-0.7103346175346816,0.7731879012399191,1.0094781666856536,-0.1767424694140807
-1.258504374886153,-0.7500133323254453,0.11491053545120565,-0.5043401048514764,1.4546262732196586
-0.999130031537237,-0.7297812952515723,-0.4812155710780237,-0.9691868740417481,0.18242520702059334
-0.6572626895793114,-1.1553771146586322,-1.6022729116206829,-0.32650666603077727,0.5787670910999753
-0.5508527136359106,-0.4400775547084515,-0.8456974327740884,-0.3112130840122559,0.4336465326427203
-0.2874339504959059,-0.9394811773808797,-0.6005106794150733,0.06118874511311953,-0.1479090125610304
0.5026851378138073,0.3505402820796351,-1.0369006346038898,-0.7193249880718315,0.7986515540400346
-1.4030862303281244,1.6175274245337588,0.8219786375322015,-0.7290736538449879,0.879638191540194
0.3953479518284732,-1.1371175586611206,0.06294818694146044,0.048149516336835285,-0.21417159549290124
-0.6168726013856419,-1.8758592646268746,1.4266044424540085,0.14588420804342236,0.6980936153494716
-1.3120551257613644,0.2951293706789683,-0.573988483960712,-0.17485853454626207,-0.536134319518464
2.567684567145465,-0.41457470408057007,-1.3357000909888332,-1.3416422230897669,-0.5443805484009908
1.1749094896266834,-1.8239047280390968,-0.725303042520456,-0.6999323752231482,-0.25215202666825476
-0.8238725016384038,0.39107219486726774,0.13732461923192368,0.5689220854692056,-0.4416067368437822
0.8464452736492012,-1.0159160216320746,0.3268724947310047,0.00021708770978491403,-1.0298647147828937
1.3074858560144056,-0.22767093894990034,0.569836393266307,-1.1845653066355044,1.4132169759268571
-1.3879867980644953,0.10774706083177618,-0.6982076560384861,-1.2479549524255955,-0.1559412430709147
-0.03828864272372548,-0.6439914539180112,0.2135580314040533,0.7597521955477132,2.125995822869872
0.973215978596363,0.0907159048624723,1.088505237657834,0.34249871609127563,0.7246463754882927
0.2754574476388236,-0.061847932474083024,0.646834141865237,1.4426823527529178,0.5580371576239265
-1.379088029475292,1.043389912829968,-1.6018671874811083,0.375325888485989,0.29122848387229083
0.7688906324840897,0.07879672181646445,-0.7891471021131972,-1.290482780312762,0.8598905710707702
2.5070285011416615,-2.133759814757186,-0.9619931628891796,0.1355754318127437,0.07207408028442741
0.0008791464067108423,0.8229131616949276,-1.1853406330825316,0.647275567077655,-0.05278708534391294
0.09952424418054655,-0.38631002843299417,-0.6914108789886094,-0.8099656369832667,-1.0984767032793796
0.21685306148244643,-0.3746832474569993,1.4694958962184144,-1.0216899387333107,-0.34838626416277396
-0.8949017075744212,1.3726885493649454,0.20286269965288775,-0.29269313262789115,1.768414311631992
1.0660230569059608,-0.6459049656496973,-0.697342888248098,0.6983663187514156,1.1583927819928888
-2.202746498630848,0.598856488316853,1.0784681834548386,-1.080670832586648,0.05575559212994183
-0.049325590936851155,-0.5452838344012165,1.7395744853769495,0.5452832157934553,0.8142188390566596
-0.6021350019888052,0.3370636127354438,-1.2676775008217585,-1.4452433890900602,0.14515423177372672
-2.1728372053646003,-1.9082583421618968,-0.590550028391392,-0.4555945873362991,-0.46576158395411926
-0.27829035295858806,-0.6023657289020165,-0.5596323198998759,1.1074686755775263,-0.05978733470765964
0.2123265287613441,-1.8353028766332384,-0.6866564659331096,1.7374053744875968,0.09996829707665028
1.5872616001002926,-0.5399659970701993,-1.1374308703863165,-1.6145168487849795,0.6742655179033105
0.7072515326081537,0.6114179309298673,-0.9455176459300054,0.3507052272631038,-0.8290389644519554
1.34346652549242,2.545197425718062,0.12467333751346793,-0.4333026239969793,-0.13497548020952002
0.850168627759344,-0.10907929313357588,0.6873071677755406,-0.6681670980191982,0.8184229477059911
-2.3016705710013743,0.2727633116895368,0.33280794338599917,0.4636185000909071,0.5774856483333738
-1.4271754285037856,1.1334758214541543,0.5897041923568112,-0.8648135715598264,-0.04686062388594646
-2.3785217668563035,-1.1667670548695173,0.636835103060163,0.008487797896592634,-2.694015637331263
0.28554533754415073,0.44992506886999767,-1.4730483481693804,-1.6686920419971143,-0.40237618978646195
-1.4742014884614592,0.2644412665772736,-0.8713857039017741,-0.7597067870048078,1.0591032386780848
0.6797640967262504,0.20551594043359117,-1.0629109622870412,-0.44308273804877835,0.7573074877509471
-0.6384466944869297,1.2337233697927845,-0.6822130282261255,-0.8767460575568669,0.8517521448999722
0.12279968749866388,-0.04807448348509097,1.286118294024652,-2.412249801030406,0.04130264648372228
-0.7329005439485597,-1.5898337838711858,-0.3556341101655123,0.7740854318206067,0.21019876060899625
-1.189966958141682,0.08194699708719112,0.3444039090977048,-0.6387460610157186,0.3571733321157624
0.08063903565888252,0.8485525991212374,-1.393606594338371,-0.18379392556206792,1.102648686637904
1.320332800145654,-0.7505589329540031,-1.1612115365422178,-0.24122276842947932,-1.4091203552497236
0.6696903269505495,0.5339848534449061,0.8323524252327822,-0.28133579241877893,0.10906609171916641
-0.35154569118385864,1.221623619586079,-0.3497479117330883,-1.0854330996089194,0.5691558167898204
-0.2432293075925926,-1.3354853125569504,-0.9038618871558061,1.1610477709820046,0.03895323367721648
-0.1310108338802752,-0.9879327932918792,1.8183673480856013,0.9311968470654356,-0.63392607406283
0.8075228338639917,-0.32198711394422297,-0.07205382992460997,-1.1849326800945452,0.934255276835399
-0.37519680399662625,0.3393913338758578,0.4561784909351068,0.6047009063373272,0.1249290062953901
-0.14742555101191093,-0.21905260194617554,2.0947025507365282,1.0743852887188048,-0.375038898414731
-1.2268517206956737,2.2719543774448474,-1.4732112260551762,-0.20776749512606477,0.09929661184853775
-1.8154688270005181,-0.2847110019606718,0.7502129847037191,0.3611212229767425,1.1599730506175565
-0.6879353525015751,-1.9567582560384738,1.3379859379525567,-0.7475624830085206,1.0162968891483002
-0.02081403074640291,0.8606249457147374,1.4178365270747493,1.2428618599153598,-0.5640047546569253
0.3902528007166024,-0.7000719883246497,0.04558785758012715,0.1327751982363903,0.8242365120902992
0.39027753005919097,-2.5613518598978984,-1.030957413723535,0.9752914421266567,0.12681728332746858
0.8068237521217198,-0.3657991153033789,-0.6834750578801378,-1.9409030557703362,-0.9944471304069327
0.2035746883088928,-0.12297170418888234,0.7928310018282101,-0.29438512098448405,0.6333319203921297
-0.6349076430135692,1.2130309589207076,-1.0963219143552063,-0.7512323222522534,-0.5611115775466239
0.658060119460347,0.2296376441503042,-0.4827601023166123,-1.1574997150747215,-0.9887560219860597
0.8407379641794382,-0.14969750451757854,-0.4743158476021521,-0.978777114128835,0.21020598201451252
1.432239180831461,1.9832953167936613,1.3644614100029115,-1.8973681542677787,-0.7762939784085775
1.140129054604931,-0.14433134727537347,-0.3021756284021282,1.6412600846046712,1.1764428592506573
-0.42056164371833427,-0.18390852700128535,-0.052383692565922166,0.49057258793015396,0.8054909005850391
0.07271131705095632,1.3650589055523452,0.4451396185080399,1.2339250380238895,-0.26750293785558166
1.379665754000027,-0.5665992955855849,0.6460320976407383,0.4522512494321965,-1.1061242937535885
-0.2162408858920103,0.8582255099945301,0.8923824613835573,-1.11693117553313,-1.104227036293513
-0.8108536083160844,-0.7367305137913255,-2.2873094020384963,-0.41238679591236904,0.7226216525035287
-0.5792514275495511,-2.3097141181402705,-1.0650434815847232,0.7597507396599894,1.3713596396286338
-0.5658507427483664,0.7800862534092591,-1.3947081926127507,-0.4527050156102003,0.5697735704644264
0.3875348504720372,0.7469627639845003,2.5606924189431406,-1.5950439768206,1.0255942462392842
0.07037451245361663,0.8702595351146504,-0.16638828469937667,1.493521076704421,0.4501247699964328
-0.6543014810138861,0.11137356321479175,-0.34491841235486964,-0.788968609323288,-1.995228794228487
-1.8437575842701823,1.404080543741859,0.17723105842963818,1.591431789951518,0.8634444889447886
1.3515724138296503,-0.06861814037328463,0.3432935729997507,-1.1667151933085216,-0.8555319795211966
2.4780677938670967,-0.36357321178436464,0.8433951731105518,0.6490103869956433,-0.05607346178759951
-0.9924929926854625,-0.2965323288771174,0.1813742429870278,-0.05345301227675127,-0.5788881137895572
-0.7218317804538735,1.1544122568969217,2.2108252836526576,1.6489761689633362,-0.57062379616018
1.6518232290099226,-0.808539318409885,0.5509756431027572,0.6523294838814729,-0.5000459745234201
0.6987981394642462,0.3771377989225099,-1.312659013578841,-0.3403122933159483,1.5812259771041823
0.8149298402857043,0.39509493759806563,-1.454428507470751,0.5461447016529879,1.256385762791907
0.8749195501229072,-0.19640738770771435,-0.8176988293282671,0.3111010117820215,0.7459399354759408
2.6737602195988646,-0.10573155266968548,-0.34174394273834585,1.6742912942883301,-0.4175667702495194
0.573282981659901,-0.7492567420414632,-0.45861162167322095,-1.304267587439158,-0.8642593931817765
-0.5339088923451765,-1.1665140692998899,1.0067708079413054,0.07629818447754766,0.4674638800799113
0.1005957257024174,-1.5023171167692135,0.1706281251881016,-0.8105103277926129,-0.013557656003773176
0.27069599713624604,1.2632311306143489,0.3843213213556145,0.5264483736499155,-0.9886821263238538
-0.020286243806530744,0.5224339012907533,-1.7530086892776517,0.7535658894278985,-0.6928530095233046
-1.7388721699845373,1.087466230872788,0.20404938033191922,0.4372140083661568,0.6812458337213615
-0.09916107015398623,0.1286028577233513,-0.4649305457565534,0.29110245698521575,-0.5073850194827562
0.879868047105088,0.7070037802090807,0.1188179801564705,0.5842835115540086,0.18970561579963463
0.20399127809556306,0.8588594685780531,-0.28255592768525023,-0.19875244312520168,-0.003993240141825487
-0.7712598347893459,0.65979012210951,-0.853683665031524,0.2577280596178951,-0.1797319523180561
-0.18959799688148107,-0.5810046514920064,0.7925413419974202,-2.1524435255412016,0.09574139542882071
0.40456837255139927,0.7977461084391714,2.540712301599721,0.09371327510348153,0.08142139551127428
-2.062413904623106,0.9021331612203581,1.2277062042278144,-0.7636696585921372,0.08804786336516511
-1.858768366932583,0.9048060987026191,-0.9550510292280803,0.5764720175232746,1.2044557867111803
-0.3942617477372657,0.05439288239117627,-1.8496634162392147,0.25486602162546407,-0.016083131463385098
0.8105661628070933,0.12678234411940942,0.03727882968657346,-1.9784180683904677,-1.8661253634615473
-1.6315181818282274,0.35617206289436476,-0.8001041104595339,1.0298812649161155,1.8447313216711414
-0.7469911953972617,-0.7905590018861053,0.25606699918230885,-0.6683239779399944,-2.04006381190917
0.09660731302279221,-2.137085318248301,-0.09482108580778371,0.6611559150622365,-0.05989490456149988
0.7394588330747838,1.2336515263149175,1.4178441711405625,-1.313280069880753,0.7449772613012565
0.05489257912452078,2.811107353973567,-0.6938770119833796,0.47453170006868817,-0.22631356824309481
0.6163227290233511,0.30330031603768753,1.5409567529387485,0.17287690961960553,-0.38800147011902836
0.851700239279847,0.44124355197107884,0.7084555045972398,1.6532362689316247,0.726946929052206
-0.2587676329141259,0.27463448454868483,-1.3201712780840695,-1.4894632962251095,-0.3765856926571733
-1.1172062499267332,-1.4999011178377346,-2.031728320308039,0.4848354756249936,1.1976192427583567
-0.6326599648366429,1.0106960812708403,0.9596886768458175,-0.40337949593771266,0.3027636948717243
1.239147566116382,0.28212292022432284,0.8571779863872803,-0.21422218848739452,-0.21762303570610295
-0.40134302535462224,-1.1919965885233104,1.7538068201059878,0.36228481371844623,-1.2646589088583189
0.03905044544629931,0.24708292318563377,1.3780328449369392,-0.07294360778775778,-0.4910915068686122
-0.3986147613561774,-1.242078565167469,1.5848612447596357,-1.3817694864652423,0.40215392400105415
0.8445539745725937,0.6307820497964297,1.1400159178709866,-0.43930808731708165,0.062003228148148404
0.1405354043781735,-1.314685189386567,0.7088020770739732,-0.6886812453678784,-0.7826229285050295
0.6745722857212285,0.19928405848377798,-0.23872767955489385,1.552966579789501,0.7423204048381296
-0.9783259978897265,-0.8431802858532359,-0.5751241243413695,0.44584043085239994,-0.6752485722909263
-0.35234313298127146,-0.3821508616700484,0.48925647917546655,-0.701306065799963,-0.9542256737327557
0.37549599536274136,0.22641479895852468,-0.09784445134193227,1.3765313849063963,-0.46234560285663484
0.6523677244386953,-0.6028992559511726,0.07357389763162607,0.8303851354519877,-0.22370515723654744
-1.1209377801334377,1.540360592533786,-1.9906197111651915,-0.4204151780364073,2.0102548995804352
0.9072544864719793,-0.5672951630990745,0.1691461548771903,1.6881042249018865,1.3739636764924188
-2.019155703890004,1.2063968601864876,0.04273709096729351,1.9511239951979191,0.31254189426296036
-1.0009863203636125,-0.07747218329363419,-1.391563099528496,0.7045126247448243,-0.7747550279014169
-0.35711137882491206,-0.18151628991363117,1.3351798634556191,-1.5798614711157248,-1.0829046426382452
0.44183821659835115,0.03037959981093364,-0.5079057620004855,-1.1723967330997336,0.31621541088645727
1.3787058958435157,-0.33853337449303794,1.4416266957402952,-0.15852020484607549,-0.36043110002676093
0.24509702056957142,0.4377407963428687,0.03273619981489865,-1.3861792620807252,0.6588561239641227
0.8149296060993462,-0.5079169801936473,0.6382372895234613,-2.152220999897491,-1.815985258628239
0.8987097245766458,-0.19209896463976237,-0.2730648184853826,0.02597186654783967,-1.2103064942082378
-0.5520748319039712,-0.26412975947246614,2.01866897816456,0.019417600357389236,0.542507276702075
0.676326166600364,1.4291175374211418,0.5930920350415266,-0.7064785029770942,1.573609954757965
-0.15531207453465581,0.765703016419827,0.3917699929280918,0.7706514978101537,1.505125462059182
1.0185095010588359,-0.6458886838772221,1.8969554622348468,-1.636386914013893,0.4839825859470574
-0.5463206517291986,1.5369322965352497,-0.022781270935435437,1.6616937058573533,-0.3809355331914576
-1.082429657141868,0.09387221477875823,-0.8987869204366807,-0.5039752703890669,1.6540979432091563
0.16769032876965403,0.47087615739663286,0.2126493436126413,0.17108158425705783,-0.12138356320718008
-0.9833508022893477,-0.5314085483949463,-0.7599350136251521,-1.8933518080419287,-0.5569255578141461
-1.5803997997246662,-0.8391839478838531,0.6193297779857425,1.8690202387327313,1.516877404876836
1.0687071090877076,0.27509859949483495,0.5152701299453842,0.41293811075081327,-0.3752940034910583
-2.3837889817057714,0.946433127197337,0.6092278555949122,-1.0416127295151094,0.2396987005200201
0.04584132058798317,-0.10390132139169042,-1.8965072005661927,0.9144513761346219,-0.29507176074540303
0.16651888336048554,0.8402476925787299,-0.1535891633176815,0.9487053359289661,0.48136016588833636
-0.5997937497413965,1.281114479783884,0.24979757388819254,-0.46804028306466,-0.8206787010448743
-0.6902096685872309,0.039153016821267615,0.9871165100854397,0.030082323826137382,-0.6697092405183948
-0.6015925356433801,0.977162204195931,-2.8245375367739696,0.03591723935248375,1.616063017282454
-0.07408241632569118,1.4385621442451217,-1.156492981342466,-0.6572358473821761,-1.346930120748355
0.0023817536989109394,-0.46564215813975046,0.8182109765207326,2.206346097255005,0.3239042471758224
-2.0513313958392887,0.2587171907144614,1.3842060004050265,0.2339763041713466,0.21821832054287874
-0.9607498318624613,-0.48226755965552254,0.12764240783015957,1.039408523036491,0.18292908377385533
1.0172888239645765,0.16553545334826583,2.1878442353992535,1.0449392687658892,0.31204068815683866
1.2735459817155848,0.27669025371774875,-1.6728394104716648,-0.00990948699026683,-1.0010709812958731
0.7229150977387078,1.1520359236616529,0.4682963793616502,0.06449859180270152,0.7149665385667051
-0.7774545789698217,-1.352498551766399,1.3342679906053205,-0.6552304648381347,0.14246690936182516
1.2135691422342587,0.6397887047912042,-2.0183540755181797,-0.46411380115740014,1.5977607652677157
0.06743248795571684,-0.8493262283702216,-0.19098279592483658,-0.9124409597424972,2.12122763174444
0.6018726054917777,0.29607310689119154,1.0400397902398955,1.7362991321168166,-1.5516551523832198
0.7915686039426113,1.1957287852860001,-1.5509467985455723,-0.9261068934502447,-0.5802924680641849
0.5825635983849183,0.32325297952355364,-1.0696500618691958,0.933945974410746,-0.6716456092229863
0.1254145881788397,0.8586409632316658,-0.2093604113664961,-0.4301925163683582,1.5006733409312447
0.4125117342213834,0.2977155115217627,1.1401039929327714,0.9077194921527783,1.170674595827392
1.5366018625285787,0.870320382583498,-0.04478162792038372,-0.08685963449487465,-0.03613792686626605
-1.3657338584944005,-1.4499855215225634,0.4462634546314475,-0.3888407069156503,-0.709521589268765
-0.46523626187904216,0.9278966203743741,-1.758619925055197,0.8438159595926914,0.27963385224942516
-1.2710728828128581,-0.8077064572438798,-0.5047148373210159,0.3104055403253768,-1.0855635414348939
0.06327183904329008,1.2031056614331914,0.49779755735945,0.17179358523964358,1.7533180760961506
0.3650366089615623,1.2692715721624295,-0.7106466638373626,-2.2790567538705195,0.31210027896910153
-1.0639087485103316,-1.0065522536556484,-1.8367807350553789,-0.07200206877996439,0.22927942121228512
0.31295892938127845,0.40619540137524557,0.2555861274370739,0.28592242904394866,0.42177230310675834
-0.3874130654267922,-1.5984517377089726,1.0326412098710203,0.7395671608190623,0.33314580196981664
1.1457430893485465,1.2251420376049251,-1.353639892970315,-0.5183694740922612,-1.1167316727505956
0.5368989378297694,0.4647747640668595,0.6835969254383911,1.4216709671329038,0.848315306551726
-0.05397637789520039,0.4979761222342719,-0.3624949384595666,1.4811186941738914,1.3655191292303668
1.0725467938019804,-0.144004703925184,0.9366523567341586,0.3002204865796213,2.0156085148926315
-1.037656504814796,0.4002853727305755,-0.4120666038669808,-1.0844529429027956,-0.7009528089510828
-0.16775468982835864,0.7755927221750042,-1.1019191409350917,0.02418493139449849,0.22079288626814636
-0.6175403847872206,-0.27850333470915223,0.7664761163159767,0.2470826493413676,0.07579330655584607
-1.2233750157519079,-0.3955623981860131,0.914848110098161,0.5460109896330105,-0.5323864538931672
-2.9130445350362324,-1.4866983527573159,-0.5299347442022992,0.9710263028074413,0.3801685793332112
-0.6170800944327267,0.5538523527191298,0.5948265817499537,0.05735883707393699,0.7857249645920932
0.023300775074474495,0.13743111279150882,-0.6043866629592781,0.11467023426653788,-0.19008953607312815
1.5852066913182599,-2.026617658136728,-0.31046523482297206,-0.7937561504935842,1.3409731639381721
-0.25322978288357045,-1.8740720698088136,0.24277222826194678,0.46588135539280234,0.5015686142061897
0.6200545897711598,0.23027820076685826,-1.801378019000311,0.9545592147927522,-0.43503395199953415
1.5017802347182432,0.4096059720973158,0.608562870972036,2.8569986209575724,-0.5272453899772781
0.17865604884802896,-1.817908439676287,1.0583610411039852,1.4822629245258516,-1.5936155615082488
0.6379213334080878,1.1210342823992527,-1.12756068222047,0.3486199580255096,-1.5705012170659123
0.4819810346680338,-0.21008325165936323,1.10278219358104,-0.4777319970541565,1.0913448835835613
-1.1261238070852995,0.37759117168231693,-1.001490377361691,-0.37879015430342605,-0.7587267867799043
0.011206045876666624,0.6868416282917462,-0.6864902994088611,-1.563280223328668,-1.5396747699247657
-0.03126196762549202,-0.11354748970378511,-0.23203439027207823,1.2054955505846399,1.3693410150311869
0.8575527678503105,0.6307611318537273,0.14619330074436973,0.0563914373753152,0.5413977850326124
0.32153684839180063,0.11231559251631308,-0.6473127264636344,-0.2909469930307041,-0.15363422459159304
-0.24534397716916453,-0.07915000221788068,-1.7677447723368804,0.846550391562978,0.9063032154157635
-0.7050026658035892,0.15139389135260445,-0.4097715138175084,-0.8429199397503148,-0.41938088910422966
0.526592105936333,0.4501090150097528,-2.949252963267516,0.8354166847292074,0.020966413999353117
0.07388095958014024,0.10124184152264029,0.5462262382517789,-0.5589101712067736,1.449436487517442
-1.3612741547880143,-0.05763148316979725,-0.12574390203549032,0.5954465615347617,0.656756311293766
-2.381998568816174,-0.7370992487739845,0.11351557292679872,0.9204494163074118,1.907615495647867
1.8013275971429596,-0.4068247732015221,-0.4228854897555708,-0.5188357694099798,-0.6621372550590997
1.8828557389622682,-0.11739092501666694,1.628250098434307,0.04201491177484004,1.1633502226717833
-1.7596255859494505,-0.7875675431750091,-0.7373860298996957,-0.23917475254249748,-1.796671155911875
0.842358973200412,0.49559141386089733,0.12145730261336148,-0.9678433689204629,0.8173064131165685
-0.8540651003462973,-1.9324734313613157,-0.03531505723375814,-1.2824587798714473,-0.7220753320992509
-0.3048470187832111,0.861662136105419,-0.24610760693800696,-0.3802680092417911,-0.5914912353693417
-1.191115740887907,0.19839451828708668,-1.336178041612967,1.1394948229725268,-0.13339717266118123
-0.20522618628641212,0.44464022643668777,0.12025567853192083,-0.16325173362202924,-1.2891489981934543
1.254093099025816,0.09318800009289924,0.11169334817218242,0.6723048268327326,2.1418297911163715
-1.0521813707484298,0.38161544936007685,0.33859005649038887,1.1013898214143731,-0.6447491459870751
-0.4593823308449142,-0.6582610300305476,-1.0960009353181042,-0.7605464488317908,-0.22697319808750158
-0.7610215630085736,-0.3086497218895523,-0.0658472190377789,-1.6786835545706427,-0.9297414587311618
-0.20630386604366227,-0.11366556705581951,0.26695498789641875,-1.2960943974715164,1.2958014284883046
0.011224366298578179,-0.1109300479391837,-2.085057910172516,0.2894991080337947,0.49690618188394114
-0.11284629239623889,0.015973292163829953,0.09658358039191947,0.01294850301247365,-0.8279696010934889
1.280094934710019,-0.44942097024527017,-1.0015771601050814,-0.3391208604752894,0.7319806919289232
0.2251786380358855,-1.4948425075378327,0.46378776049108567,1.5397854327608986,-0.7783636356242879
0.43526916750551553,0.4149081444155199,-1.0531466491341348,0.28915099071600675,-0.44766152653293484
0.30844276926773584,-0.7008956907310113,-1.144699745889213,0.6262661332839538,-1.3298171928735
0.3744317296831956,-0.7195951569094989,-0.6083424103105093,0.33782650288596455,1.810468141812038
-0.10245311154183086,0.16976998300167886,-1.617831933471851,-0.7130923055927364,-0.3559850402243623
-0.15127061361335964,-0.51134987508718,-0.32198204424845894,0.05619742854908056,0.30064779010743303
-0.6826269164165553,-1.1253697068581796,0.23212523473971194,-0.9428475464090742,1.302633932286198
0.16894442282905356,1.030110730013737,0.842762232116495,-0.00640442013234215,-0.03402943467516631
-0.2509014219844077,0.32146255264248513,-2.2616254223171905,0.7872950446409132,-0.3833765351080155
1.459306505806117,0.3198316713095529,0.5227649234956452,1.2508035894539196,0.28082768546421033
-0.7682735731444786,-0.9975675174859718,-0.35158397620514914,1.0682149138866777,-0.6977630166615792
2.240356650208173,0.12237622878381274,-1.2023247312880307,0.375964831402226,-0.37511382815643274
1.577555297888787,-0.3823864814620515,0.3136024335924292,0.3577338253604113,0.4172422167949093
-1.49581711095854,-1.0005349573181028,-0.026165987393300977,-0.47923292520073424,1.8167109567824433
0.040269536289922234,0.1848595475622935,2.065494750743503,2.241929153188621,-0.4567995958878022
1.189228221381854,-0.807735003200412,-1.3678858843927264,0.9409982420365313,0.5728532547229613
0.6456401062211377,2.1407792149376337,-0.5895304138656321,-0.30338710964773435,-0.367160912148499
-1.392449595285276,-0.08065388400418572,-0.6546049980976675,-1.310820041394372,-0.8090016430251372
0.20851367669074586,0.23033237525041092,-0.02081733119767587,2.0732638155384486,-0.1072354386896624
-0.33626575120756413,0.6588341428769251,1.4634171950737171,1.295789991624209,-0.6883614812404832
-0.6939392049577703,-0.32687296813541017,0.785120553339318,-0.6994705226176082,-1.1980998333292854
-1.1857435965764045,-1.0002826696448581,0.3659062641929398,-0.7982709528612195,-0.1894335981642115
0.08290383846650623,0.203784336472118,2.2105475357117226,0.4256091977355337,0.1282234512996938
-0.11619563855606516,0.631232302548455,0.5929076610249037,0.7750582696119823,1.3495157647805562
-0.3029724790919449,0.5796373690536466,1.1847461753853281,-0.04787703882486007,0.6908372589490088
-1.8781242141842394,-1.1049832062140361,-1.4532433771289324,0.36298386188333237,0.20739701983805087
-1.507779398016418,-1.6085552792658968,-1.3939880912492983,0.5525977908710236,0.3676111253810514
-1.4383389450323645,0.20530614853009868,0.36408043599088774,1.0207912728604833,-1.128634271319977
-0.40126864911597326,0.32741297149412113,-0.4801747524962918,0.33936779702819214,-0.7472413184613855
-1.3201259163683976,-0.548997218392261,-0.005317731266695787,-1.0653363893750556,0.06895661143694533
1.0255288873691042,0.6153093594996343,-0.8729020507901468,-1.4522292046368444,-0.21644088595685154
-0.16075995078661748,-1.046451080016072,0.6501179099533154,0.8569564977690753,0.6114460809576806
0.5725696308914097,-3.6965473645858715,-0.24824944546903957,-0.8704939128963505,0.6298559089653863
0.850340062392092,0.01879675000103558,0.3706201528977434,-0.8487092298520236,0.4121506254198677
-0.04367224169728515,0.1781142868402771,1.4597733952727594,-0.33717278168629894,0.4153127802568491
2.9663529127864057,-2.1472249325068438,1.1100135482526132,-1.2295065657153808,0.7452569091656537
-1.0952636335786572,-0.7043084422668844,1.0150100410696077,-0.73243403607214,0.30743915551113565
-0.15905375801512994,-0.8614794180731685,-0.07950413933784586,1.5245219294340733,1.3848990348485484
0.19192315097793722,-1.1279577713023012,-1.1165279856930794,0.7746215801668045,1.4591097577822638
0.16752540869258079,-0.5799883637984413,0.845257563253854,-0.6217614133099268,-0.8824933813689457
-0.16076491045681032,0.4909343809260611,1.2854554190676615,1.0502470279810057,1.1656887792579644
-2.5115557120537852,0.9867876477461771,0.5505654446107632,-1.5075465682375422,0.3906679396894281
-1.3371881506532453,-1.984554489329907,-0.03547878882375103,-0.6590481560332884,0.24896533337890728
-0.31031709060686824,-0.21031817446389756,-0.91418158108503,0.6047094945266174,-0.3602473025251538
-0.24470408176494554,-0.38078012344976814,-0.4679905876374839,0.2520383706500837,-0.15060000348910813
0.4409642318536136,1.3875549250573618,-1.7630324013563723,0.2719785947518439,0.4900477027634655
-1.182749680779187,0.3908815060524955,-0.7868550246392486,0.317598594912227,-0.07948000485027253
-0.18188812275821764,2.306205344766751,1.0879608611695673,-2.0648109589308987,-0.9428153760204053
1.0606398578400964,-0.592550000493075,0.9611155205065344,0.4036502658667239,0.34080654072791
0.8156444678726739,-0.8724294829395434,-1.0436116518734397,0.17102173602008158,-2.111267058688098
-0.32126871902591997,-0.6857753157498329,0.16285814626763576,0.20442041737632716,-1.1596452534614126
-0.6438220824632023,-1.3585702011612235,0.7749979712232338,0.8701800547725376,-0.19912045735817188
-0.9175442806832279,-0.0035134695582358312,0.7599213589240998,-0.15317605580636606,2.299854290509728
0.506709835600296,-0.649570356331614,0.7126121714240421,0.9404622327329412,1.580478370719726
-1.588521866362236,0.6454291130529881,0.14291521898700968,-0.27126591428039676,1.4977277728319536
-1.3600547915859567,0.5954441557846751,0.12076178786445452,-1.0822565645211124,0.6606169408555037
1.3375664234426474,1.7574736882159394,-0.22159927746478278,-0.003684630203096661,-0.7019264015573737
2.5618080470630025,0.6353270464091733,1.3262567456221024,-1.6800041895055449,-0.7315531863350386
0.24240954751211355,0.4864770249065495,0.40884538847220925,-0.11458222053255931,0.5417539800399116
0.3011287141948645,-1.0524898958674649,0.5971930424857416,1.6530613289028881,-0.07313034560929643
-0.5334937843357134,0.5604645314090484,2.7387706445394913,0.18337630427879967,1.1072183713259935
-0.9780047243454361,2.3390279291781173,-0.8533612809471885,-1.003525670318426,-0.5322672731683993
0.46792339870412836,0.4187012649897039,0.3542137830360114,-0.9196925622717813,-2.899057496994616
0.6954334184000469,-0.5374215237285712,-0.3735015761940826,0.5743796090059906,1.0712001138508924
0.6270878051298021,0.6532521068428121,0.8039749063499388,0.6674783809329107,-0.5961918338214395
-0.3939286092446313,0.015021370393647291,1.6074580444935587,0.3677466608759903,0.8106091896502691
0.6602844994330747,-0.5050384982809455,0.42345743647708844,1.4921214299273036,-0.5739023193674018
1.8412703384517388,-0.9358762520441212,-1.5418036135436133,-0.2032550151916789,-0.6751426973184647
0.08436726549390824,0.2633713689782991,0.8900897679908281,2.312423417941873,0.5193745860812663
1.0144542755768238,0.34602400052502114,0.6963615454362588,0.3806778314788567,-0.10573086024893665
1.1588364761699732,0.7696133203853943,0.836747672593041,-0.6181137361821695,-1.138005755252907
-0.6862795361853306,-0.6131251869145707,1.1473251823010313,-0.6681547361875593,1.0569010215318388
0.3555674491119005,1.9282495583736106,0.8019894732352038,0.0939961747096396,0.18207752353113427
-1.1826901177466411,-0.6934717668329484,-1.1434958063101117,1.3724696964797958,-1.1544931799981006
-1.7242061306753085,-0.05853017714232913,1.6832583986501934,1.1494901530866775,-0.49621548182151914
-1.4624642397905023,1.1633987116995128,1.1425101091887424,0.1652774849369018,-1.7592977774199001
-1.211127625054401,-0.04666867375194982,-1.314628505071997,1.4208296238753981,0.3261322465023726
0.7226897654938471,0.5470091831346493,-0.7463494909298788,-1.2447147016353752,0.2258207305900555
0.30546425139397876,0.7273895522161988,-0.4539418912531496,-0.43877248860855467,-1.5610201716235317
0.10775452759400461,-0.16150660603273112,1.60410863996297,1.2578047736124593,-0.3777899244232056
0.3704198612682499,0.8868452326964607,0.6473863450185929,-2.0316470236089597,1.1447472513716284
1.4271701054580368,-1.505102279528108,-0.27168598631504237,0.8033103878502058,-1.6234252805343097
-0.8845349205581879,0.5323266134006359,0.6281342989066563,1.1015133506523935,1.186327416812536
-1.682589604661651,-2.234790820905409,0.4234231006461932,2.43649824537865,1.8921074052937892
-0.25220292960728846,0.019720244869300615,-1.1164903881794155,-0.08310934881908072,1.1255828964461427
-0.8060816428431009,0.2878141221314775,-0.808920012626143,-2.210103785026369,-0.9281316186148294
-1.706005113301696,-1.4455668198607527,0.6126644077361588,0.07030502339235593,0.4876754624142974
0.4295537814390491,-0.7507312903755091,0.207309974632807,0.42904457639244636,0.18194722625210685
0.42215922064182004,0.439322639173809,-0.3734887774614339,0.21684743384564117,-1.9013493168817743
-0.09194824201277471,-1.9206561824214599,-0.007137547806935209,1.4939935430578082,-0.19888539592889187
0.2740664529487038,0.8391691044086609,-0.0185232838519086,0.863578535907223,0.35806559194834775
-1.3437168682215404,-0.3478380033703132,1.3088372218240145,-0.7875241886181334,-0.0055778721382509465
1.8805995399065438,-1.4770953961481275,-0.26375747687308,0.07440696082638243,0.14806274916499906
-1.128039424259365,1.0034255587324643,-0.43633524935015033,0.8584935920453252,0.2212287285799812
0.8951620535673112,-0.6067488801446393,1.0918367738803574,0.34544870923063364,0.16233460489910187
-1.2062713909089546,0.4832067012521385,-0.8398795050171483,-0.08360162714960942,-0.5025686358023431
0.6363436432934501,0.4509398737955554,-0.9393643972210814,1.9708369976382043,-0.9156210943946869
1.245225974622832,0.10459893913285276,1.309147267890562,0.9666430576848996,0.06749979000484102
0.06487255174260742,0.1281535004242799,-0.5593735865110133,0.11449006692178745,0.12455865387117876
-1.2278088625406385,1.4634050597503157,-0.455961774372891,0.9002513640861931,-0.10888572313022431
1.6945731393037347,0.5992258026057109,-1.792189271594567,-0.7720260179973432,-0.201530166026625
-0.46868152935557605,0.08215711123481644,0.5937113626069213,-2.622691755093876,-0.635021322042991
0.5397162440359322,-0.9582940182161203,-0.6876666274422065,-3.081553310893744,-0.5587658069211501
-1.0325918399470602,-0.297529834512704,-0.21107702726475877,1.2952188482769744,0.18080862647316262
-0.4147747722484713,0.1881201867551823,-0.4819166874899723,-0.6968258182008039,-0.18717555555580329
-1.4981363574943851,0.6549198116426308,-2.24773406417018,-0.49273398100107124,0.5440950377193519
-0.8554901061684985,0.9834600067658043,0.7982180563310417,0.06675674621783888,-0.8660336872906594
1.098927637613886,2.5921101007054173,0.10959967569964685,0.002392957098935064,-0.01347995559315192
-1.0740386158619044,0.610668555912289,-0.3050459886913867,0.5480471895343747,-1.0056344559488601
1.398865623033191,0.8858017554159283,-0.32382326022529545,-0.5914406604972758,-0.5692423223919669
1.4680322966321917,0.17678375221806394,-0.2861015581323484,-0.09458468236624423,-0.0039017380156608837
-0.3165614823248071,-1.0631577065753766,0.16114415232450882,0.44329773637048336,-1.498769521751414
-0.4647939290904284,-0.30340096153159324,0.5947005786791348,0.3867956218614942,-1.4009638466723482
0.4793308608340468,1.403236171415246,-0.04913697765991868,0.2735038613512181,0.9046716275301635
0.6546088072317958,-0.12310119151904983,-0.8967043802885694,-0.04046502194887338,0.18616238498514528
0.025033353238799138,-1.0815532648575958,-0.6780122073346061,-1.8947661640234768,-1.097132540357891
0.9049545350135164,0.3966507953258053,-1.2351225255235239,2.9169281607618136,-0.6065490509965424
1.118817273949585,-1.2321790792421101,-0.3742748349463323,-0.570208826492173,0.46930917940108613
0.9786194072654019,-1.1340623784346062,-1.782154609255194,-0.6158844251943805,-0.6785921826015482
-1.3334797983510722,-2.2629337470619286,-0.9264971294411299,0.4248285557960838,0.47857123852714945
1.6994517499118622,1.523931219131169,0.09756633471385086,-0.531277734803101,1.0785351817973292
1.2634431303192695,0.6377773153588616,-2.385714589417699,0.9947050146328127,-1.1988300782595973
2.032753839611105,0.6343772028238855,-1.5063171811775107,-1.338062277095489,-0.5221576776979621
0.3311188072178339,-0.30472853136748745,-0.9719243310672111,-1.5957937310549748,-1.3250954932707497
0.3234325256275097,1.167536358034722,-0.7415251751045335,-0.650985013798154,-1.2244852516393454
1.3545845335100495,-1.2635242013045682,-1.114851395578235,2.843600599717626,-0.03362925923750996
-0.5120908785369976,-0.13410053717899292,-0.7326533025942987,-0.08728431305030729,-0.1540871610680867
0.32357026405525846,0.4524957419323175,1.828154197566928,0.44556125583590916,-3.0539130141698934
-0.23166270196644428,-1.249114152285203,1.5988648695523908,0.13020269812053836,-0.2469514247846204
-0.4174410735536828,2.162858355870718,-0.6746012574147938,-0.16177056907520745,-0.4467814973667898
1.3451449762051217,-0.5610884055993451,0.5975330585131939,0.12693211737885646,-0.3830618040071634
-0.818604720992802,-0.7083747340321548,0.19502013872834714,0.7408053658178555,-0.6445595390416013
-0.18839376319838816,0.24024427515651223,1.1059436942678489,0.6944587087568869,0.34854962289459823
-0.28922195115254234,-0.8592206201307466,-1.3247423167140802,-0.26032822004600753,0.4698949210039165
-1.3496244304010623,1.022975300653805,-1.8433702304261346,0.6065308533475873,0.1166956530654133
0.6399021621015457,-2.1825828594211845,0.1479839022723057,-0.5282928635850078,-0.1034298234041053
1.3540845465526659,-0.016149181781495978,-0.5200534028515887,-0.54436741221945,-1.9829213663899827
-1.5654175350271091,1.0615501746944287,0.1925036328534438,0.04419584164751498,-0.6308869859858545
0.511837081154812,-0.10236829377485109,0.07336137757711678,-0.4049311417833041,0.5218430761141836
0.5078744364163595,0.4709435885440812,-0.7015917991585539,0.8379263176279865,0.4946018801540146
1.6630714167920686,0.4370824982997931,-1.015512150715647,-1.429969186634539,1.221680419078404
-0.09479548402203009,-1.019115105735128,1.9621471655393015,-2.1545695614655522,-0.16830594451096376
-1.3577577162003838,0.520351494643821,-0.3006653764999057,0.418431980805768,0.5245881084421805
-0.2271034288627409,0.13756872881901172,-0.5623399428665189,0.11632864121986763,-0.5922243790901426
-0.4931390666826012,0.537284616115156,0.918167369506778,0.4172256833518708,-1.4209089477020016
0.2632944633648457,-0.20727176737574377,2.16994456804763,-1.3714004077614865,-0.09263059146374192
0.5674525085320714,-1.9851995364986872,0.8638779007696641,-0.23748095986458675,0.4077519067413066
-0.42686797770926166,0.625341332759164,0.5061220086464806,0.8163130465160328,0.6923314579027472
0.38766204120757297,-0.9454144014845453,-2.1093931875512095,0.22791277997888218,-1.8616850110443517
-0.19561891270398052,1.5223704926063821,-0.18049954861573217,1.6547295306394552,0.0011410794759481478
1.4012589868478942,2.271417486259468,0.0768480111290684,-0.15576126686692657,0.3158650399580753
0.46400057899755465,-0.5355373408449572,0.044806809955139575,2.2085094964893437,-0.6055747770093192
0.06650420006797443,-0.6879638548430864,0.5130860060022194,-1.3399685810568298,-0.3537743794164172
-0.0039911622167046095,1.3774819201006647,1.207671036260472,2.1422361114578776,1.168811604877534
-0.07412006921805021,1.6640212157337322,-0.1720768658175693,-0.14963721838869082,-0.4952258340926443
0.25691730392075446,0.07322823438200393,1.209015249266686,-0.42069423623557134,1.5908914318522818
0.7048778139727495,-0.147662149755035,0.6129360423950402,0.28415591360326137,-0.029252815772914217
0.04549410209514883,0.08854566737766709,-0.6919515473454735,-1.10134953692356,-1.096419881960309
0.4815978451795766,0.023289748121989414,0.47567133455230287,1.77024504681852,-1.577701839119103
-0.9028055314851269,1.2386339709300707,0.7771592648063858,0.3648498563575269,-0.9969721053775914
0.7401345193234973,1.5232036677237553,-0.5117389849723021,0.06321634532541445,0.948212130490981
1.8116158968736473,0.17271653475794627,0.11783777917600824,1.2754021015484998,0.841241403293024
-0.3978115217169038,-0.17161268941761157,-0.8479722556680463,0.41774649277494696,0.496307011861689
0.06245418376482673,1.627601079729978,0.4290594861570444,-0.7117861675741671,-1.7169169202482353
0.846599654108038,1.131129477116843,0.2320212907127845,-1.3740869514720973,0.8581914952672189
-0.48616659843778676,-2.513921588566514,0.512745911074887,0.7097726603586579,1.1196233959705175
-0.41310338033620575,0.3632908687254121,0.3055568207998424,-0.16932057776022433,-1.0410805935528833
-0.038920027919323724,0.4044928919753997,0.08371517268222566,-0.2282702865690654,2.612914736464007
-0.09129002590264182,-0.07690326329499945,0.3885210049551333,0.09948979760673517,1.9602954124503162
1.6910593532028266,-0.06865629129891503,-1.0062985107180171,-0.20229752802713016,-0.23481937801162692
0.9660886619623623,0.9409971618450955,-0.15623949978510307,0.24126939333354372,-1.037369045907872
-0.19097151714914937,-0.9203634787613776,-2.2085041743733,1.305578164332107,0.30479804393688453
1.8316590912886679,0.940700901053123,-0.29630182648919406,2.1933423470856774,0.7877384061174252
-0.5336891688539251,0.659686774769902,0.5256581889159926,0.02394339960832752,-0.31885924997631027
0.021400839153040592,-1.0602860481380445,-0.04832230943313502,-0.6298492802285677,-0.9740012239488284
-1.0912347187056401,0.1700204309828053,-0.5648175277608066,0.2852621742061576,-1.1499203922341368
0.5441150532323787,-0.5281673393692939,-2.3933586327794862,1.2739906188360004,-0.15614064303247194
0.5630457757262208,0.5048347595078246,0.23776980436399162,0.7423983380793691,2.114416853640071
1.8033762533107422,-0.1539349464086762,0.0075044690051110285,0.001625054701758765,-2.519546280456869
-1.0777181322417608,1.4294996699192373,-1.2448638762664257,0.4720188335183814,-0.709795518392844
0.6436875942663933,-0.3981397747834217,1.0815010342151987,1.7994172117381115,-0.3593734824187547
0.11742680976172838,1.359071737222218,-0.6026724040222791,0.49048013445035776,0.31267474389517486
-0.3485859598003498,-0.43121990297715945,-0.3836783705497872,-1.091212736729094,0.49400989403372664
1.2445722276457416,-0.523108447073817,0.9738279722998149,1.457541403489107,1.9414244251401787
1.6430054473014144,-0.4707816877241562,-0.3372644595624059,-2.390689063719362,1.322097336181505
0.1829285068960681,1.0022325254869695,0.6795812794236291,-1.9621567909631308,0.49862465187882493
-0.9008226845995663,0.36723234954325695,1.5625389868957253,0.2192874211087865,-0.07911400140583974
0.521538819263531,-0.3667983695883019,1.319955812220711,0.646437879094113,-1.0320667880967873
-0.6856655831118172,1.3120637076029564,-0.6174526379358164,1.293203699385065,1.0570139574862094
-0.49499355801463496,3.583464818000611,0.817895367909759,-1.1726734300584347,1.0483212304966283
0.10323693488673315,-0.4595947262317122,1.5572773260977832,-0.7073748862696583,0.035234182797267734
-1.3704121729482328,0.4551998768710211,-0.21316403838654135,-0.8802974069882554,-0.4636118970653032
1.6704049222953408,-1.7379491375543115,0.27449786567767814,-1.3690506957988477,-0.32339272116073936
-1.1283575890590634,-0.3396603663164163,-0.9789681841650909,0.7626258982219646,0.9510362141586366
0.5253285040363843,-0.9085684614174137,1.665331283011955,0.9557794100280377,-0.7196664674227058
-0.4956283119428959,1.1058463534858665,-0.5724915926540174,2.3759814352578474,1.1367575283066396
-0.8062956585954968,0.1974422712478675,-0.5024901393287274,0.45459596051436685,0.11131558212616317
-0.6861366729943172,0.16877577436931288,-0.004978315394197842,-1.4750478245053869,2.297240523526576
0.45171951732862126,-2.1219848579596676,-0.43202870762114054,1.1072725469875238,-0.9267215280040452
0.740442409169711,-0.5491878097329242,-0.6929769006057088,-1.0631015466533447,-0.09028452879786768
-0.5043120764060408,0.09971978462377738,-0.20021863889559383,0.663771058486691,0.1596443474310635
-1.2979741226174304,-0.2173025800959325,-1.0302770929247194,2.246257108657772,0.6542203295550029
0.11889016188728989,0.24518441352286668,-0.5179573398610463,-0.5385428022527822,-0.9772161263236812
1.570117632821214,-1.018150146326042,-0.2818083127364205,0.15908731232872098,0.5945320193109197
-0.6636296646898735,1.2865635065347931,-0.1552772129758646,-1.4088461060164168,0.5153725072970124
-0.4493952541458096,2.643056988771166,1.5574206351657283,0.3009558835536056,0.9901674282453028
-0.23433232093079856,0.04562239386874997,-0.47775677108608333,1.6988447459583575,-0.5138437252410144
-0.9909668073357898,1.1767278728452717,-0.8319403266558734,-0.10250575473654831,2.266324838373572
-0.034994840763404735,-1.4570679384714178,-0.27510990043932804,0.8505549028741508,0.013520264528895874
-1.3519156276627307,-1.052439264806291,0.08218390023717173,1.5587634473470773,-1.1763826274466398
0.4204121024963752,1.913427881559427,-0.20248453186927287,-0.18731866914200077,-0.4863907897767827
0.9815450039010624,-0.4008146309568667,-0.6199251309793721,-0.5385384998177026,-1.3043960169939781
0.7905943831549525,-0.17054070628602983,-0.7668276846927332,-0.8896734972185636,1.134639375631036
-1.6127856367180016,0.20773823333161498,1.1730809723093183,1.5299634627095944,-1.5132075266639247
1.0290995701429397,-0.2094378175386738,2.066122265942826,-0.05426590961530731,0.4113466038647896
-1.6003705189113222,2.6837511560281597,-0.9543282727730752,1.5785792252837794,0.5593200259045895
1.0220967679076005,0.3138782604226539,-0.14867305613212825,0.24569201552323783,-1.694359525154873
2.0196562068248247,-0.4631536778939052,0.4921178562584862,2.4673069696427112,-0.9274663276301083
-0.16155426739147372,-0.7398568783014171,-0.24188625300967947,1.0258808531972785,-0.9867430935540048
0.5089948964685623,-1.391188073839899,-0.2006831279765579,0.7956062187944909,-0.5586428533281487
-0.7802079689645276,-0.8617722951626631,0.7670544869625179,-1.5055113844078043,-0.35698314193014485
-0.6174929363314864,0.2979478109324329,-0.050123949505223885,-0.5017692738020493,0.5133568619931674
0.8041239263526676,-0.17114225732745345,-0.7237329261130493,0.7952090298375852,0.4459494219952635
1.223985175052993,-0.035034624708212066,-0.8081851810892265,-1.0273130898851839,-1.5422331429762732
-0.49217645470431226,-1.5882327921129602,0.1286142573082132,-1.0408207151957416,-0.30167158688602513
0.091883541501179,-0.5215063334105369,-1.729052356517949,-0.7078565740266599,0.02570454119313862
-0.6967390410147375,2.5586026069653602,0.8778289937684259,0.3104615757970246,-0.6821084824805875
-2.105020065569892,-0.9138774639325645,0.08151070362726368,-0.9867118030673339,0.04589274633495248
-1.767987316343163,-0.0716051671305911,0.687375546997785,-0.18630291227773543,-1.7027791442264075
-1.132926094959495,-1.7735096669821966,-1.1864139042691226,0.23720799646721544,0.135829091996924
-3.0751330198264424,1.4689991182075954,0.6884761042555536,0.061328280284114425,-0.47060805993689087
-0.07447782753253844,2.3100372314814237,-1.8098184820784298,0.9254192767548219,-0.83602013579543
1.7860468975710349,-0.1842976933486283,0.2654217153645512,-0.5154922596287044,-2.1342671286652233
-1.3933506350610225,1.729964693501686,-1.9885870966650083,0.6431815828936288,-0.17440888379518898
-2.4087848368578957,-1.774388457347559,-1.6243943320280807,-0.9537708295667422,-0.7861709067423008
0.2280255286709527,0.5308106701815241,0.8323027650228244,-1.9525109083473562,-1.5556958437230293
0.5550205160686563,1.0978307641995175,0.09469650972309568,-1.7949172950786514,-1.66965278647986
-0.5561434811790291,0.030611680337872142,-0.9412634666340334,-0.20741543146033062,-0.41813311097321093
0.3855073418204646,-2.443281078477827,0.910622692756055,-1.9243154940764808,1.2988956616761418
-0.36001487405711574,-0.47133149667690843,-0.7255850116254325,0.0422426882558954,0.25524807309899394
1.3031481313628934,0.07924895933558193,-0.025957858996368,0.3262861988020603,0.5159471642575
0.3556217228126612,-0.050684358549839346,-0.09640276607573763,0.6705468819199419,1.903261858934974
-0.36273431441078346,-0.13357252800263314,0.797117218110769,-1.4906890860866995,1.5083271335378379
0.8347792130398611,-0.7264182194325046,-1.703274968514125,0.6804885095187372,-0.12586642909199955
0.976497450971663,1.0751572350196323,-0.76803182085384,-0.5829134388952542,1.04822644087035
-1.1134623090801932,-1.4131274642480818,0.755587089321445,0.8057512534732991,0.19382820835331688
-0.378477225508592,1.4875904340427968,0.8216255610952903,1.7681095657176542,0.5812429085941869
-0.07674580072759223,-0.5974065132446943,1.1833746971663184,-0.41890750081015005,-1.1149553020731846
-0.018175119351406584,0.02350698098523883,0.9282332190556963,-0.6108790516043542,0.11730577136100549
-1.3021014038466685,-0.7923416944267107,-0.11018048140461442,1.4094371823131968,-0.17601754176963677
-1.31264988377844,-0.9604223653522675,0.2256050781681621,-0.6874378712630167,-0.23674768428099024
2.8059298808494044,-0.6950174277482372,-0.6460431152534426,0.6949813928007027,0.8826618888036764
0.5415144975489155,-0.31014724933445453,-0.315138842808243,-0.5361972977918099,0.19332221446874018
0.02833944241611866,0.6203041795971268,0.9077946332110923,-0.4115014345163644,-0.5342624741642477
0.07623198442355833,-0.028876526909209187,-0.06470662046342027,0.8757852511157037,1.5167856999033447
-0.2786401425424435,0.25866281259552454,0.5108325986949358,0.7630133296109922,-1.0466002510309502
-0.6516057925759268,-1.7251704403721309,-0.17493174002703493,0.1241313089088398,-1.0233520477931637
-1.1776359135633365,-0.40152608506631515,1.3998319520332512,-0.9787099800306944,-0.22899735768036703
0.7820469376265143,-0.6555937950585906,-0.3880008881667105,0.8814839644827658,-0.3311333517762918
0.20417315681599268,0.9845761968750896,-0.3220340160535551,-3.2556863794971296,-0.9706119227511878
-0.7168077971266053,1.7771433509180714,-0.6447441954471189,-1.025539423156186,-0.6041215524537203
-1.514461325381024,-0.20543901470597936,-0.1723183637934882,0.13673781197926652,0.8035884726558431
0.47104405835098667,-0.7848996175276165,-0.3533200196357391,-0.680498553944162,0.7425045790210101
-0.046707379324823974,0.7851730389390804,-1.1076167673335209,0.8747939014410221,0.05505195683138586
0.3623930758218165,-1.3217009875428978,-0.4320452061178205,0.6730395660128998,-0.21444942915324203
0.04984944037080682,0.8821076632982224,-0.46584016388857347,-2.4674673171975368,-2.3167274469100994
-1.270177569231519,1.1949680621580754,0.23790936884302094,1.6482600645303223,-0.34517253090165007
1.8331187070073813,-0.040942904770751666,-0.42741351848114967,0.554786303312117,0.27610370202274875
-0.5436588581003007,-1.2516071092590435,-1.2356616080740679,-1.8357397286820551,-0.5619198643701785
0.6118699722423285,-0.6809733644319494,2.1157407265422075,-0.0646812964956489,-0.8777348437940474
-1.187157175205655,-1.5201837393730044,-0.33338930029044134,-1.4093985685459938,-0.0570194066041517
-1.2645737608218504,-0.5681371778665689,-1.220925130701679,-0.7643951668459618,-0.9864185918597433
0.9246489564620898,-1.6736341295627015,-0.19639698325684263,0.46798871632894046,-1.4413121461320788
0.6603797562863303,-0.6316688671621878,-1.2274051932162313,-1.486059437366103,-1.0467324700706062
-2.8464673125724085,-0.5526051114840922,-0.48762380176636094,-0.1490981631003903,-0.013603118256919575
0.7313912022131082,0.170483029642803,-0.275218953847571,-1.8205584038955025,-0.5027461722204946
-0.517798540110353,2.2117442027674925,-1.20654977424807,-0.5349950681147302,-0.02604581146721199
-0.6647013958030727,-0.11884503982001081,-2.2227906676185754,0.03963937718297723,-1.0061396536229632
1.2043620242802104,-1.5171307220417396,0.17680377213288703,0.6944859252884307,-2.4647957222797707
0.2391095808899461,0.3654201061539189,0.9455787378669778,0.336466561955006,0.37566904717767935
-1.443502551400277,0.8172146995886294,-0.4166393722124078,-0.35345813121676056,-1.415916564294101
-1.0976028239517464,-1.2920781987502452,-0.06253376691459796,-0.856521394300501,-1.3662193281403519
0.45124704000380905,-1.2650786278627615,0.562244378664634,1.220250562108677,-0.24686857520310146
0.7476825573237573,-0.1411535128692984,-0.15293230097766997,0.5303557830584856,-1.4958309882275909
-0.01787176532179537,-1.3394272168482404,0.24799911420837426,-0.4540878468476739,-1.0704290732006283
-0.5923510250969213,0.5436228599751751,2.6295826874315225,-0.3936099141891836,2.1012182301315607
0.28154978024376603,0.28171390219759707,-0.025120426637298385,1.6634508637018626,-2.1498918041665864
-0.11169814136373223,-0.13628303507204892,0.23039659477755425,-0.5343528643215201,-0.6052964278884045
0.23117356898409563,-0.002987198831908704,2.6606548907722156,0.16197613040000347,-1.565667533329367
0.08390426886470952,-0.48238151659905115,1.378460343825885,-0.5994431555435923,0.19081183878876176
0.847737020818312,-0.31183494407720813,-0.5501956113534942,0.7013687697378891,0.8134405685361182
-0.6569453107363389,-1.0570993170598784,1.3334208296592551,-1.25077449126277,0.6074892094703691
2.144458900184369,-2.599987811515941,-1.1263003329644496,1.388380830566582,2.0199875484625527
-0.8840467020442178,-0.24216283723261434,0.1429576994651856,0.26072965176208934,0.3035656256129247
0.3166255903733417,0.6948087489783916,0.12931849800838274,-0.3486358230622849,-1.1927696750289913
0.32045077876315103,-0.904968985725756,0.23376428729148183,-0.8005117272029483,0.1518066726305364
1.2134443029209165,0.23175314215828416,-1.293305552299561,-1.9364250970442833,-1.748912489077372
-0.8869329219807472,0.8890151149624834,-1.0672648784304992,-2.431353271376867,0.42966310449177675
-0.5396744099967966,0.8001520568166887,-0.36165596618779855,-0.533904757682628,0.7533314166466905
-1.3142433926778432,0.16949762127852136,-1.0751398009900404,-0.20920026916230444,-0.6663152473929146
-0.9196278410534907,-0.01657510112824069,1.1256910383675378,-0.14283538280706418,1.3206355990048326
-2.7268648996369893,-1.4336544314632689,-1.288946142809491,-1.7178032625819988,-0.4607131216290581
-0.7954290963173104,0.6373725284638341,-1.7702187417582806,-0.0035125211828994853,0.08477027748608985
-0.24857241406929542,0.5976671483516143,2.196229624237232,1.2113034228745043,-0.40516047194111876
-0.5988814790861315,-0.47257840211705054,-1.2274407151210909,1.9321858831901026,1.8329953361153157
0.00808465558669772,-0.18757525060628025,1.1439020285626365,-0.2544772454697837,3.740315267108726e-5
0.04709800801606113,-1.3052109801160516,-0.545329829166995,0.5323772514402735,-0.4368129651808691
-0.3751527738870148,-1.3923913777905712,-1.8365182549608816,0.03044564547154229,1.9699520408610713
0.19041945909049962,-1.5919144472743256,-1.1018933112547908,0.4669683902329418,0.4314872363823081
-1.102740012610016,2.133139915577111,0.9053801070403974,-1.0578652584707091,0.5746658483964898
0.7456857983683612,0.6214063465806299,-0.6128887771335402,0.3028929623417681,-0.7268546897479911
0.3355592930290691,-0.5698083614422621,0.4053561343834014,-1.7476086477614845,-0.9303845375664411
-0.7434974446618853,0.37527770649756925,-1.4130846448259404,-1.6835884136201986,-0.41452185516018464
0.5469175344146241,-0.21209362553820776,-1.341322149592557,0.598468897719454,-0.8525645362376678
0.6545240136044186,0.9234226306337041,0.7195044870506875,-0.9558866151391293,-1.9210281879047029
-0.4152065977651521,0.17455654764680356,0.667825876318163,1.0942069617646861,-0.4074442564012347
-1.2399070818816553,0.31042058740951006,-0.3079617543247327,-0.2345868757815158,1.6895478613050419
-0.2514961757934748,-1.2716029638256072,0.5395388869538641,1.4478719375325186,0.9293105044889198
0.03715839887246388,-0.7585069389295405,-0.22537601052444775,-1.0207101394589573,-0.5592323897858471
0.0687790755036022,1.6364109749504616,-1.2791856291087182,-1.4850904634146647,0.5769668316063993
0.8686556051461144,0.10621102354925611,-0.9411481167002749,0.06677650278557822,-1.2641106621131235
1.4847504069916722,-0.7637940923029948,-0.5173401790968742,-1.2149169614705604,-1.6082168203137621
1.7224089073646502,-0.7346558455678907,0.41220242290597664,1.6229188152772416,-0.33636677678251753
0.8419872445751961,-0.05416665816300391,0.43627099281168363,0.48617574018227566,0.31707708597926265
-0.4748932449606976,-0.890466910358662,-0.27450826601989153,0.5502875989791607,-2.023327698696179
-0.3319776187285312,-0.10700589477256743,0.5308616445306336,-0.18155420621097573,0.6118963846668134
-1.267997552639716,1.2355604963181606,-1.5140964175589295,-0.19033862960217968,-1.2238220600775707
0.4544216277861221,0.21182769959461287,-0.08659518640728082,-0.8984764250369212,2.0582343631372426
-0.38693661481249925,0.034256537279218714,-0.42193227168272784,-1.5346537857926685,-1.1607175747106748
-0.30171167542734245,0.5174860292486686,-0.7975070203750416,-1.2478736974965818,-0.9429443976914242
0.03906892417983971,0.5902145604394713,-0.22044058025027663,0.12495477929431889,1.5075764858195213
-0.6676091557831892,-0.948770987450452,-1.0368631922791542,1.1577817783300666,1.2311036666925768
0.3089721662659691,-1.1920368578426443,2.251923872370994,-1.0344901155745307,-0.08842969979900946
1.6707675960636903,0.3833897332455487,-0.5694757967447275,-0.5072492658859741,1.3610069793788035
0.8998981558711495,-0.20172928092816686,0.07777628226016797,0.9944561532564693,1.3968486244311067
-1.6141470844554926,-1.9152795483195935,-0.22446450927695638,-1.114168894676028,0.4988068919523364
-0.739761160368259,1.1341732096453057,-0.5023189040747755,0.8504012703907335,1.5647760053040642
0.5416955874728996,1.3454896295242746,-0.12277548250910525,0.4555394868363844,-0.5060686919401676
-0.39213112368362885,-1.5235804177821237,-1.2208588087085526,-0.6664925379217363,1.7176873850973726
-0.10428638169226473,0.012696007427273578,-0.34544811375119566,0.08262123115507783,1.3646600247033343
2.549723867335132,-0.36904096899294525,-1.0465739700293843,-1.5566758081672674,2.033239040539461
-2.0956020794380135,-0.3563124227802151,0.8617021729162148,0.9766459990175881,-1.393793753519934
-0.8569198196148043,-0.4290047382738436,-0.4569285257637686,1.2605179780790343,-0.12296552607046929
-0.4762214874464658,-0.8709555979009767,-1.0373996091400686,-0.676070701366222,-0.14411968715226328
-0.6046743566188603,1.1998646207741166,-0.41474068655853535,-0.1884178874137678,-0.08650652346913044
0.7542590566207167,-0.5448888764698067,-1.1257409867190702,0.9398365399159133,0.5893773042782219
-0.15735723943546276,-1.1325071645262228,1.2316206513353525,0.5637052107931053,1.1722518902670287
-0.9389404549106577,1.6950611815203191,0.36741421932684937,-0.34322068092497376,0.4754828853698105
-0.9846322821781818,1.2570054780877251,0.6537099368564983,0.34809003298497654,-0.19958557959879078
1.9836317698389065,0.028367501037340783,-1.4061723025676767,-1.9722912775625783,1.0052042142668514
0.403273585116843,2.547104188992666,0.1772665566743343,-1.1579853756261684,-0.8685648069347542
0.11426351774812206,-0.6888216201799653,-0.9386300210833909,-1.5234795197209312,0.19773174576545144
1.713797544857458,-1.705620315902484,-1.5092772127475291,1.1619522724524844,-0.6812136914300473
2.742792095844034,-0.8638171793149769,-0.6657961791220036,0.3632843285376481,-0.22431228233697462
0.2640554384985524,-0.14378013182344415,-1.4703742314488508,-0.041934448556624766,0.6473505491411411
-0.704648153249972,-1.6386590332174134,-1.9111163507160196,0.5530834673240218,0.6508923980778979
-0.6518121339231521,-0.0476507600045449,0.2371442679883771,0.5587995763942198,0.10126055767506481
-0.017857860796099342,-0.28590816274567604,-0.2290752395441339,-0.030447477415826416,-0.8458080156543204
2.009647142520239,-0.07984865956710412,-0.25068342573072977,0.7089834482969591,-0.8120525996713899
-0.38558178429233697,1.466097567665686,0.5266622672075276,-1.4140539011936482,0.1562235142395737
-0.16767614897735061,-0.7998602813825141,1.195714502200308,0.318346162898812,0.7275827539445368
0.04289511093929561,-0.5980088526146599,0.24839016108517126,-0.6204306150521333,0.8518223031273837
-0.3622168810490919,-0.8231361641200361,-1.3623705961849122,1.4021856469674963,0.7819832022584098
-1.3791193795149628,0.6791592457089587,-0.6640721433813443,-1.9691135862894913,0.7771833101876837
-0.7018844008871353,-0.19172173013866525,-0.3571380034268682,0.3314182346973138,-0.6350539244323136
-0.2400357528847741,-0.36603056757768565,1.5556128672989258,0.22073504118935364,1.156119429256662
-0.6953331732987599,0.2813604478509763,0.627107715553339,0.9161474426195497,1.062138504734484
-0.7864860209931168,0.3562846352914051,1.4998325220626079,-0.1266190335288819,-0.6328677031535866
-0.7094021540304897,1.353460952972335,0.18423906373858454,1.6498873984310416,-0.06763227670172195
0.8346800872720906,-1.3672192579772258,0.05791894797867699,0.47461301255508176,1.7833317928787038
1.0569280625745783,-0.10081217678969663,-1.344965920149435,1.467652159821638,-0.7248622097179637
0.19630533554399057,0.21903149924540966,-0.615833049424536,-1.1142401907536394,-0.6142477978825712
-0.4668663024429108,-1.8524436582541561,-0.47741338984529397,0.18156000592202165,-0.853546945028964
0.538689809736291,-0.3423356806526849,-0.07159694376877578,1.7446591373609572,-0.9162130930568563
-0.3417048400921798,-0.4704080724509888,1.2236771324317652,-0.5249131217529702,-0.8863277236616951
0.32112711650408277,1.2238182523282097,0.6988861074672155,-0.6075814921631777,1.2188362671033548
1.0483332761241724,-0.3337313523560581,1.0033147716129454,-0.7422643186661538,-1.9306824781034286
-0.7871176257041329,0.509857500354754,0.026044100581947602,3.1941056058367487,1.087092644266364
-1.5798704997463064,-0.6843895031847333,-0.1691829436583771,-0.928354478658781,-0.06514900767565115
-1.142631348468683,1.0034531515458474,0.5344836949948641,-0.16016305108430656,0.9504170801379178
0.04427731821813184,0.25872736683090286,0.5351052321559842,-6.877810543194708e-5,1.5693069631417782
0.9466323636463176,-0.8527585355987638,-0.8426933302648992,1.766593929872944,0.3239288424746979
-0.6769116471874178,-0.2868949275985507,-0.4286008006255321,-0.3007184867732454,-0.04651617131048881
2.403612058791031,0.6033994296339918,1.2802232799069782,-0.2995252556955635,-1.9798495534455982
-1.4157010248473927,1.2303534347108305,-0.8490098728558065,-0.40707286561134354,2.3924847785806564
0.3213577896268747,1.3827268124340248,0.019748569306295243,0.5438786342435886,1.9899332495856397
2.0023428761849633,0.6438373594626345,-2.129581361721666,0.7161490406899915,-1.1902862582482987
0.13496217577137826,0.38804986482295234,-0.1818241476176478,0.29419374079560257,-0.5758297188323624
1.015530750967918,-1.1035056137369068,1.277192166258074,0.2811623669147248,-1.3323959231344542
2.2599128295147843,2.180278965372854,0.5238329940108436,-0.7516598677617461,0.9115572929083615
1.3382731417495635,1.8099972408437583,0.46503139795062487,-0.7068067419613572,-0.9531220561797551
0.7553221742255215,-0.44682729271077554,-0.19153687053376392,-0.2924127644239295,-1.1279923652456991
-0.4398247438963993,0.6088522892386095,0.06556873459467831,0.3284499744682986,-0.5432515128434727
0.6871865428184956,-2.490345770262207,-1.201651749735264,-0.7836512501628456,1.5174345590188367
-0.3185870870523001,0.5450389459573436,1.12386531852651,-0.4145987978573507,-0.3320687952642895
0.20864014853385726,-1.6037291882692137,0.02482566599018746,-1.7823953257482326,0.8813729479819092
1.9729409633532395,0.13007489339775544,-1.483499161988806,-2.2935940630541825,-1.0285934651069422
1.8112344291752736,-0.28393153436550556,-1.3055355411497769,-0.7444219963023795,-1.5566592588581785
0.5580944882051612,-0.722313092920234,-0.6205218445986732,1.2438306509848853,0.5028953717391983
-0.8605178708649944,-1.685835996391269,2.042610661349287,-1.4397407227325563,0.6401631380789149
-0.02994903833375408,1.7063470800822165,-0.21015460896410404,-0.8802998904124059,-1.1740738893770264
-1.3545699974901941,-0.3339307972265344,-0.4700592020704497,0.7958586312765764,0.3457864254251427
-0.31508893049760744,0.9522007988896526,-0.318028117850553,0.650098470669548,-0.14449983172685327
0.690676476473377,1.6617812151188265,-0.28527570519740986,1.6759469182706375,0.06346976785452187
-0.3187754846963197,-1.9805600247886075,-0.8195656117239062,-1.3649086210779697,-0.714696757632949
0.028978133602728866,-1.2994592690261124,0.05829232408265126,1.5048548915042423,-0.6378087815528437
0.12149701578179108,0.5464432660611384,0.3329021047940786,-0.2427941372040594,0.9901346261673147
-0.5015397271856444,-0.17217620530468228,0.5739614610850564,-0.21155982554543137,0.18003347678187367
-0.13692175776834728,-1.8813240138771163,0.3579036935920067,1.1040765101144603,0.5443083294754272
0.034952577642227846,-1.563858921916447,0.3280216346913606,0.8408575901257991,-1.6238020130487019
-0.2645893255534692,-0.636137552121083,-0.5109411267090375,-1.5844584513686821,0.3041959622490245
0.7814984124958788,0.5251206810871618,-0.8132170562851812,-0.8966244571235914,-0.4415488376072732
-1.1471331471541861,-0.5379150551732427,0.5992334163957114,-0.4300213462709514,-0.32010988838709464
0.5032919477101644,0.6310620163186825,0.21752953764508826,1.4733793619181077,-1.7117821175144536
0.17209573473895987,-1.8848172650463921,1.8065880101835998,1.675411855828297,-0.28781502608582726
1.3095613812668045,-0.19271954506186303,0.2885942871751636,0.7344402202611587,-1.0403515128270597
-1.087595144942522,0.3010014260241322,0.4796366605357521,-1.4258157557831428,-0.09458033080020607
1.3734735727074407,0.39165909978985347,0.3359957386131234,-0.918374209616122,0.27986007024128057
-1.1548343868785829,-0.7672672469781395,0.8217333276437121,-0.9208955223416307,2.3721447640357898
0.2659743034036698,-0.31329215524955073,0.6805886274197908,-0.5424067581982759,0.3686312049574279
-0.0007610367645018842,-1.236690138709491,-2.371849936896712,-0.5066782818210189,-0.39061490061176074
-0.4251624189451393,-0.9280251723549607,1.7651799148921616,1.1860861512750456,1.56934929969861
0.31075128607934804,-0.14527203895570065,-2.7910059193263685,0.46077511471933397,0.13974910092821508
-0.6665756876024977,-0.9324191540923693,-1.0940425339636317,0.7180303518594456,0.5390700773929139
-0.4583898451325807,0.7216443587269922,0.12440959741060258,1.488464849404196,-0.29711338463515885
-1.0655086118520227,0.7100351522814168,-0.31683819436703026,-0.3223677855099721,1.1400429660343134
-2.5112101594847913,-0.4061072100574385,-1.2588823858112637,-1.595641926891769,0.592567725050047
-0.8970690527321868,-0.4194053361425439,-0.6272808128312111,0.38783663133097557,-0.19503513160757505
-1.7486890338898382,-0.0985683441008652,-1.0236074257102614,0.20324261888803788,-0.06158972381948782
1.2884392287005928,1.9353391698991522,-1.6808630011353096,0.26449030651935956,-1.2816568910054316
1.8637241092189305,0.26677226612996663,0.7733611535499157,-0.47825022534420625,-0.03527589722308531
-0.4292648928393103,0.16318633877846178,-0.33025290791290923,-0.12647568206876142,0.8376407698809822
-0.05837398593392358,2.0716574496873545,1.2235812330450229,-0.8462631804183495,-0.3918115999853893
0.10633161677354998,-0.6417510597907081,-1.4369545999092679,-0.7990616049895046,-0.1034486923224417
0.3686813124730086,1.4327776550976659,-0.40944366832612294,0.4702859747322517,0.6409948514335144
-1.281324717326335,1.6951263855221488,-1.1184618173426044,0.218467779870088,-0.45128944989186853
-0.21317794098274662,1.8288488098745959,0.3705956284768006,-0.5023152719169801,-1.643454511527257
1.074516172928963,-0.4632830912142272,0.9086529617302131,0.4263820684947123,-0.9507275249738846
-0.6267370743524093,-0.66179276060171,0.13961761754113333,-0.20753502308528823,0.4110230803827251
0.2609196832278212,0.2736058033826601,-0.8284312039414078,-1.3046700768224362,0.05947364791427994
-0.1189425083015836,0.5123183373076856,-0.19948141638143868,0.3180237596763092,-1.7548402442473476
-0.9814129259117003,1.0584179945531553,0.736420233973356,0.44071525436258896,1.4929005492945664
-0.6946420173586375,-0.5119918507644032,-0.3267133130243644,-0.9151957335995178,1.1822300682718871
1.2015565573981137,-0.2145626104342845,0.39456911693826363,-0.1799272457364773,-1.384901429822552
0.43847058841246483,-0.6745614813507159,-0.1707010020958708,0.39864949368114483,-2.6295905459216864
0.08935679893451698,-0.39340036944776535,0.8301019053967702,-0.3569631658579401,-0.7713296646000549
0.516655763765527,2.1371321263588285,0.3951006517971053,0.5374075494012153,0.5833549138040546
1.2275369208505758,0.6458328604066956,-0.7682533923299795,1.4426057756721928,0.1741048322261054
2.2116576713512113,-0.05617110394980591,-0.20134438340553362,-1.8196759364379869,2.31610146323697
0.8633321149325284,0.6923618158806094,-0.06915087804919919,-0.38605973820044137,0.28367134321958
0.5116275929324443,0.7084328027906693,-0.13897954774840912,0.519195205195699,0.06077038220366913
1.6417604324425923,-0.9882904552924803,1.9491122787640984,-0.4174124209729793,-0.01595897886853707
0.3665176519261563,1.544584326273469,1.6762896266182914,-1.2547021857285712,-1.6582170193334993
0.7668559466901326,2.1812721039733702,0.3861828148714298,0.7373174241610401,2.1740842228896446
0.40061623302192056,1.3502623381173366,-0.6983820134488653,-0.3870834097479325,-1.6877120429608858
0.2701073440226163,0.5300417857520859,0.06270150225067701,0.22981658916274633,-1.1048741767067345
1.2548490581654246,-1.5139404194084298,-0.8378595469636498,-0.6968887906015574,1.6545414926440294
0.33412569762225647,-1.4620629797680718,0.3313597987491824,0.3064592163006226,-0.47271829654321085
1.902501397923022,-0.9294243574961479,0.3391560979473338,-0.9674578109319648,-0.15656260186796564
0.9083207916499482,-0.3350581833251158,0.06523843735996561,1.6194826604413082,-0.3969547415414645
-0.9834298178111399,0.16295912354798492,0.5482585926608811,-1.1593061468691561,-1.3298111773649923
-0.6818422195298351,0.872018748000249,1.5816044840726156,1.142891828486297,-0.8042570989382104
0.6503203550562157,-0.7689398849140586,0.724443811404493,-1.0836461440268785,1.2041532963154333
-0.30754909581228507,-1.043330419864407,0.4362155878392367,-0.6882766149712383,-0.8128859758929647
-0.5118445153977789,0.006731041169185692,-0.1123401416552366,-0.8801523092489413,-0.13289722820238675
1.1500092831463447,0.777529592411772,-0.5356111102286714,0.8920261679800232,0.7434218540178977
-0.8001209430628886,-0.38042722138494317,1.428249581274093,-1.7108896980277133,-1.538565528758851
0.4172456719070496,0.39460722260650455,1.9151232054112566,0.2509619919858604,-0.2657816935657917
-1.3613984691409888,1.7932588190571837,1.2311298667561714,-0.3909752613117839,-0.5161714952213396
-0.24694991049661405,0.13102139061602158,-0.05330693286950533,-0.9777817099391556,-1.270999169057988
-0.25291131907300896,-0.2823195505360783,-0.09996100014337056,-0.027161830688077836,0.9198055924281071
0.024334242851152207,-1.2839996340826707,-0.2461365039438277,1.43514730175368,-2.060896040732442
-1.9211962874560753,-0.3862368399782038,0.9699589937041019,-1.3879857005089633,0.6119727935137362
0.17154032314969214,-0.6381713170441543,-0.18147429580129393,0.22802966582099735,-0.47820373029740515
-0.9895439906154849,-1.109476403565526,0.7498510355270178,-0.9972126994150985,-0.22528172691301737
2.069223755490208,0.31404269090398707,0.21368616527434314,0.9547954280560089,0.7370419921165342
0.9791359173381468,-0.7118667819422854,0.06631424106974114,-0.8069539696095727,-0.1370304109184979
2.5649295275706727,-0.6915471188970947,0.524807852709377,0.5816241669954173,1.2338892417103244
1.092629096794637,-0.7997474819446787,-1.799366363225267,0.7302026628466577,1.2424832664800296
-0.23504412196254287,-0.8137046697706644,-0.5234376169282832,0.3066671327377857,2.3164369141183982
0.13095638378429592,1.169667253000885,-0.42063036737244314,0.317094949285019,-1.526480000760071
-0.5785152669950622,1.2038246419996217,-1.2793283306871295,-0.4307743558468895,-1.9903788278200496
-0.9530574728213035,0.6909523141138562,0.520958886643438,-0.5402672603753821,1.0223499133545964
0.8138502895353891,-1.5066906156634534,0.17114219424629265,1.3839312121160536,1.2120559002730547
0.8746366572369624,0.22710011128462604,0.4792839569436383,-1.6489491671574987,-0.5769016336481285
-0.12840688360574953,0.0993021345269502,0.15298895239300808,-0.7921935944476488,-1.3450856137555682
-0.9271424940891244,0.5732334145062717,-0.3636329966190337,0.18139798310889382,-0.6614744334428354
0.20458679896517154,1.387373089709794,-1.5503256397615448,1.310899469333355,-0.13807899268308832
1.6718762780252063,0.685283405287984,1.4712165779540252,-1.474537856274877,0.7060358151520294
0.29488725937252325,-0.7735457816351313,-0.21273273443179302,-0.7152782005694874,0.5185332432009291
1.563214945960387,0.3373978279577183,1.3130337823956757,-0.3854029450624749,-1.203969973276951
0.875264117641177,0.26463875370981327,0.5525664541677233,-0.7079441835977728,-0.18989864454376446
-0.29005635835862603,-1.469303657037767,-0.9553838812190204,-0.6061621142414294,-0.3381792765010679
-1.3357918110950147,-2.0962957679998375,-1.5678023526826061,1.6557589534220936,0.5867741671623699
0.5527790788997498,-1.037375870949521,-1.2267630025011982,-0.8549999313059119,1.9074813643669786
-0.04297619234871437,-0.8278912273640143,1.5886703096214023,0.3518021237496292,-0.6488109989517985
0.6681964354569988,-0.683499148562235,1.2750549837112786,1.4719085057043817,-1.9407987183474666
0.054995919875123186,0.10722398351443915,0.6942575401182574,-0.5920981857324136,0.6442921658005037
0.47176747451606155,-0.5925901403265004,-0.46967022906968464,1.1937104374749454,-0.8209723044750296
1.6056764718634866,-0.638031209702467,-1.884284855701443,-0.036531771139360306,0.6671471942824297
1.1940854570607062,0.3508779119579898,-0.06142795781289844,1.0384072634511223,2.565234796273013
-0.12153869779482428,0.6562244664815634,0.6440674504646309,-0.613932435774001,-1.2347666053866544
0.5129180555830332,0.2238337410926057,-0.3248301668822022,0.5129709765015085,-0.4663597885166472
1.850274467077613,-0.6928198163490062,-0.5586635014374841,-1.1547634534819535,-1.1158980257686875
0.11266218187009183,-0.6270853239312653,1.177297203154534,0.5784529439953555,0.3686676256597415
0.6950355002189231,1.3914820021625942,-0.279955482908543,1.001128255890189,0.2793223308974286
-0.5187748224518169,0.43641548533619645,1.2029733095264,-1.4737097303915452,-0.47312043335142234
0.710347685921322,2.44125126365044,0.37502717980452344,-1.3007788081990432,0.36752061600354136
-0.21592802018449406,-0.1984547274284683,-2.380942599992528,1.2636760642855909,-0.19180776467721566
0.8256415447237723,0.07432217286361766,0.04446728696658509,0.34209762646853653,-0.030274585632776022
0.5763174250112658,-0.06876252016707374,-2.13605697398019,-1.1476609549449388,1.7291453033756192
-1.2834275255821304,0.7128803105280017,1.4147181810814315,0.7860521090695043,-0.7832477053530695
-1.1527818206101559,0.029989335724724137,-0.9740568947146766,0.23920463589636867,-1.9248392192547483
-1.3206955759974595,-0.886631074576425,-0.47278403739566577,1.8939981515245807,-0.09314061602780009
1.0124187364384125,-0.5846698359834853,-0.4516714345781439,-0.11048349601154432,0.46803920619286826
0.8960174648335547,-0.02343436697578397,0.7181771760145012,0.5096208400083896,-0.5653773709017538
0.5063175904086414,-1.8223756802410749,-1.3122316445193851,0.6641359932157143,-1.7472565035157928
1.3399743186513728,0.15262720342934893,1.1068071807435527,-0.46698980448732225,-0.10715259442421163
1.2021356176564877,0.37674953363656877,-1.9350667919955589,-1.0953695569454465,1.427944703018033
-1.2826881605193592,-1.5251938629974986,-0.569727968298455,-0.27359842306211213,-0.26795822809807834
-1.2280396895080365,-0.34293427612332456,1.2197378401012597,2.3284982613657124,-1.0929070319095502
-0.366114480117427,0.013347128363191036,-0.7206885440580717,-0.7954790849849845,-0.4331566659427702
0.23193124451541255,0.1676679905864186,0.16923703860280553,1.6824863480676322,-1.3206862827557393
-0.08606863400740662,2.528833259186448,2.122522488974187,0.9916827654162174,0.9260442138527576
-0.23265424424891473,-0.208781748264567,0.3705981368559037,0.6107214669330338,-0.2195197512796532
0.4923706128604471,0.8873654167291318,-0.24489937203430895,-0.055613208976684196,1.118546068557297
-0.21488632746213462,2.1331179452405533,0.886546564672704,0.726164439822732,-0.34731326029888765
0.22542875932512121,0.6497261269025296,-0.7493583125311982,-0.523835321377546,-0.8820153955097041
1.6314458140216963,-0.46632216946809063,0.4787650199549143,-2.2678849134539893,0.08369199210968566
-0.7316997982406686,1.0409507802411226,0.5032127575322135,1.7778994445521175,0.907409716240273
-0.9781732139066069,-0.22571221892674107,-1.7003332835931564,-0.07433006292183705,1.8171073652778977
-0.6004876809352547,0.9892658563259835,-1.0066303995866432,-1.886629269094876,-1.0476067392464186
0.2670226631512082,-0.6079039787672833,0.25502104252031493,-0.37273694878108127,-0.30145222633911456
-0.8299669790837129,-0.6334212917917965,-1.4478433799623491,0.2680676088927571,-1.902059589211947
-1.593236925899127,1.5976726903922027,-0.8745787222875816,-0.2817813065199669,0.5566809384352073
1.197665763889329,2.0097574962252973,1.4091912922618823,0.15011608784553082,-0.9613884691738949
-0.010136785125831682,-0.9616194990223121,0.3233989485150247,0.23092440469469996,1.4467585368827585
-0.8200950514616923,2.0735413816679547,-0.061780458870758004,0.5716593049342952,-0.7259598812658331
1.179233104550236,0.25178427323391755,-0.44149970385093495,0.053922587888281706,0.0043872623742609125
-2.209063528335978,0.0003023728077113386,-0.10592374636557701,-0.1663995842686098,0.11756625823709246
1.3385397274002269,-0.7657815747510061,-0.8735772494162772,-0.5650860335058749,-2.2081880808975556
-0.14799588122786891,0.5079766401927599,0.6369783325337455,0.8579545646556952,1.284030479808047
-1.1888802672189644,0.3491361791117421,0.9609005284658267,-1.3643859955667261,0.3866192020805583
0.5979955289600463,0.35713766362467836,0.4473343286245766,0.9329445544876591,-1.6862706532445622
1.1448424324457076,0.07506047644935493,0.9619472514186608,1.688784442128243,-0.8747428204124738
1.0194840353950283,-1.4558684930320769,0.6650770395949189,0.33651162821316866,0.5509123777537316
0.7995234432927165,0.19381617660393818,-0.5338420941892094,1.4348558333557542,-0.22850477217515197
0.15137641543977265,-0.4947716380079349,2.541383518822073,1.1098418332776754,-1.691344897548417
3.00758786600674,-0.6063026943531983,-2.4989336566341396,1.2638367131067034,0.8621107788596533
-0.19520748860019993,-0.6011211587549504,-0.3385189740157281,-0.6441929957599671,-1.4292237050694303
0.2526299151602784,0.15126876475696288,-0.04314654138969428,1.870333101125296,-0.6526878293161703
0.4065624278444314,-0.8204558286167857,-0.2333364538963291,1.250943329494532,0.4376485556728773
-0.9200706480683188,-0.6814659133573693,-0.09850248765282767,-1.3044339961190732,0.4921401138734718
1.483332789764384,0.25438553871167663,-1.9107555281141957,-1.828680573180023,-0.5535498081555693
-1.086490882111564,2.504720955528789,0.5454027422208632,-0.01765056267736107,0.6797846809304393
-1.2662737084863749,0.8111555692149398,-1.1095347298987486,0.25393007554832076,-1.5392175071465661
1.587754163778334,-0.13126825581502358,-0.13990201858833792,-0.3410619356645871,0.1507114974439874
0.15841142861665639,-0.6056837812814986,-0.5426193685744203,0.027953729821233776,0.7739746311414488
-0.273972152782227,0.4225115676609303,-0.018384372614922123,-0.08115994704444232,-2.159401986782608
-0.49568425199609045,0.5568566615239232,0.4001643698380836,0.6198628242397111,-0.212387079099019
0.8648254648859737,0.33320332889709053,0.7321562965898026,-1.0517298473307637,-0.204557149371887
-0.5608339584268046,-0.18292486268674144,-0.563218045212784,0.5330852340410601,-0.0556773918458048
-0.5514183382849651,-0.9844877350147733,0.5489419534495688,1.2736800549065925,0.12241572777486003
-1.0425875266063422,-0.38642299922307055,-0.13522144312419487,1.3327374661295373,-1.2361451602580078
-0.5177734906428944,-1.0724897549214776,-0.924753183517663,-0.3262972766100419,-1.5161370198886142
-0.6301168874198055,-1.2456780814794297,-0.05422846055070303,-1.9835430819138793,1.8442403906498472
0.10728766043021795,0.45197144144195395,0.7430882221617382,-0.19993574835548444,-0.47302169240009956
1.3007193747844221,0.36547707053055184,-0.16223285386437686,-0.5818123715433141,1.0114073667785382
-0.13027490884127588,1.2844586291217477,-0.020799958885136034,1.5205192676284596,1.292388735388043
1.2698564612788494,0.30008266524821453,-0.24407252938772908,2.150945518852938,-0.8080474487489036
0.09037402103908612,0.2433623447786,-0.07061523381566921,0.6139576444635745,-0.6131622107149718
0.3863384981068844,-0.6561791861588012,0.14482722604481035,0.014401816792832995,0.06191493830885406
0.5346741115457118,-1.682162544841829,2.2187805434284087,0.4561879404277351,-0.8671381777626267
0.40078741352181285,0.5159287453216463,-0.8476091922363296,-0.192667202221761,-0.1981381705139452
-0.38467834992704314,0.9616389156698976,-0.22379005392714346,0.8246824796129838,-1.0606245718572789
-0.08638166716890569,-0.7872485091775139,1.5333363377261164,0.2368564578936355,1.549500072827558
1.0767843574519318,0.37047011564435617,-0.07601663531590769,-1.1495635470140173,1.8734765935393112
-0.10024164983722396,1.2132884893377125,-0.660162159595878,1.1046582799264504,0.9109664860123635
1.320300633803313,-1.8363252909219712,-0.17016585036649093,0.14393086286383422,0.7459053768658251
-0.9753866781085857,-0.26366672595518303,-1.6299435827272586,1.795669044728003,-0.4213156744123026
0.8389593230884089,0.6906189770902067,-0.5617736736131924,-0.8035032949687072,1.0696696132263332
0.4697379529378612,-0.958503553783311,-0.48173177972562226,0.964295754044754,0.8186241505454197
-1.2675376186707592,-1.4792432663528263,1.2154946057692346,-0.04936772499242761,-2.353360388909895
0.0001875973727862594,-0.8436585240641501,-0.17333709671020905,-0.18448405672141907,-1.12062032304574
0.11547630821179904,0.2391501254684424,0.6384023251896164,-2.1428664480363913,-2.190182310822438
0.32766509588776016,0.411235573572159,-0.619525693938433,-1.119610883523061,-0.19111673267576623
0.8422153570738661,-0.077621769195861,-0.9846501334890501,0.19676402699543535,0.638343438889343
0.44530966139674105,0.5428997747049585,-1.1484262543055062,0.9103656547417946,-0.4924409180529986
-0.4789150107502239,-0.21427167948480738,-0.7626283125343861,-1.0169950182573255,0.5620944564876683
0.07828902156187974,-0.27705382060258277,0.41820612093988135,1.8618507605068324,0.40591911857768137
0.4986724329850171,-0.5164672481884337,0.2991222162913721,-1.139073386980571,0.45473430921650076
-0.8015264528256969,-0.887761915328148,-0.36125196593338404,-0.7491780207972365,0.13466206058776475
0.7533495214499131,-0.5010771539414175,-0.20829759499236528,0.38438984988293134,0.8240982194863906
1.3556459712836557,1.445230376452706,0.46365207777575884,0.38829218064719756,-0.7133368205579831
1.7872881482414105,-1.364301567354238,2.3650934491435702,-1.1754897500089951,-0.9736521344777583
0.20331790739938008,-0.8710676978734587,0.8369957276561211,-0.01951450564106989,-0.9310554496778614
-1.8461581702737602,0.11275433392820723,0.4904360566682417,0.4166220630646288,-0.7708704406752694
-0.10516632646292634,0.08026908095844405,-0.8056632233634778,-1.4841017728523784,1.032152920541146
0.31902456392057793,0.6856991339632559,0.3735891857168016,-0.14771466333606237,0.9926092041368286
0.29693456143038693,1.7962484547067539,0.7286742625181436,0.05254291556997568,0.02609590924798667
0.004081291113530126,-0.9966733778530392,-0.43084627427653416,1.4593635117268078,0.16371488682760463
-0.029929877354514564,-1.7101405479632412,0.3601426108008413,-0.1299206125858335,-0.24913890367124872
-0.9214723253836665,-0.6483744151980935,-0.6346880837364761,2.5598965125736974,0.4439689225163422
-2.601840379397611,-0.7947806605458592,-0.19366606359694044,-0.0658342304849401,0.03506712232864287
-1.0281011949958196,-0.4469059361011776,-0.7185273237839112,-1.8003079460432942,0.4657351727614421
1.7529128130709786,0.014490347394321937,0.06499407010536279,0.28558809364803944,-0.33066582114751236
0.3138285330947918,-0.4438518269838558,-0.8206721803328277,-0.6524552514612401,-0.6666264832626441
-1.2700313325215251,0.7999753796761133,-0.8439960977419746,-1.7223083401897021,-0.6054538625978705
0.7376523321954397,-0.8102129866525006,1.9922403321987643,1.50615017257064,-0.6382275386722106
-0.427923953022167,-0.46450972493555276,-0.42001329681415617,-1.4164273371304075,-0.7888095838911701
0.645209846242542,-0.16831210323066356,1.0795924680617208,1.521234332601444,-0.03199183475242994
0.5798987133160256,0.5875001465630967,1.362873445053663,0.43123694399166346,-0.27975057318655316
-1.7899581409161796,0.0010538363113733054,-0.8061362102766704,-0.9494130316779535,-0.04974111802695866
-0.0820429867362513,0.6962303707259777,0.07112481712015095,-1.6902126281950227,-0.6426871712473158
0.12506593905466448,0.7667944652585457,0.9133438673781885,0.31996645502386073,-1.9297178999080304
-1.4251533716447964,-0.4198715638305837,-1.8894822858205738,1.9235697925567046,0.8638422179756703
0.13285293728919612,0.46734265837750505,0.7132160068390243,-0.36002950107028514,-0.3799864669170121
-0.5455474364352216,-1.142186124680493,0.7186308976618592,2.109131036991174,-2.3866441098379654
2.2565895397841063,-2.0638961793508703,-0.8198582506211082,0.1294966652727679,0.8621275719256641
-0.4556810268838117,-0.4568442056110258,0.042786102972812566,0.5577690041844501,1.205214990219657
-1.3444892077543305,0.27805858829801977,1.628238369686427,0.4188169234388719,1.1624751214814895
-0.027077827538747802,-1.358723838422034,1.5592739618311258,-0.35612061195627365,0.32735563774800464
-1.4213255815045585,-0.8021166331846554,-1.2863337989094816,-0.8148904260945766,-0.9053186296095573
-1.2490873460201415,1.0999035415449145,1.3396822401461455,-1.100732631102602,0.7729950873289414
1.6159127733815333,1.144707645059789,-1.5159097358756461,-0.2964423585007953,0.22425083031423262
1.293656127981283,-0.9962338456197274,-0.43881064198263114,0.7024380134564763,-0.3727516509521031
0.8239839618162429,-0.911740972173001,-0.07239853121947779,-2.4552356390112795,-0.7998501799984395
0.4578343190332385,0.37291641436874495,-1.1729328348303214,0.5725075074419603,0.24570547907414134
-0.39891231267649707,-0.4864076201018738,-1.378479646079676,1.6622157520818763,1.9854426314561604
0.7285801100502673,1.6322788869312674,-1.6756259908471498,-0.4117339745470293,0.12865329600750994
-0.47750182570175126,-0.026450369774310308,0.12451041202646757,1.431315185954445,0.39841819362144376
2.0289567692055583,-0.10987780279380108,0.6973367876965918,-1.1155066432072909,0.42214285848747085
0.5647336764029057,-0.08447598027574614,1.7969579078784572,-1.672335446058914,-0.2955751955365907
0.39953033893659384,-0.00624583892829985,0.5161752601686522,-0.8439370282555285,-0.22894656647688746
-0.6968847498520886,0.4615903106597299,0.8418304998047919,0.1511275587690387,0.57055393177687
-1.015578297708113,2.155639564852252,0.6440385208060129,0.18901483546216824,0.7013653354471884
0.1658570551213327,1.4023635424258185,0.27436744467895063,1.099634233795352,-1.0428759647443362
-0.5006641823170799,-0.15851031128671222,0.9427103765922774,0.7770476437241794,0.7457575039689478
0.5149745364728063,0.4133616123191863,-0.08686623003849189,1.0226801094906408,-0.7974478395792198
-1.4314753287994892,-0.7602840375740803,0.86316559877476,0.7584222246704712,-0.4166682049710303
1.547467039627043,0.6003727360807167,-1.078046244459245,1.1702658832122281,-1.3740002592876837
0.6456120136614621,0.9882363863595474,0.44831093473142025,-0.332135974142736,-0.16757232386588025
-1.5053319221407848,1.178799732860649,0.7107259941907101,0.2096044187203458,-0.575785998066217
0.38554299946446313,-0.3285202002944263,-0.6120604894759868,-0.48188298966039356,-0.3996502080492006
-0.2975428537147954,0.7964889090900636,-0.19212500268873234,-0.7793002405950031,0.6384342288732846
-0.5981642238667362,-1.2469366879609465,0.5931880182892875,-0.792631833081852,-0.7110512905358212
0.12861979517563532,-0.39480252315954323,-0.6931750106553958,-0.4050014564466264,-0.0967694476416509
1.9407233338534902,0.42154104838295386,1.215610563119376,1.0337352883871396,0.2923859106265729
0.5325435534848543,1.2257078191721296,1.3736732631128643,-0.11752379981109383,-1.0684836407586096
0.47096486304047086,-0.12271376494341164,1.1407140282002717,-1.7982963291459544,0.31984272113474055
-1.2196981701387055,-1.4378926121060116,0.8528849258067592,-0.06572903115615475,0.6982551155865474
-0.7322853524091147,1.2370192134334221,0.3098467463599207,2.4020981378126023,-0.6061068102031429
-1.9178695327413497,-0.6888574012277366,-1.305798617150305,1.6853608986382982,0.8446872515513497
-0.9300844844324203,0.8765014843403622,-0.15332787897555739,0.7199964222591854,1.1093591967988103
-1.9063787923806703,0.693956317546377,-1.0702748377721234,0.25462115684586284,0.1678637578639854
-0.28696733660819906,-1.5287751202468527,-1.5532923911196392,-0.800977435291309,-0.9244398578721714
-1.3357972009376842,0.007621576408711684,0.7130071136263866,-1.8918991084865506,-1.517770475522571
2.9772314561001574,0.9261236092603766,1.0655330783162562,-1.270896870663634,0.0332068888331637
1.0547101851197154,0.29439874853353915,0.14225523502580856,0.3969198829213845,0.40804090538319265
-0.6814901827344956,1.3641892095473365,-0.6565317722413014,0.9087959563632804,0.7775971740049233
0.5081734881055222,-1.6589617474553682,-0.3124747054615522,-1.9040753057258413,-0.8834966206897622
-0.6013777705020292,0.0248392804534967,0.23630445299684175,-0.7595337573999725,0.8316336114611904
0.011918606076781779,1.4909126420074346,-0.3399957865022612,-0.10958230859630565,-0.7238801534772596
-0.06285586282101786,1.2033618907533201,-1.4296584228004556,-0.5320324888522442,-0.8253064718018139
-0.029324289915071168,2.1475636665696443,-0.31841929223819104,0.08718861298153341,-0.013340807532663866
-1.9343379186510894,-1.994643598290409,-0.845072693097732,1.4997927870731749,0.18210109360622925
0.9316567094442292,1.143095492249781,1.5496252440922351,0.23521472436644333,-1.2492890240510601
0.9161804058752746,-0.23926457695215772,0.532875349321048,0.19982737670226824,-0.14624593615801113
-0.7797098862573769,0.47306923293179515,-1.6251672617323412,0.02496313404404559,0.5371859071367138
0.9633761643235036,-0.2668212448070219,0.3461585282589214,-0.3586805812776402,-1.1658983015243363
-0.3880090988811949,-0.00304967059602299,1.1947984490090806,0.7798843339103387,-0.8245627025519751
0.8899503057874627,1.4394607151578311,0.552515304809102,1.3508376238923725,0.8514781260141315
0.32534127378884853,-0.18937754777711988,-0.21629147091712533,0.4219910109505361,0.4434425302271998
0.6626144785114652,0.9275358826856129,0.7676176728191043,-0.05784379744319034,1.887755082826359
-0.20429795769026468,0.8355544290484423,-0.4220234224158154,0.5887343194416944,-1.0398942502885233
-0.7597908568796321,0.8468776258944829,-0.507023357656656,0.20730921379285547,-0.40244557002372405
0.04088566389122726,1.4916257903622203,-1.6208780500566802,-0.5708200923362281,0.29182247547645807
1.7091277739733248,-0.31196996394308935,-2.338022122232237,1.045920105605144,-0.2533180722107439
-0.8205392873121838,-0.3859153442119378,1.5245829822675134,-0.645319307438169,-0.45618100862055666
-1.7497621166068331,-1.9690891509634205,1.091519684850234,-0.7646551860356968,-1.3334108648549032
-0.41151976807876584,-0.8181715371447569,2.0604712360582704,0.9932287318597897,-1.0597829951314865
1.0262758695303678,-0.7662397890580707,-0.12354787722194845,-0.02974642513383562,-0.783700275118912
0.8591256313364376,-0.7461468481621367,-0.4964426395561772,0.8325141962509457,0.4095744719705352
1.0534719082577042,-0.37350089258698516,-0.3338586517058671,-0.9525026058702288,-1.5885343108853942
-0.9914566695977989,-0.6595228864008327,-1.2928500300748398,-0.05260235563513182,0.2797750041929955
-0.5380049819048262,-0.16416997754388118,0.19981432790947642,-0.08746498181971094,1.0712755764172601
-1.5326958857986135,-0.10166278841120113,-1.7378463365460632,-0.6045191370449007,1.0904421703014866
-1.624356717851179,0.7104125548430308,-0.5403085398533869,0.3037472680785988,-1.9177846499629623
0.8735036121753375,-0.9527420488938273,0.19235593745951177,-0.0544035975445349,0.3592551942508007
0.8196987694849921,1.4155264636561782,0.032862547265060285,-0.08892180732271342,-0.06607669926257367
0.7079994610623649,0.4190452409774105,-0.7273601832571185,1.0685436258415522,1.1147892258768834
-1.4272456348301443,0.3024950795598552,-1.3730543804769955,1.3860983056384726,0.728144568441636
-0.1338928501385705,-1.2233258767407966,-1.702981180496543,-1.1331859642055586,1.0565751496875848
0.24962535028909127,-0.6942378708633382,-0.8584203330728656,-1.8099242141195218,0.5699887295503513
-1.152196456802914,1.8238003659819078,0.9131484159159533,-1.7034485180660952,1.7760052706382246
-0.10055928227922985,-0.15597728398574026,-0.8434840935448883,0.7875062601418329,-0.40778406201462
-0.07783560730875165,-0.7251670389817032,0.5291486863671517,-1.192435087816585,-0.34963572853431185
-1.1873983936809551,0.333908128846084,-0.43306291184806334,-0.805277803620522,0.002765856340094238
1.4204238837306808,-0.35504866356339315,-0.22237840659539027,-0.3382370164504239,-0.7404715859924899
0.017107588032886402,0.23793517297792655,-0.2838396045640936,0.12775074766557315,0.7205847721134309
-0.4105431345732682,1.0130048913495193,0.6907372226954321,1.1345412064515261,-0.8956536821793724
0.5475215909493555,0.8006307585962584,-0.9663758803835711,-1.1233274588164943,2.3609688779199254
-1.1438695459517667,0.13226828599389284,1.520401981867221,-0.6965489599903565,-1.2733896259369173
-0.9382675712081755,0.19142659515597124,0.5942447499242639,0.1571486277857553,-1.1215227243708632
1.7082826058319716,-0.4257447836123811,-0.7495612077000725,0.5151375507342304,-0.934244230469758
0.7843172513518667,0.5713131371518542,-0.07360347634659026,-0.5726840677981724,0.7199340174397211
-1.897709591204647,-0.603268152821615,-1.54608575040023,0.5523628956833871,0.9301576577448015
-0.5538999699230578,-0.13676077310478316,-0.5993240126031789,-0.09799903655241576,-1.1666914174523662
1.0455222619942308,-0.5693906136313379,0.1053733596180805,-1.160554867402651,0.4018580099018174
-0.030959708014742876,0.8698126631723084,0.5276503214629555,0.3953630756326896,-0.3963964197257023
1.5083143993319097,-1.098637483291056,0.9427612982325544,-0.6593896598473149,0.8494698635222332
1.8856609899588164,-2.1014696865924902,0.8195623107816429,0.7046743308957414,-1.5083602497360196
-0.5497092621550195,-1.2963796029572285,-0.5108427713031053,1.1324351372353525,-0.709126072103331
-0.005211785985278232,-0.6010968113044561,0.7089088202569327,0.47234595241435157,1.933836415878279
-0.2172091392996012,-0.396322164605132,0.06996444963178619,1.3880887336033385,0.30045687285638245
-0.09835302275233973,-0.9310631106143404,-0.16764687214951418,1.1456745447928265,-0.9370963642788452
-0.5366584066180959,-0.08120491731742974,-0.8783918422807275,-0.05232834805109518,0.04942845436575765
0.8853350996867995,-1.6240954058117085,-0.12687657696384125,0.37912939872990004,0.6946837446662341
-1.5880542829933324,0.1081090807714463,1.0159750247829646,0.4643833154031322,0.7033632090981762
2.625255311021573,-0.21787723238666296,0.31466625596894277,-1.4743838655496464,-0.00058314217970286
-1.2267726838941606,0.775638807637255,-1.04397832224826,1.9835285514863676,-0.7530820687238192
-0.22396266059586756,-1.0372667045125146,1.4306350556237992,0.32585372624902714,-0.26020582500148476
-0.9490663287775676,-1.5940121587036602,-1.8529635246184366,-0.5727675554886177,0.28262541761955606
0.6807005597206082,0.16034326231420992,0.24725024524545908,-1.2206717302342796,-0.8645852021188541
1.242500330662945,0.7257382831806215,0.9141896670090337,-1.723756789379947,-1.3680586314643663
-1.592883281909261,-0.7207008784470053,-1.4502636087935257,0.2544218895333062,0.7423903473040233
0.519107614544744,0.8860344323100359,-1.9335472044124629,-0.1604094945148004,0.2791326748821932
0.2943253669437721,1.6719633364471145,-0.5914079988394442,-0.6647275245395723,-1.1990295436458338
-1.0309947126732804,-0.6075979012330365,-1.9034693015980455,-1.5888296916609626,0.4875457185018732
0.5061518227594302,0.4108905052944709,1.0406741930179848,-0.5950114968094783,1.4570214659250598
-0.0022701820492254947,1.5258756200070605,-1.0842144067344954,2.0890709155357,0.9443845868462912
0.8019990171396335,0.6841032727970385,1.3394346920219455,-0.6622611983660074,0.7662604395800664
-0.7833497508485426,-0.6667455249435383,1.0510476175808636,-0.2435666432737317,-0.5785799501535641
1.6350891655073978,-0.5934749826423975,-0.38093193870252456,-0.7354456203964709,1.2228478502568654
0.14521709423803567,-0.06574827826347515,0.12408702409066086,0.7143327013143678,1.1640337539569188
-0.4717237723246889,0.6968941377647726,-0.5909111661965779,-1.0243541515107653,1.5199689294279763
-0.4982233295785862,-0.7284184559428011,0.6236899018341978,-2.1177642305733326,0.7279563207564165
-1.8748077229354683,0.12284354209530018,0.4167889570912641,-0.26719358231886625,0.09859993385702583
-1.874776050443167,0.46783849334377114,-0.007365575869664343,-1.5767515179656808,1.3686185114667273
-0.5898759900185702,1.1784695972702994,0.3285288836130883,0.15437821181416483,0.13318315664440863
0.8972829083775768,-0.05686236662474919,-1.431715329597775,-1.082209414545557,-0.4699659612073273
-0.6189645872510039,1.2991154575170145,-0.7669718147984071,0.25186683670577825,-2.1898079417928096
-1.086774010579305,-0.5456153035332935,-0.5063580464502535,-0.5256073661052499,-1.6734552697212557
-0.7618072879530787,0.343256113125573,0.06799744617438142,1.4635042079932599,-1.1640203999712917
-0.5202426916159856,-0.3469776968742758,0.899742627099117,-0.2084680831438566,0.42791595053934645
-0.13333894966109344,1.1162887327239004,0.10886601166866203,0.07775020065351997,-0.04122041366704775
-2.672270605576464,-2.312558479037661,-0.12056185329670706,0.3627766488887194,2.900222124799907
-0.054559757018040105,0.21191609548854243,0.6933316996521185,-0.9898292074608147,0.10981984986987002
-0.8317590472184464,-1.5729323106098814,0.9092765888974979,-1.386526029001738,-2.7177345951936074
-0.23831602518654071,-0.4765404216438566,0.5363147318063105,0.48650117810980864,-0.9378678343975261
2.2566595040775947,-1.1698352785412225,1.5800402376043285,-0.1664303597308049,-0.8191246775295452
0.512073949663645,0.6166814001204678,-0.5876522637213665,-1.864083075817366,-0.009073862525555773
1.003927574500867,0.7349458297493646,0.6077661817263728,-0.4371994041304943,-0.42987849242543663
0.2941422818350528,0.11298876808941355,0.17144709113557483,-0.270409306878448,-0.49999389455269727
0.06395222172318117,-0.8094659016275304,-0.156981146036582,-0.19490501263680005,-0.5170128713779111
0.33125946002479445,-0.5333270044838151,-0.3308266146113856,0.1380207486822449,-1.8272358163077087
0.14018277673454085,-0.6578684534516231,-1.6327498942564345,-1.5557367484934894,-1.656818561317697
0.2827668489294205,0.6603588065005221,-0.3337841372602479,-0.531719338917431,0.3785276410356616
0.06105008171630229,0.7052648633526892,0.5186106571475092,-0.9513657614361577,1.98054322834981
0.5184684908389193,-0.2375150392687167,-0.16221961668546772,0.23539152841106648,0.08855718395941145
1.1877064361436165,0.5236311352783373,0.3911896384311673,1.5705462171554343,-0.41127597665781684
0.7154637685487018,0.007376447402885644,0.2729475217370424,0.5899971331716439,0.15696235267164513
-0.5707146634955259,-1.2526178729713089,1.000559200706266,-0.6169487499005654,0.578003742965036
-1.4146925181615437,0.6942285844556987,-0.939462276236777,-0.3454806220476336,0.4472645687678544
-1.2445840798140804,1.5257801380265048,0.1531626835220588,-0.2806249959198717,-1.0248919442842557
-0.8938078388847972,0.9063035033423482,-0.7461613219584486,1.0099438635949511,-0.2744040299285649
-1.1195874317770298,0.3766840268877586,-0.1926890466533586,-0.24097884318681845,-0.7520721848217437
-0.25484234536089073,0.3244349026179324,-0.08366555250605098,1.2321706678365834,-1.0460591561764878
0.24958138267966354,0.944405672935216,-1.5180724859503698,-1.0821021130326776,0.18472344030762117
-0.7286262022731652,-0.3029147995844515,0.1820068294745184,-0.5172642007421953,1.242389862953943
-0.6308580527716734,-0.5579694643701806,0.4304122982992514,-1.2354001176266285,-0.28631644266845097
0.8618926411008027,0.17491967140107345,-0.2559304767513684,1.0641843826888195,0.8420938993079936
0.4865557611490675,1.8176491392420493,-0.540162517903547,-0.31809921452806467,-0.31993633609386324
-0.667503265945672,-0.7971292200566992,0.22644557215292022,1.0061006037105793,-1.2856451739793202
-0.2695430479862356,1.2550164675360458,-1.4723043055550211,-0.31638968481219354,0.3071694809688764
1.3938277832501886,0.5827173340152627,0.678440599191896,0.6369264990362267,0.1782598942795465
-0.7572205312093071,-0.5127023007673505,-0.4537347914689503,-0.5135184364160916,-0.8473694643425072
0.11355274482077228,-1.5566045377851963,-1.4145208861594052,-0.8473331296813977,1.2928974835290055
0.0657178024725907,0.7488090007980787,-0.5150746206398676,-2.4360092644236757,0.5959679530369194
-1.7915563748876826,0.9792479534924653,1.1680614042855944,-2.476789988519949,-0.5907741366091762
0.705842958426517,-1.3745566667883298,-2.0176395659950512,0.5999133783506664,1.8352959331966707
0.07863587870760315,0.563587963345577,-2.0981197132178475,-0.3168358443757952,-1.1063139755868485
0.6900346162837838,-0.028564811661239597,-0.4336635866606335,1.4587418297684753,-1.8579088383538718
-1.0658890042238207,-0.5367688904305058,-1.1796668868450806,-0.2567314389191017,-0.3848406905037492
-0.2680976756441355,0.4244869083695152,1.2593267910790664,0.44998355878931096,1.240324369198268
-1.0095054049722083,-0.3753820281815279,-0.7113345722240477,0.4310940483697233,1.3180462875162033
-0.24154457971072554,-1.8296741013530522,-2.013853328267405,0.16883145224607166,0.509858885892019
-0.27682243476636537,-0.3036413739555691,-0.7827960310299547,3.069157468331076,0.15936284737039758
-0.9106878009306913,-0.3098604451790948,-2.1834894453839517,1.116515615198698,2.3155728481192455
-0.31774558783193046,0.3116768454399588,0.7447390314478298,0.27843798691350835,-0.21636361700422677
0.7219509114534793,-0.6562817138139505,0.4935574414226717,-0.5089061491187525,0.14023413856400235
-0.14450928356985324,-1.0810424001630354,2.047804534530373,-1.1670508139865428,-0.7130798457371856
-1.3074755168352283,-1.3797130454016249,-0.6570339632807518,0.6315856049842338,-0.7588921972609026
-0.5536801165121195,-0.36834568895608355,-0.5931889048477992,1.4635887361589146,-0.7074799459016671
0.05724450957920597,1.4557124440242755,0.16627481730222088,0.6809081188486951,-0.0531975025224905
-0.9465053428032885,1.5418770288023074,0.7673500900376622,-1.6655456217587437,-0.6714993817930323
-0.1348909430565595,-1.036935905832534,0.326658264550174,0.48317875320449527,-2.6532743376605437
0.23047333181403887,0.8142405491395427,0.8879274272524557,-0.5332353507127462,-0.04034829010260653
1.0166826931262947,0.1282270328169083,-0.4450472767910662,0.28323727615705363,0.05058784271989314
1.910343271169799,0.23920376966662216,0.39584864975000383,0.7751362863567857,-1.3199090916342293
-0.48328617566998866,1.3525649293117399,1.5273256651190523,2.0463654989276354,-0.791318300414348
-0.07455052450845479,0.10718419154606491,-1.5590339280370458,1.1933686697957353,0.2841284243902408
-1.1255114256992422,-1.211987554944315,-0.7184258696013619,0.7713430899319571,2.368415369307911
0.25254179604474813,0.7314010992014188,0.19693343437549604,1.9856279459672452,-1.0591367046109372
1.223928827478367,0.47612253224591256,0.41698881001409405,-1.6306807749343242,0.6311730710305099
-0.4032439097082764,-0.967837240863483,0.6233743237543936,1.054365262042498,0.6778516771337785
-0.41482947896768096,0.04408322110927782,1.5239528284930874,-0.9081017271780855,-1.7649416685058348
1.28084222769465,-0.4769120589231577,1.8702720604510545,0.4059111573311465,0.6485375302465785
-0.3770663634677249,0.12440977535389085,0.1031819633325763,-1.3482260575252678,0.6401610769090205
0.8761806715336724,-0.7453182775002366,0.8182823440631233,0.2159493621910281,0.14660841174289907
0.6294590750676274,-0.9690272957811381,-1.7357238373527015,1.8275398348483454,-0.051752214097502754
0.3612739671528569,-1.1189723323623721,-2.6858839651436908,-1.4788004767214187,1.4869546772476245
-0.47274531807956854,-1.2789104489729326,0.006597111544822674,-0.45465929151119044,1.6704586008030176
-0.11835459389017289,0.476034588929137,-0.9103960690292463,-1.904014756207137,1.5515922151316341
0.2351299982821385,0.44490396964120127,-1.0041676216346227,1.1293823785047639,0.03566868358999554
0.18781445202291713,0.7039714177783662,0.23667621526942498,0.30479851164595534,-0.31771295505999797
-0.7928330929159952,0.4303881900113452,0.3459592212527808,-1.1615582691527948,-0.657680397032317
1.4621677032305456,0.048755661787925515,0.35409744519946107,-2.3985258256688877,-0.18602862826213842
0.6568073607681424,-0.9545681167016078,-0.41223228165687203,0.42417651540743373,-0.22493558811509679
0.05424910409400237,0.06132855145713866,-0.022117049227374598,0.44480151425571146,0.573549822228705
0.8360155119277235,0.8520141610968516,-0.7566564466608946,0.9523523468978994,-1.1451122971097054
-0.23157935543005345,1.6470065279687183,0.10702364061350521,1.0128830130028108,1.1977340436477277
2.1735002890012773,0.702487020373048,0.14666562161243327,-0.15894860020937235,0.8033278037700584
0.24675958778294924,-0.22118426213464173,0.7464879608235883,0.5527623653526021,0.8282202713229342
-0.35982456472747987,-1.6633355550595146,0.37714306109387236,0.18491992879937894,-0.13100286864677388
-1.5012184327256584,0.8314768785367702,0.3755073841428192,2.1522659105795374,0.3962322788754354
1.147126952514796,0.43785768832226785,-0.9289392223576077,-0.6466258936536106,0.9910101813797685
-2.392465177071778,-1.1488842733037892,0.4774904718629517,-2.1378805767484805,-0.6597605185865997
0.5956726546710689,0.8574164725221636,-0.4832654604670242,-0.9205369756130823,-0.2731859702136275
0.0636110705592421,-0.7358105132757833,-0.3286029094137429,-0.47101216793079936,-1.3250817681227163
-0.2790217986201977,0.16883765335207737,0.7138801986584481,-0.6525348347651534,0.07760250880086458
1.3323136157221118,-1.3961727721773607,-0.09225903449735046,-0.42502874595636697,0.422324334492275
-1.648121855723477,-2.432841075055408,-0.15494162440484682,1.8915993448453972,-0.9059013901434881
-1.3438821918397275,0.8755742500383525,-0.9209058858050546,1.8128593023981832,0.10877402319472465
0.18514353829790264,0.20500558593906296,0.4415020268950152,-1.0959070028296634,0.340011468254613
0.4348988032242538,-0.6754176580569802,0.32721261161713366,-1.7324155829565615,-0.576037746317196
-0.008413119166344487,-1.2084377473301557,0.6068762447809996,-0.4283377969650075,-0.8869712061787527
0.28543210598094193,0.18528497729701923,0.1572891787700418,-0.12456352712405609,1.6711376419401458
-0.7481435637728627,2.3353740833606538,-1.18213467515435,0.9559376885529738,2.6019765395528265
0.23505554086802952,0.37804399109581216,-1.4039894379367301,1.7072691541408196,-1.4178071144633513
-0.33410675168161,-0.02511908368213464,1.1313722362090406,1.4102939186934114,-0.4341597286087794
1.484864494914447,-0.5990613100448156,-2.035220293150356,1.1722947070929526,-0.9657084330612157
0.8249795729048831,0.6474336398752347,0.8739672745253038,0.022831513149853967,-0.8348749842537381
0.1897041810420661,0.9212823004109335,0.30698715678685784,0.3881081399502985,-1.7190735942258237
-0.512661783784184,1.5460096552330644,0.252873493888337,0.5984706036561214,0.7477722697979997
0.46617996785102067,0.3824702791826121,1.5829536978041188,-0.05124715467062937,1.4451335098596423
-0.059669425429819505,-1.8079619617765954,1.4838163803308573,1.6301879891205862,-0.15271921403790395
-0.36873592609969974,0.7719732008540521,-1.8765654735380288,-1.1269102667333566,0.3513705506636924
0.30055662484570433,-0.14941942548722156,-0.05823745205250419,0.9670487565416682,-1.408898393077957
-0.8280117970149926,0.8793865927549323,1.4041528726904422,-0.011658412011525841,-0.7292193450907102
0.887084580936856,-0.2427739165610773,0.3092119355105746,1.6393338888242466,1.261055847789749
-1.1104701509329253,0.15009279039471365,0.4397402211692364,-0.008487518183059291,0.451109292940542
0.15437147635549928,-1.5826200355125561,3.657431363379908,1.1271738825097593,0.77467082474702
-1.3713542610485114,0.0029094587114818567,-0.31130272369122275,0.4389764939138721,-0.6451540965752744
0.007789600564374715,0.0639822212619863,0.4994598050836923,-0.6235613125294621,0.31556550007758677
1.2708261344394165,-0.13369362650450797,0.3397694383971331,1.3857372046159537,0.6496502999625456
-0.34795529987581475,-0.6177965942254349,1.9602918855527156,-0.6523710175755773,-1.5452280502304878
2.502796840729952,1.005163958403212,0.1882058199212072,0.9557003387656817,-0.6433138673848734
-1.3321862419065371,2.769354175453288,0.7102892321779674,-0.2514554921687289,1.4401525866811629
-0.659971221724486,-0.5961848445376118,-0.3964074960765688,0.4254157380454059,-0.06470515405911517
0.6124185281370916,0.7885794905678335,0.7197197822708139,0.7474760285529007,0.9632948128829797
-1.1698164708185579,0.21201478356251816,-1.4862295393262253,1.6113626880798848,-0.14875150431384093
0.3969606938021324,0.7071626470669186,-1.4061538362721917,-0.28747787610305914,1.143106340866346
-0.9392091856247606,1.481098218867592,-0.2520712382352726,-2.240049502260829,0.16231650456965271
0.18911500776475973,-0.46048764765986827,2.378469662421414,-1.0034952618139652,2.248909391358151
0.432933189959385,0.6052780601049885,-0.4295785156658645,-0.6839449801381656,0.7292896763984296
-0.659296078701059,1.9933951719666927,0.10073710981057268,-0.10923874628497277,0.9140942953211437
-1.074829641274636,-0.9001503748845124,0.9889360564722618,-1.5133329635636787,-1.3752041089798315
0.32943291545395453,-1.3524147852905304,0.2313409776887702,-0.8358466232865045,1.1361471158749339
-0.18047442366907063,-0.43530523851727876,-0.3139653381630301,1.0342620021017823,-0.4685485079312592
-1.0373405365903818,-0.5868132123163953,1.040812864983815,1.7945813788636378,-0.29041672729356777
0.34112017168247094,-1.4819377666937639,-1.3548937281675972,-0.5858175232489319,1.2519364398411723
-1.4992571706689146,1.006502653020873,1.4788055731059013,1.8816580843667354,-0.6017639960535913
-0.5783927752238739,-0.867790202370673,1.3962407791319007,0.8616676827783358,0.39397430977746073
-0.09956010263612765,-0.2130814156052385,1.42978141643089,1.268648426281102,-0.5077520283961449
0.5244026241747024,-0.008010402173651891,0.2243269783416367,-0.3547860829686233,0.4322534672748028
1.2037984722658428,-0.366430789551562,1.4613056602886254,0.7937412848881157,1.1107975424773255
-0.28047867122227094,-1.779973658650775,-0.985172623961177,-0.14930685969051616,-0.3756216188386974
-1.8596183686648056,-0.20485295453937566,0.46632417109105956,-0.7136892976603489,0.385156186324699
-0.9393379568730852,1.5738675359230494,-1.3891853914552994,0.1960673057309984,0.7947223243759337
0.23277746428015533,-1.084932375366249,-0.842973640542873,0.32073513194210607,-0.5140119144271408
1.177241609161045,-0.16024539956284148,0.0652496152520803,0.8407702980988052,-0.7583577601096997
1.4881209123382895,1.6748941833285997,0.7723717780737289,0.8557648468699944,-0.02642218215504843
-1.2821645086009972,1.3649530767394795,0.8238503264995208,0.8669177007383104,-0.9108925985095756
1.0251458123887496,0.6238457913018197,-1.251076450033771,0.8783343242712234,3.230789683531873
-2.092009562814101,1.2743387153053845,0.37179757500530125,2.4358378408864474,-0.5335596169619465
0.8412453724935337,-1.9870303113962475,2.8064279188660164,0.11702799385919191,0.5588386485633949
0.2812864414685328,1.2767138209273832,0.1077717594195219,-0.016042034373207482,-1.640559563502672
1.2327161232271229,0.47116881136700134,1.0582234157088106,0.7003955463506004,-0.24423488779322716
-0.4313086861135418,0.1495205328407394,-1.6774174463579765,-0.6858321483883283,-1.2138538503249794
-1.8329274698706028,-0.6582754510581664,-0.6689061993305772,-2.0930228606353642,1.213938134750475
-0.5996473171446823,0.5924012887074953,-0.49107022061313826,-0.6877078770925568,0.37316843404273176
-0.22438734859769474,-0.19993328426728113,-0.6506504521572575,-0.5221985548204046,2.1032306250913595
0.14291873030089217,0.993866991072005,1.4376730204138328,3.0268593361209923,-0.13216707547372836
-1.6080056431213832,1.0426767877943037,1.124349148254742,1.4415395995062612,-0.6285462930036925
0.39318051879032495,1.447137332339705,0.33149560376726067,-0.28410898587392464,1.0958540941887922
-1.350049044898474,1.8085215754835884,-1.5788761774253857,-1.563881876738766,0.2965914863959999
0.5983456446777133,-0.47375355862502816,-0.42148756832899664,2.2566137628182523,0.04747298101038581
1.1353293046706732,1.6731780912592196,-0.160672693941381,2.1141909853315735,-1.2261022779207242
-1.1655114856587778,0.7319182522356719,0.7864296375005022,-0.742229499028831,-1.5645811882768554
-0.6767993144551661,-0.40486585247469264,-0.8871743780959687,0.8330224202948321,2.0251983217597576
1.9992954095277267,-1.5030139250962615,-1.4672059323333393,-0.4388102992660999,-0.9297009806496032
-0.5183650319276096,-0.3281645578154785,0.998134098625742,-0.33583602066588447,-1.5128507459367577
0.2881144815517504,1.101384025146398,1.5110826604595993,-0.32456694223677074,-0.9119499817095912
1.1993535821939665,-0.44625452309236047,0.472038533477245,1.7018259553567088,-0.1809284951923283
0.2723825669681831,-1.134160178326074,-0.7904473128233717,-1.287887458015925,1.2527473139744107
-0.789308589681889,-2.5335395087631354,-0.3173379626177514,0.32903799635962216,0.5804401986395435
-2.0292309059115805,1.3521578393019944,0.683996330825862,-0.9883099484197992,-2.2263573967817263
-0.3880596150907242,1.2319115346329614,2.2396329277976137,0.05009872424897548,0.5786549642900474
-1.3637094986732918,-0.49378003987762775,-0.39576817263451763,-2.2436942428968556,-0.2747768030512387
0.039895824187034544,-0.43783387066075424,0.3009304510644095,-0.05056854338089351,-1.173530002817732
-0.9917702498733845,1.2851944231554893,0.9315321477887503,-0.7359267036307322,1.022437509531857
1.9140412741029411,1.1177961884137386,-0.22396537208607445,1.4008650420144284,1.0690910600936365
-1.5439604751944853,1.17663154881315,-0.2824315027749926,0.8190577221520028,-1.1484446399006076
-0.014897684432810431,-1.1317596350740835,-0.2410858758117617,-0.21094802818183853,0.46149778369620376
1.231766502766888,-0.4521196017974807,-0.5330445462375065,-1.122621865295885,-0.16039262486823228
0.8601914792953516,0.08195231946813285,-0.14808320607486186,-0.3356168604586072,0.7182427858986182
0.9757038938984633,0.3594235993423778,-0.12244653908554762,1.3915963276458823,-1.100925928010453
3.817246602571967,0.6404008538310859,-0.2962755272829458,-1.18319285212786,1.3263778783327276
1.6973029929390209,1.3470476870838104,-1.9485222178314476,-0.22496395998205024,-0.07434005782829767
-1.568014436918654,0.21422408189881767,-0.2170498076792026,-0.10706801193337175,0.11738800999564165
-0.10394625546519759,0.19566237807602158,0.010810698301221706,-0.0005717306038441184,0.5735989561461554
-0.28770256403663685,1.2289031311058234,-0.8260894335072239,-1.2271248785841313,-0.6373786801811994
-1.069691035451735,0.21360440729008345,-1.3078233448671301,1.4721797906056706,-0.7759970407731223
0.7544570991454028,-2.5667936227356427,-0.2648900598979968,1.2484648553837596,-0.20739429533833229
-0.8995427269102864,0.07376807436513926,0.658040762331474,-1.0115597596947372,-0.9847920039237958
-0.7476922756927868,2.920641603821934,-0.9600691730197191,-0.6246614624217789,-0.23080630865761234
-0.04340327862459092,-0.37495848506967727,-0.5677788322952241,-0.6245759996976596,-0.20669460036128778
0.8828857011862558,1.7094580398035861,-1.127350945138354,-0.4874226082240433,-0.21805712919397097
1.1822096601864853,0.1899119754943672,-0.2378484544509092,-0.13691131849276042,-0.6150781844060499
0.0031406478540643244,-0.06230681643346317,-0.06471420219119077,0.26082486677607086,1.4272003210204145
0.572080184442237,-0.3914316364682247,0.5296466517634913,-2.766191881163261,-0.7646126760756998
0.14710144617226023,0.11288850920358293,-0.8173978653030967,0.6498422662938421,-0.7731011292432959
-0.5137060773492126,0.09703692041794962,0.4672724535069702,0.210091547264037,1.470489118535573
-2.5130598343090402,1.781174745136528,-0.93244633677943,1.4353200631678662,-2.156599284145006
1.678464634715683,-0.9803882659400643,-1.0078886010110477,0.8922307299904512,-2.189544736108642
-1.1591311399577668,-1.8538455164018324,0.5433012665733471,0.4202477673022158,1.256791768584634
1.20483037306844,0.6488949901296286,1.748911689341497,0.4126950709518166,-1.28271913113178
-2.3049977471329077,0.12833746437940163,2.5865927825106345,-0.5410769943242414,0.4990616762761305
0.9010659233050248,1.0953912881724712,-0.052735371486392596,1.2337210567180898,0.9100922929186447
-0.17221522836813274,0.40373726869263493,1.1750573827884434,1.5849749688151211,0.214036797863581
0.6055020443336545,-0.6008886353232661,-1.0058811380459658,-0.5847462468009341,0.5881887645860996
0.5477208193238227,0.11812582106173863,0.2214665089472627,2.289377248502798,-0.35275364893771016
-1.1529506161274357,-1.353299395137576,-1.0470696451377695,0.2634630255216516,-0.02589157416233487
-0.3119143101095308,-1.127476412668509,-0.2265701094810971,0.24872702530454885,0.0199973784142074
0.25091106656236734,1.9198324850141244,0.7796767060484799,1.0215639228450388,0.2922038981226958
0.3119388290913798,0.6713287735846122,-1.4880051184024523,1.0159486281188648,-1.9033215371179844
1.1492881710016036,-0.8150178381256472,0.7877518937117082,-0.2388585240696531,1.767451118544381
-0.17455131745096958,-1.6384424513508467,0.3265569345902801,-0.6221567816412329,0.11605126094314139
0.09827961020470752,1.0546699863796942,-0.703546612245043,0.554529576254972,1.6056968728078913
-1.554062627902689,-0.4102410333585406,-1.944412250503048,0.6233830449790831,1.065318713496131
0.7280489280718563,0.2039048058054714,-2.0766619567462334,0.502705498837947,-0.12218498636991042
-0.6236511684804954,-1.6989818809415371,-1.3785103481472951,2.7167014506542357,-0.6641096554718681
-0.6927502425254498,-0.39933847608314943,-1.8337423043026804,-0.02942118566095149,-0.4302671469531135
1.4658350045242348,2.930353376333977,0.623722283775034,-0.8771618976217002,-0.311783901710411
0.5913047255486076,2.166915089962762,-1.3467116650759574,0.31401575256403624,0.6417088332805168
0.6781174789374674,-1.2105257951278154,0.535789289620047,0.010570224812788576,0.7484741113009077
-1.5057599272406204,0.7609454338944197,-0.08503269108686341,0.20937318683770634,0.019556539242905225
1.2516811129007204,-0.1622180590864823,-2.0712700229914627,-0.12684788711496076,-0.14332115393218992
-0.24948066666332028,0.20636726230447613,-1.1815922430374777,-0.8829665667179603,-1.2030783248135277
0.6328883643837615,0.11223515690742869,-1.592523688500381,-0.0032844578674141468,-0.8940885542252404
-1.5010688580993874,-0.5889086545438884,1.0745949781055717,1.280405158064526,1.0069319037191875
0.30304440681030853,-1.1394298208872122,0.5564771025278955,0.9084217977431048,1.0848475987934572
0.7331115058833919,-1.0161723590530305,0.0012660758200349592,0.8857159900645967,-1.2254241818538971
2.1054349067348954,0.7644328302765443,-1.9045499281584972,0.28011453428006133,1.4067402148463077
-0.2620136000740566,-1.165577814284323,-0.1163733485091313,0.5401476658832405,0.5323186893569627
0.931387187549834,0.7032797633929366,0.6635763574689508,-0.757014482089464,-0.02640248172898751
-0.6599013373346881,0.6010655021490748,-1.5620263744013045,-1.4646355831653697,-0.39864003603496256
-0.3580151620239993,-1.7183667178692867,0.41732043233440086,-0.41684818408168667,0.03989477683496686
-1.8292778139087984,0.8735594583056387,0.5026585091827133,1.7629070336772583,-0.23102969586269873
-0.7694144239723443,-0.5896833313124057,2.3330069013060495,1.103463760756893,1.6789758437036204
0.036056009936590756,2.0131832712259463,0.3478499498802287,0.015199623019972519,-0.17092143205634927
1.2740576383894473,1.6633212297617936,0.417909249626898,1.1670938415568883,-1.32381540076124
-0.5111475370889104,0.4169282810150165,-0.8520226071935644,0.3337644353120194,-1.8600503770148895
0.47853219550073967,-1.8600817025066245,-0.23800974685223183,-0.09403667453884258,1.2920448401813571
-2.004432122458002,-0.11343387461467912,0.7012499430124796,0.8706660752534214,-0.14137594142066912
0.3204629386609102,-1.4325603764688841,-0.13529518697671666,-0.5654677933337273,-0.593981488726798
-0.803585643557473,0.007625696446497604,-0.046513618332276414,-2.910851710552781,0.0928941540464913
-2.2798200801669966,-1.0168882475856746,-0.9414645461672905,0.27271203072021855,-0.982277505722655
1.5252206404422022,0.788708866061424,1.7542435775199676,0.03179108424337013,-1.600214945892625
-0.27055356076347037,-0.02887553591009145,-2.2193208183120654,-1.8376399089097293,-1.1991917540335757
-0.7820292395698755,-1.0159574302111984,-1.2070518626460918,-0.7124311335949532,0.6033663731773538
0.06630747419132837,1.3249519226982376,0.40635985173328254,-2.0166958506573938,1.5619892869215797
-0.2292421794965989,0.030059518411250034,-0.20335969379372457,-0.30728279529757263,-0.497830619884167
0.24299089786430972,-0.8945907507968238,0.003606701077861777,1.0008072693748986,-1.1167196938544819
0.6361903466286433,0.0655129882895542,-0.8321339149170305,1.0986773395528489,-0.8116748845621794
-0.08291638705497519,0.0576408732079248,0.8803646066122524,1.0061569121036806,0.7040242762363756
-1.81280487665144,0.61485465502758,-0.11154965100676197,1.7067709069872479,0.0796121548898543
1.3354282819583192,0.7637813148917745,1.2326230333442543,0.5084537753497622,0.48177844633812855
1.3940271442026317,-0.18424656569937875,0.9390437541420439,-0.40502258906089983,-0.7531210570418785
-1.4047706863488123,0.09257119597709088,1.1144457067622522,0.5273246337404427,1.7829273266614714
-0.46009655836703645,-2.587625775551158,-0.5103368285804348,0.4893173977755757,0.5570637367151379
-0.651594819147774,0.8156674132853867,0.5544780069910177,0.299386440696273,0.23964378797341782
-0.5444629384416115,-1.8830646609109347,-0.19779716111337212,0.08613940611986017,-0.9344351534706951
-0.46452389154417234,-1.0623701272125587,-1.0463983241397496,0.12681363619134636,0.38761776754074834
2.56065430277761,-0.4568341244875266,-0.17319214236072414,-2.5884395345807065,0.6728711939804893
-1.7870880493849453,-0.3202305763788967,1.182501096627379,0.18475946847117328,-2.1025243676364544
-0.9733098075539458,-0.5866894149096246,1.6576805780831916,-0.5024405965249183,-0.5035255827913884
-0.5675706376689749,-1.0834083397893761,-0.6004271726798122,-0.689574851749073,-0.8323839673281036
0.23423892972058796,0.8926322051611388,-0.27769618772795623,-0.6202019229322469,0.7338307584905327
-2.006401542292627,-0.7099990880569118,0.2688989752698457,0.3312496928335786,-0.6992046230856753
2.147184502163968,0.6807073894420019,0.32013182934825135,1.0096083026180565,-0.5400172033976288
0.6810974621007054,-0.7369970850166946,-0.6532535031051842,0.1881299083381115,0.561981942273682
1.1116636316600916,0.19728533133469697,0.7789869617118614,0.29983170036928886,-0.7820611512523897
1.3302672464467067,0.6290826920489093,0.7714584420519525,0.951997662778444,-0.332545290030562
0.7863278642134167,0.10766893460151576,-0.3960244652424353,-0.7559356052608647,0.5350109845229277
-0.48422315710652236,0.7751930642867575,1.521231820387739,0.8539352046044714,1.3513205608172396
0.780588627963774,1.0901363065158822,-0.41685436324538916,-0.2350622139726668,-1.1572036990846315
0.5759054229809624,0.22835208884873212,0.9921837821704023,0.9955007753024635,0.20236872733936656
0.4018533673263203,0.49022392083206556,2.489576402503577,-1.3161695962028044,-0.4380214574832406
0.6308871057469706,-1.3313255520210214,-0.2622708924519556,-0.3183130131250494,0.632022793312916
-0.11437930406621191,-1.319016266236171,1.7705073421886486,-0.6543319722968142,0.3438750494503853
0.20232679026566688,0.19987313774539997,-0.4348401743686146,0.9220325753561955,-1.4351680565301168
0.9766639511876319,0.1884513823654183,-1.0510090695687053,-1.2443758674293781,0.3867129554425566
1.3390874266803467,0.7707214334708902,-1.1010003793667262,-1.4415998500832443,-0.8485268559802033
0.5700153275732244,0.132068495214791,0.02854213091940109,0.9932927403687671,0.24339802066441715
0.404994629560893,-1.2255707361321002,1.2280332331700474,0.628796216541164,0.5342106344164654
-0.03651526855938211,0.1343580971064124,2.714983708583006,-1.822722240911533,1.1608824081142397
0.41037391989732613,-1.2010540287062283,0.42000917037158253,-0.15752681618011838,1.627315223749351
0.1900828099828114,0.7493734171672541,0.6657971948978885,-1.7739161227955085,-1.3789598265801182
-0.5426828366237814,-0.2567918808580836,0.03998488788068312,0.17328815300364636,-0.5178577749248834
-0.7076025356875059,2.1642147204897833,0.7699013629612707,0.7690167873649976,0.9741315872938953
-0.8320841209589932,0.15003461152198758,-1.2534740340056754,-0.7139397767306123,-0.9515199475483253
1.0387595079402945,0.07643194472761954,1.2971101188527756,1.117729419725093,-1.5572742886805262
0.9479999740301935,1.2061132578668206,1.0110762230137866,0.5923011972111841,0.4414249929351408
0.04419357847841148,-0.4439695547359261,0.03736848138911593,-0.4665090670642234,-0.517956270619091
-0.23965723432931385,0.09354386162861168,1.1797648830472958,0.5492512593113651,0.12225230212036682
0.16362639556341946,0.28999623260441565,-0.9828654935482439,-1.1162790470216457,-1.371016503002398
-0.28724510632502187,0.14517240290144565,0.038193409413673086,0.01566227007596376,1.1779516319645167
1.8825872269533324,1.5992513167756082,0.1978839627354691,0.12126602691470248,0.01955766141416322
-0.29446987133865526,1.7090393870677427,-1.3304338883409288,-1.0203172499597002,1.0006425867623812
1.435224715397898,-0.36831966037154096,0.4966490898220825,-1.4842764868909415,-0.245377392377201
0.2131112888317205,0.13199043309913033,0.9732854433975149,-1.0318515950729723,0.8790583630906807
0.5398586270480326,-0.2548719065463754,0.13257540303921597,-1.2527082266380936,-0.9025892567439062
-0.7304950570607837,1.4176191309545598,0.41720994684845425,0.22811139144634562,-0.016934211792050218
-2.214099888925902,-0.887482067709841,-1.1427212807928213,-0.4786525543189382,-0.5554573484554227
0.32693703139485625,1.5670957346633474,1.0585179739132746,-1.2476873456923068,-1.100851582762211
1.3505398154197532,-1.3197595524932564,1.2062896583161862,-0.04279593531060188,0.8244768188964824
1.1337607065624098,-0.49273089301254064,1.9030178562897313,-0.5139489231836193,1.0790087053038357
-1.7448305219040827,0.1745742916228305,1.7378381569200179,1.2145062281389714,0.07233774879749484
1.8755810985893357,1.1138029628820811,-1.5208812464160908,0.6069476972708157,-0.8323013327148249
-0.24931541293025342,-2.675051646079572,1.1216373852973962,0.4290053760515037,-0.8697172936882261
0.48908914344558124,0.27002732108433736,1.1826790839012125,1.1465796616460893,-1.0913258788522369
-1.070030303149209,-0.4466302298536677,-1.1221320644166999,0.1471412743929056,-1.1978768927282997
2.0595678525058014,0.4144763602826459,0.9903910585900917,-0.3027417301688513,0.13141013020908815
-0.23896900153435308,-1.3045342864984746,0.5178109048486498,0.5396184993364935,1.8160187585869076
-0.09515051340250819,0.6545296789128576,0.33499593352809065,-3.3422763877833925,-0.7385997638813765
0.5060337289532025,0.06956778104748544,0.6819179113020735,-0.5245054340670825,0.4524467268557335
-1.2195953676546074,1.7988562521772686,-0.7508607289690571,1.3442309557172698,1.5505758825153193
1.2154780282854356,-0.06885164449622184,1.3725362225698543,0.3340165565684682,0.45753691904716726
-0.562407184002081,-1.9779860723122535,0.635552359446543,-0.8495804077927769,1.0534383900194049
0.7670446857946307,0.09245603459279515,-1.4487762678348466,-0.15632337726675566,0.11603788091246604
1.4174689019752005,-0.9052685930204322,-1.403923601199237,-0.1358954664274853,-0.6464552713924788
-0.5503896625869769,0.606598665868487,0.35437119392720273,-0.2629641200859616,-0.5180878053258671
0.015006426147594851,1.1748686123325107,-0.326504702887012,1.20935628774301,1.3202709298230075
0.16902467991439046,1.375527149714261,-0.5473255379389417,-0.2723320779124547,0.8522282829171335
0.056590245981251584,-0.460173589017227,-1.2050172025280184,0.7823387852656297,-0.6749248595650509
0.30428486211581257,0.9473266801641438,-2.0740787371602516,-0.16454960718848363,-0.2828950077727175
-2.2924013074601435,-1.547595002634458,-1.0824421350925002,0.7924222605358134,-0.05493222093769416
0.1556884599428351,-0.43798264792853564,1.4750353459427377,1.2008662075176675,-0.42217451739044715
0.31507177736990377,2.1163226843539613,1.2526541813120375,0.5511430996287724,-1.2746014493215745
1.0656973143643316,0.4628851125448854,-1.546504364365238,-0.07305666763194926,-1.4100887649934104
1.1569870662347645,-1.4782646726789723,1.609518485604862,0.2939575968240078,-0.43970562764686255
-1.0570836293414403,-0.322840837724509,-1.0357192460787867,-0.5334353960445091,1.1927404185355908
-0.4148014506118824,1.0923523042395056,1.614382164706798,-0.12052298107074383,1.8174470574864179
0.06450796274169086,-0.01928087736589426,0.45067539710401383,0.507176582978205,-0.4365349559397854
0.11783616828510496,-0.5438536120721308,-1.8453921720404267,-1.250914386377447,-0.5597107831158293
-0.9721502891556316,0.03660377051936532,0.1659092074706719,-0.5224692388695319,-0.9312172753882091
-0.7512247767954889,0.3181563375401933,0.06610428580826617,-0.9470548547621123,0.13301719120489963
-0.9931506694905289,0.8926217157265172,-0.32336611423184036,0.9010543848108545,1.3927062501971228
-0.4632302815825188,-0.17793551308690037,0.3124605605340972,-0.6685113266215084,0.03391395507469019
1.80001781395609,0.2571461130401,-0.9443638472820611,0.34616959565914557,1.1604380669563392
-0.2189018803413451,1.173479500695473,1.511923417149611,-0.022235836065751243,-0.8832930663618084
0.24436120473371692,0.25876319784093604,0.03842109148507441,1.1953490973900591,1.4000653014010584
0.5305892045371606,-0.8331506803587871,-0.3173921471553434,0.23090512052312553,0.2924327142557447
-0.08858471243039437,-0.18375409157135453,0.750725635036625,-0.5117305847976192,0.36555299813001085
0.9077319983014328,-1.878738922557735,1.0987400493381048,1.1917271818711892,0.12081944104503665
2.0403428582195264,-0.2383562419630078,-1.4079051014531903,1.3708669610678408,0.6078705675679097
0.672551160141895,0.8424233602178993,-0.06784856797844167,-0.8257801020581886,-0.17736543626858442
1.362881576500321,0.3109045214877678,-2.0360395990821054,0.27981762130016424,-0.575847374810536
1.421689743402345,-0.19458895498822013,0.8416940337048845,0.1208249622683591,-0.13076044968190262
-0.4373934665354848,1.183198954074962,-0.09470670074205478,-0.6847369739200677,0.16359218464708605
1.3360699252237682,-1.0919413833934313,-0.5566910457786798,-0.5074108584223107,-0.5164048167581023
-0.14382932892184203,-0.3681565060346394,1.8036261276883905,0.06196102260216901,1.0078505491767336
0.31092979727378023,-0.08014599028547197,0.07459290889532932,-0.7562718796718687,0.5725612314934153
1.0440162942538371,0.4333620477550351,1.3313692956713274,0.7205270238746134,1.5765596168073972
1.4839165052629821,2.0243572335469966,-0.48783366066234385,-0.17416726420583875,-1.770590698301987
-0.16235586304437089,-1.891342880043661,1.3021422546484258,0.07106336196197284,0.805046776617839
-0.24074383503088978,-0.97473190936667,1.550356473176994,1.2963497516224098,1.6935959003974663
0.8143514416075762,-1.3713649442560283,-0.8553256745823907,-1.1064567238553669,0.34147085543974065
2.6169413049397514,-1.0137206847781697,1.3828014378007458,-0.12290310084499366,0.01417804149740457
-1.4886928082983257,-0.011754301319641693,0.6320370814431016,-0.6141480159486399,0.1712086841389772
-0.32327871885872705,0.14367057329846275,-0.46759218448357004,-0.9694444404228875,-0.26263468807619433
1.4990518795871335,0.58392940636385,3.024169634923557,0.6590821948724621,0.13132009336613842
0.8097558626984069,-1.7322655363801875,0.4242347301183363,0.660739657345425,0.9166245319093318
0.039474793531407475,-2.188062772374474,2.0669281052435724,2.3063088171297865,0.03472899024047844
0.15837591291154715,-1.0123346733503231,-0.07053173049378861,-0.7077481034892956,0.16978650831009678
-0.8157961138336616,1.008746032847467,0.9997731413944211,-0.3468407047048206,-0.7744932036640739
-1.1432893537827409,-0.5913780473292738,-0.2555849883997767,0.02084161553416129,-0.20811339583302182
-0.059490420994856304,-0.4772488353523214,0.2792799225550886,-2.7225176781393507,-1.9220598401741165
0.18897938155619726,-1.0083883364598425,-1.906594169158257,-0.1896301171825024,-0.7818953024720511
1.6526825451054648,-1.0665919963412962,1.0634314036834784,-1.233307123404202,-1.5140672546269807
-0.7328125280996579,0.6450045903507522,0.589000336609819,0.5335429592589682,0.633280951669767
0.276045573701212,-1.4148694745416062,0.5405542283009067,-0.6842795700988776,1.3479433866154014
0.9378898294071272,-0.5292375361120581,1.4158596203794143,1.5990732917004973,-0.14472320433277974
-0.6539781227985566,-0.62848522921846,0.22444675827243635,-0.06967099475989384,-1.264562336317327
0.15156634038190142,-0.6172868953260858,-2.9233595787256066,2.194019464150926,-1.9333670339512221
-0.03627510457081512,2.6578234539083745,1.457971609906285,-1.0000652276819868,0.5581780890603913
-1.069537135357231,-0.4539579953399082,-0.610465471670596,-1.051020594534336,-0.17229145814721095
0.5465368684479849,-0.28860488640603005,-2.3262286231858007,-1.1306906416310598,-0.7712136051877044
1.0466221277292618,0.7613529620613979,2.857236893456428,0.7338661343279141,0.3666641499284487
1.2362160117542969,1.0809822348896652,1.4396131161586805,-0.9250063592180482,1.9224313886775173
0.07952663111924191,0.7917061564800255,0.2149476614071293,0.36125255693947217,-2.0264313053180394
-0.09237810361175011,0.09473859403886077,-0.4988777679971076,-1.1699353686415015,-0.4183873630865857
-1.6909692367942128,-0.6932265035351224,0.7009987103080838,-0.0477509543172756,-1.0283713143295525
-0.2708142656028842,-0.8176810718995652,0.018659364663647374,-2.3464908807531804,1.2524092532298807
0.6233017005453217,-0.7757446461546593,-0.06013334209287848,-1.2313804155234842,-0.20613773442252067
-1.5838630867155907,1.4150718818630468,0.7105554107665157,-2.4292002280066973,0.7795579244743766
0.9862517947774406,-1.3995443925902662,0.26906432695029603,-0.39998646747512856,0.79914121817937
0.7124430231307626,1.7650445236840837,-0.646847563611757,-1.3181234973225873,-1.1406833170138557
0.747312357488143,-1.291044852960418,-1.5182076527511763,0.89138848187085,1.2390847390014261
-0.6355935171760858,0.6480331790470341,0.24742128220506326,0.04782265978592042,0.033465133715285506
1.0475752763328863,0.7521997804550167,1.041473590440872,-0.09775068812422144,-0.31121667972240485
-0.8923985491374216,-1.5560117429738836,0.13009141978624977,-0.47455938085659466,-0.03730493272203602
-0.6821730931503771,-1.535976073485169,0.5827703331628755,1.2186755288980453,-1.3387428234906493
1.756898650812456,0.3936914610060539,-0.47549980695681554,-1.4088726671840328,1.7259167910051734
2.4504751315983047,-1.5550308343000927,0.5938895050982866,-0.19839139803085595,0.6570510665561806
-0.5812297113087612,-0.3408702233231889,0.3472481022220403,1.4147875571685526,-0.5850300980901157
-1.9638618610821217,-0.8146666247346206,-1.3468830521232364,-0.07360672962194625,1.3221994414992522
1.6811029157641653,0.7190366542216552,-0.16316878217445555,0.4841391303510533,0.5090178606923197
0.555769911502838,-0.10102459715153517,0.051325736186843066,0.3732386894662673,2.081511080693374
-0.7542494427191302,1.262258686062759,-0.3452483394109951,1.0223853394901838,0.9280786771553985
0.28615414292419716,0.7037842245677425,0.73584222548841,0.661674907232878,0.47278320255790324
0.5006811396341398,-0.3060207812850005,-0.7993149093529124,-1.1553388239322637,-0.3325917311860461
0.9592773447526561,0.8717418572265558,1.0775511428700544,0.37428158147041024,-0.5307957467056581
-0.7780072150854747,-0.8970042554110402,0.3965434300325244,-0.392618923915236,-0.46502868177366985
0.15887718543917023,1.1081110868876458,0.6889813048223106,0.37700535536075525,-0.030122673988062985
1.018107029970767,1.3818390530307205,-2.139708206499785,-0.689475779278738,-2.1422949828931084
-1.105165369148733,-2.5196917106962995,0.1907092693643791,-1.2853168732009912,-0.1272884744236929
-0.17180924293086838,0.4771259790619113,0.2027720441435917,-0.11248864860152416,-1.7842118525934643
2.039444532013414,0.3118854781774469,0.6415728216495711,-1.768377850584663,0.190907412945689
-1.1824744425056273,-0.9192618929853525,0.3632482672761359,0.09304140925978792,-0.9193771249457297
-0.0965831519893615,-0.7676822295515205,-1.0039483357029746,-0.22130781297792904,3.089725129672313
-0.5283301364624414,2.644700815067361,0.5696227229775227,-1.447139159842405,1.0882491025671348
0.9476292216279911,0.19151745737036166,-1.381853865531902,0.9211433080760688,0.3156152883689796
1.1784495075192434,-1.125276321317065,0.5098419914311302,-0.29639256168241734,0.4202678516174693
0.44448357205548483,0.6261135148752905,0.44847901071340984,-0.3442588497735137,-0.21033457951543663
-2.2071185436350578,-0.9647158678084787,-0.23886095614868674,-0.5841362947499614,3.0254209789748208
0.36384532952117754,1.7410311502886304,-1.2535029603548191,-0.5002111948795721,-0.23896132838886444
-0.7786988053662754,0.7438845396664973,-0.5484631558604773,0.2351747272212168,0.6672501643957457
-0.12436463090115674,1.9204187705426998,0.2836713101353121,1.177065680743958,-0.35793714569432866
-1.0814467842926336,0.3376152508732655,-0.07966379773551156,0.5720741899137006,-1.0561683020557762
0.03744338376305331,-0.4729355371626483,-0.31799184945447384,0.10211530462693864,-1.0533163507331107
1.8989634316651904,0.35994686098832984,3.3518440867609387,-1.6373431758332995,1.116464096413141
1.6477526357436,1.3399257644682683,1.0013420834646056,0.568120566771308,0.6421628433553466
-1.2025578469936928,3.8829980841411906,-0.6558036200843079,-0.6223037683304623,-1.4996881673585445
-0.8552168736096162,0.7823223929150787,0.5271724851162434,-1.2627100614186235,1.8468259261114726
-0.006812424039287213,-0.9288132602437386,-0.02656787718530197,-0.9157018832666937,-0.14897214722156085
0.1666875789698249,-0.5867595676729411,0.1683353145407145,1.8695778925143802,1.2236129321587101
-0.0651374884350923,0.6094347758111924,1.2272031473305245,-0.06860641529329353,0.30607026929342296
-1.2071702158505249,-0.20438545180395515,0.9705727142806614,-1.8356482427249312,0.18330079632531662
-0.7879708869903883,0.8610448961608829,-0.46676251790542667,-0.1959524553651658,1.827503398612669
-0.24104862105433683,-1.1228554260885524,-0.41569275796548444,0.510510456455938,-0.06041299208651194
0.08443286403937582,-0.3156306584809517,-0.0915823123618079,0.3534063741619742,0.7709975389599005
0.9405895314234787,1.6305448207850048,0.48179299721424446,-1.2560475870957326,0.6160848395977379
-0.6356348782814467,0.10915658757189534,-1.0854926023113425,-0.7829986828927621,-0.37455948863138755
-0.22526365445998922,1.5758506318081587,2.2881696959463196,-0.09514115585437853,0.43568030580867106
0.26887009371608234,0.3429997312046445,-0.9899024563640979,0.40102247342221337,-0.10113201457763342
-0.9994155768474986,1.0225190794102519,0.601897876394076,-1.2398489221169768,-1.5844150508417927
-1.5296946689907747,0.27655280619564965,0.2557725026026777,-0.5344524787758878,-0.8264640204598549
-2.6129706120023726,-0.22929624051571004,0.4861935034692743,-0.37318657488888757,1.9526853148511054
-0.3707116266909025,-1.206066126646802,0.35672163083370534,-0.9078624002559247,-2.227187443929774
0.6905567803722958,0.8362869335590007,-1.6190648278610007,-1.4546376225451163,0.5895710457810677
-0.6800612126232028,-0.1940570713138374,1.0740006706862675,-1.467575476278483,0.4960213589216837
-1.5832493378424424,1.2182387919908408,-0.6968166850543418,-0.3321840948546212,-0.5149279988337638
-0.8710353225601227,-0.044012292996875514,0.8608719493616888,-1.1122400887829704,1.3043137742305795
-1.8115157919921336,-0.3469242993675661,-1.2510273028739818,0.7608182396067453,0.3874756525006234
-0.8357814006935637,0.7521756652257752,1.4571333315912307,-1.8945781483541981,-1.0162058515463153
0.9166759281274017,1.8717717775464762,-1.2373673930490594,1.071018704394321,-0.8191821182030822
-0.174092167440928,0.41117134607482075,-1.265261964890509,-1.6346546982771757,0.3273774731493104
1.1942307596576023,-0.42606535792328415,-0.598761959359303,3.324899405047418,-0.5850678394173611
-0.28918040124032757,-1.0880879190670711,-0.37275402498249205,0.6498084867905506,0.7795243834356886
-0.27537333319037227,1.7016943469713168,-0.45523256572498444,0.7708987358071724,1.2553649913479
-1.7209461662185417,-0.406034236813593,0.5492331571984926,-0.8988195232695451,0.7142700528785766
1.272318513113443,0.9240079390586999,-0.9489888547109088,-0.8588344990614566,0.5925536069429774
-2.25000108797741,-0.27166258621788586,0.3740366307910167,-0.6557508509059704,0.8346354052293431
0.33934793434452293,0.3184978686679526,-0.19097522313838503,0.02537993488756797,0.20890952078859118
-0.19434815064224947,0.38857231296836,-0.47664814808266515,-0.16744608559177449,0.7873996755532283
-0.6910604309321845,-0.6324123346144075,-1.2745119724467928,1.0626955181868678,0.7507670782601849
0.36881663870731324,0.3961952784092987,2.1627478886254528,1.6091722159062003,0.16864465365960268
0.4794191806941749,0.5815094044701663,-0.3417847984459254,-2.0863563338205324,0.9683327993584874
2.0298810127468574,0.5061247213088177,-0.3429898693430936,-0.759887266722487,0.6689914745469684
-0.7048579271134096,0.4676276966162777,0.2938618845183862,0.325110348958208,1.3424288461044127
-1.2218105265056438,0.8705872936791136,0.5748343486835021,-0.5932256342225283,0.9270372170993612
-1.3934519917013855,0.6802190778530885,-0.7140542766786158,0.6426233182468891,1.4786002074980182
-0.29264617720786357,0.025329617911358106,-1.4636765247194545,-0.11093932792557896,0.6121332575243932
-0.6829897597011231,0.6960558534495843,0.5085742188350209,-0.4568076778320916,-1.392582788543532
1.2680400427730398,-0.572530399116574,0.4882987658757455,0.5656808472677255,0.5286014692944988
1.3932953797730736,-0.345581079141748,0.061405841974187046,0.5306575988297114,-1.3670874105209818
-0.004051717433174585,-0.27043123843146694,0.5522012865468264,-0.22755754924803906,-0.50502218732225
0.46312284596286785,0.4177065478132679,-0.5378963221682299,0.6656395435720127,1.3018423850507075
-0.7290925411719852,0.2333011684383773,0.4593062081056898,-0.40388778274097153,1.6701700057546611
-0.6427637545277506,-1.485668599284302,1.2619664804299011,-0.9642782892987541,0.6622871431516031
1.1356992292565993,0.4091210035578878,1.3941793371752362,2.0602011596464234,1.9831025414609824
-0.6887188640937318,-0.5265284469583387,0.22945366565078323,-0.15430525712828078,-0.7196966348091607
-1.4310552922351465,0.058601493622373865,-0.32415807039292044,-0.7352295259985261,-0.39518935974581754
-1.102051520679281,0.05678210045148367,-0.6317430409894236,0.2872752782154006,-0.4387064752801998
0.32811674347545533,2.0273138710126064,0.006165525761866607,-0.6741547994928423,-0.556459392643823
0.7019945778919362,-1.3014548656007296,-1.6634688762402654,0.9734672273472393,0.15142107254003467
0.023801578915429823,0.004500716654546002,-0.4137457980730454,0.608577071552941,-0.4952203029189654
-1.1582205483272596,0.3525064851025885,-0.9027656934411552,-0.8295035553286606,-0.41238818326034216
-0.15132224841618755,0.6973639886748902,0.9894016182324497,2.0702921368217155,-0.9094661753696479
0.1596543627465397,0.4099939323837,-0.9188655743248565,-0.14962559151818672,1.1230343314419993
-0.6743037609442117,-0.11657752116191294,-0.026704966612620135,-0.5612631477574798,0.16124198057849054
-0.4866411738210643,0.45720153361643107,-0.7932270428746075,0.1705099833629149,-0.45027578337821794
-0.7256915082254952,-1.257224515116692,-0.590861854721315,2.3285778384628717,-0.19928648283353426
1.7464988369946988,1.2474165021206018,0.710733047426175,0.37471522881899366,0.33337466338979876
0.5666905141385231,-0.49254627242187304,-0.4783022225334729,1.773754530891472,0.4077182982303887
0.6746661411912449,0.30608841369758744,-0.572181255115883,0.6091774702740902,1.305840867889786
0.3539584462052304,-0.9140058706476283,-0.03455862749067678,1.12057585078618,-0.1689544333001987
-0.32282990281590507,1.4488994301221414,1.0066745315743677,0.5431139356664255,0.06268172188307619
0.8207350074377358,-0.864057784038682,-0.361462243575045,-0.3548678069478898,-1.7995932701910362
1.8374147208404765,-0.25272536116607647,0.22592510025790136,2.2317298955038027,-1.298616667972416
-0.07085119678035642,0.49728576610956543,0.5945869462745406,-0.7827046297365464,-1.123946189766672
0.6240322982094746,-1.5716618651339986,-1.0484373439658081,0.6390458731768469,-1.4876679537464061
-0.2350518464858498,0.35227480504365544,-0.4251604060904609,0.4041904642354262,0.27185904966218705
-0.4734366299414901,1.1300438977751284,-0.25232071274171547,1.445905397179931,0.15163718009784866
-0.6030428493868255,-0.20166423315055057,0.7261144430132257,-1.6288450891904616,-0.18847268161938494
-1.4874065088381645,0.8204024010925797,-0.1026679301054402,-0.006168392361377066,-0.976033084408875
0.3996953485975091,-0.45299615227884604,-0.051234646537530695,0.6485452628941106,-1.9167911656348267
-1.3700104476086195,-0.38927187571905253,1.2883222080598742,0.4849308410372425,0.5298602102171746
-0.7057838898614023,-0.6691957863885901,1.0321927197806464,0.5727702229427379,-0.8677088556092444
0.1884418382822913,-0.5503586338609845,-0.2304999729260285,-0.7690832665801647,-0.6236860194492628
1.6498287812766175,0.7752973365837836,-1.0264268724847243,-1.1352774626134983,-0.4923215628002384
0.6522757577957261,0.25594290321387064,0.4379972016233309,0.5562395254080511,-0.7216900581343264
0.7796254031629798,0.09618213819511391,-0.8502496554923893,1.5734654871211633,0.45407482098904833
-0.7561876032689313,0.21896583643655732,-0.873752640780857,0.5180470272885367,1.0434594130322583
-0.5802557047332536,-0.1588921814856963,0.38862015391522126,-0.30074010146674485,-0.6430103624011737
-0.17237905576709134,-0.09713968808514321,-0.3329772110421464,-0.44805283563555204,-0.29849809499909086
0.5781410174163402,1.1459439261918598,-0.27119111479368846,0.29569974595586,1.3352888919065011
0.7501390584750265,-0.1610534350070887,0.5141838191206223,1.3398944195893268,0.15534914482425305
-0.13743108423196498,0.07043562120753824,-0.9008274369739342,0.6545889374588054,-0.22184770359421752
-0.9065917642087579,-0.2031657873587222,-0.03731644366439054,0.603566449881955,0.6418197804254634
-0.29382106730029206,-0.3335101118254918,0.43014830327242237,-1.065121972256987,-0.261304949871547
-0.47818268895935584,-0.6698268478965739,0.9880133271026201,-0.7339192817237721,2.2777959979145113
-0.32797379141503935,0.9555937600773936,-1.375680051710572,-0.07372904015746912,-0.023718570944673577
1.627378927309282,-0.9686099392409755,-0.28392592116774773,-0.535051846450252,0.46341468453772866
0.43523785239740936,-0.6334417402027512,-0.28193157219436404,1.1173860076463,0.9506257564064721
-2.60978019850788,0.5122249659956055,1.7685190176455443,-2.0274808909983717,0.5908678847685966
1.024510887112274,1.2483147564867279,-0.9289403865613829,1.7823200429525545,-1.7640105062330147
-1.444213856589752,-0.02329194060049574,-0.8363102789965708,-2.3987499176165965,2.1194188065378152
0.7116948798928964,0.43708743882545675,0.5132673195075836,0.5746996976745765,2.022259255968699
-1.6269839962236068,0.04488477457619674,-0.8266397675456765,1.3437744344001605,0.627268191619136
-0.5004279542546496,0.4685068150261441,-1.9225578609005893,-0.6308538582441334,-0.5428167881061348
0.011948760123050585,0.7273147677014584,3.0187233405645704,1.0065570448790797,-2.2597108752450428
-0.22311939375477038,0.3025385534376037,1.726608255360029,1.2357323513390275,-1.1472951381845775
-0.6040018250659381,0.826692373211881,-0.5266783352357013,0.8905310700644657,1.3083505094828476
0.6301180089024122,0.32523953611919054,-0.38648611945310113,0.6876874947115952,0.35621855738618896
-1.1771301767216291,0.8764488178901854,1.0089910847857124,0.8988680074532827,-1.057217288155936
0.9467502207966717,0.8353128222677066,-0.4031855705953052,-0.24304210687497205,-0.817759842856014
1.2250513590029284,0.5131171194367002,1.6204611977211942,0.32282574355833205,0.8350701048805697
-0.6400909769826971,-1.4715768852443574,0.5351394676495145,-0.7201342921158433,0.8691463161017475
-1.064107504724672,1.1474301984413748,0.24030258808403765,-0.7262264169770191,-0.4137571924570857
1.871588072039202,-0.9876881146214733,0.019496927825642933,0.25536781524858715,1.8842352456696763
0.46563653998028004,-0.5151563530701081,-0.619113102986985,-0.5569667065418701,1.9210447608992927
0.7877874782838581,-0.2829664421911697,-0.7918751513686284,1.0917440536858218,0.4174295489401402
0.7450000616211605,-2.4016447827590737,0.5828501854378945,0.019651387668773626,0.862482343161543
0.2836573713156777,-0.3228930482156731,0.9754186463494695,0.0457529983878008,-0.5055480668985903
0.13107440729308403,-0.9095159312882524,1.2341805384794258,-0.679061294115576,-0.026501591389767487
-0.036962338458998475,0.3203161100215112,0.21989983119372777,0.8874899094340822,0.42393506002038184
1.5049537843807317,0.15078545804824697,0.7167125856737899,-0.8188672153229168,-1.9955560018714344
0.4346607017317588,-0.011406728956864997,-0.3494197414202202,0.7690855319308303,-1.149270893295979
0.5323443169899714,-0.1620262519344783,1.9137805374142347,-1.531805160209522,1.7753007245554844
-1.0271807065151002,0.2950106959983819,-0.011258526622978906,-2.159726340835123,-1.1088077010778594
1.2538821531574487,0.5082843849587798,0.087475309507382,0.4211002925501857,-0.6354500925275652
-1.121393500113283,0.4033603344316484,0.6506480277370089,-0.9202434103739718,1.5763621972716957
1.2201524677134914,3.0526794588718995,0.35937315459351027,-0.5302003514639955,0.07566122050307457
0.3384974231038863,0.6701680684328112,-0.06357094559691673,-1.4187546120690495,0.4238982621027012
0.7222209083914626,-1.096618067190754,0.3585274025927095,-0.07644694022703057,0.11017033727135676
0.33512557451069014,-0.7986759878172696,-1.590739318856537,-0.04950034510996082,-0.16353157890821343
0.4483007120831568,0.445257235510896,-0.04367810192212025,1.0132426133906134,-1.2796661534135585
0.8756398098402353,0.12955523413660028,0.821885556821951,-1.343582526320921,1.1697049441495693
-0.3892648694475516,-0.5826388050209379,0.6272308832785913,0.4359316449035852,0.03471458286931618
-0.010395526443240538,-0.1455220007816591,-0.4475601429583202,-0.5374157787122291,-2.5942593618086454
1.026718323353627,-0.23155221285774757,0.5681968759781661,0.2667530031437868,0.7287821948332628
1.4214433213142894,-0.17196950170795122,-1.5307836133523387,1.3084143924652032,1.2214010840576197
0.18553712564148173,-0.18190781176559817,-1.208895721797575,-1.7454073253314457,0.4982212739987823
-1.917583590100275,-0.9357892506368239,-0.2702733767318857,0.7969740981341477,-2.2324979261593616
-0.6415048345551017,-2.2743564726717214,0.3767881695287367,-1.5427705620251733,-0.19242004968967055
-0.003192945090586151,-0.3088827034330269,-0.23564467836479722,-0.8016870773013521,-0.7193352528428864
-0.8269356022252424,-0.465183412110211,-1.4329277449935818,-1.100664593444656,0.5031644871551859
0.27654545537178843,-1.1617752708279545,-0.2618608219304967,0.6591050795137577,0.35034249598712325
2.0702410202486417,1.3528938311831007,-1.5958395378303627,-0.18422828659428628,-0.06856966541764736
-0.6213246338050743,-1.4743758786885253,-0.6193083764930495,1.5273538040680172,1.4594996106214086
-0.6989873747027308,-0.4818810570380704,0.03556594106270053,2.2351300298916965,-0.1598095995222413
-0.49420325891585165,0.04696059522982082,0.871717323958048,0.3196594831501322,0.43381841884558286
-0.7652646207197036,0.011160757026640853,-0.1937172837053324,-0.5419898483083098,1.378758137055272
1.8841049534705319,-0.5769580864740553,-1.651700903808822,-1.1222525945426358,-0.08925889001234902
-0.03658155172111205,-0.11778279628936059,-0.5659438353706425,-0.7493894520222398,-0.7826945818767168
-1.0191251762307407,-1.2071901389711026,-0.47917856915841217,1.109386388559742,-0.31534316963651676
0.31333248005215053,-0.2680643689070659,1.7828955210464394,1.0005754299977683,-0.08619071932130107
-0.5626337438675189,0.09710193762742166,-1.0522926040846043,-1.167768286115097,-1.428758270413976
-1.230590478258856,0.8937966914133951,0.8083974013572995,1.4949410937058514,0.1794393887753768
-0.3504848976824751,1.0553883537618889,-0.16805101739110065,-0.3930625062468069,-1.6180207003412626
-0.0982299915315789,1.2265016806064093,-0.05154269343594748,-0.9027765309586381,-0.02530078720016708
1.056954511243384,0.43011715672371936,0.31996383937159817,-0.22435696000817595,-0.06792448280833333
0.9058265286663783,-0.04141154578284025,1.4032441104544395,0.12484383779191585,0.4484545042856944
0.16057737501091146,1.5729994183677374,-0.5663940316423633,0.931263957382766,-0.3441711132623386
0.49436076573631754,0.09017530620703047,-0.7716102457747073,-0.6415320766145068,0.16243460351257463
-0.16461807307319168,-0.963654066072729,1.6180946560061071,0.3167283873369484,0.39107743195791345
0.8175224711192854,-0.1368047142366197,-0.21523252592161504,0.36858289912399994,2.0156817088053254
-0.2464702418002459,-0.3746402662711093,0.34189861225087287,0.3452925079396609,-0.9362087159242186
0.03908522992884876,0.048828403374649665,0.09863880198362684,1.854709528215928,0.3950898713446498
-1.9332431647048995,1.2566546471422457,-0.23312756686651245,-0.5474348914328703,0.908102803856698
1.1443458082847247,-0.6656459559061993,-0.8014976131753928,0.5634180840790928,0.017909611337700082
-1.0115681153747018,0.7985379942146227,-0.24152210563780696,0.5722262450415609,-0.7363545727500892
0.5843768486763579,-0.7247779084531724,0.5092191138651742,-0.055591947642016415,-1.2524243211698753
0.09427270515259863,-0.5422156452201432,0.4553457159403385,0.2773933169675621,0.9176403698212978
-1.0114679663873771,-0.18402475982875735,1.8236406428315528,1.6843804547509067,-0.008843981902366056
0.7097119716071277,1.3483219437103424,2.338847267060966,1.4237421133448167,1.5998997292540045
-0.13563070012434797,1.12346203129783,-0.22353969410008537,0.3294820143651242,0.43889506101182524
0.5941336800399022,-0.39456155750035465,-1.9224656042056099,1.2149031688907563,-0.6730263878556471
0.937339133537363,0.24183630889652188,-0.1607166021656788,-1.4605422046350125,0.18094345726552324
1.7535554957586283,-0.827054404457469,1.1098115739279852,0.9458957836075125,-0.019270829482773363
-0.7543831033746615,0.5206041971978214,1.2121058575559542,-1.3135366268375435,-0.512236948180211
-0.865262184238728,-0.0344307037179531,0.6578162546247575,-2.8896668558057157,-0.2256904347723017
0.44646972098853077,0.03962479380337,0.5745467920987758,0.8688228180095443,-1.09888269661641
-1.3822911322491553,1.540247677823866,0.7076391139039487,-0.04872310796319645,0.4097484192648092
0.8121621235440651,-0.12863422178095013,-0.1721707811198268,-0.2342691158880777,-0.644809440180894
0.27168576017442336,-0.8826871903226605,-0.7161992276247131,1.0763709851224912,1.852385299946898
-0.3949515869118444,-0.544292079029726,-0.4960361535111282,0.008457769706833736,1.6939665619205164
-0.49893671805177897,-0.03646422299617098,0.6472497064469146,1.086739061727137,0.19561463920940705
1.3181052962508737,0.626010918709266,0.42389547180356335,0.5188695390509328,-0.08479697774166592
-0.9250013624611771,-1.7480856228125954,-1.9652451508171096,-0.23691304542959146,-1.9156677390925212
0.20504751364935633,-1.8261868601259867,-0.7709203019570185,-0.18764579672643136,-0.9885366822179154
-0.33775882909706906,0.02804912031719042,0.9963982890597628,1.1424791128856466,-1.3554959997199896
-1.6434109575922125,0.730813402008052,0.355625864186722,0.4908455306258769,0.8118545744460085
-0.44175097441725036,1.523143910075965,-0.3725313781074087,-0.025663319354131485,-0.8805983914549868
1.0344488275152688,-1.1457983708173123,1.4888995328940435,-0.47326976003576077,0.04590940238048873
-1.3639152594454895,-0.6180182593077447,0.5166625686574389,2.142959520144373,1.6281187412476426
0.5567087639756275,1.2196744398622414,0.757608149216282,0.01686341086879483,1.6665235520612305
-0.3066087708817011,1.234020451956181,-1.3667147039938623,-0.7194699723110288,-0.8251864241348699
-0.4643768869718617,-2.2633197837518235,-1.5685596118059253,0.5218319707715922,-0.06789135387290386
-1.4015058061497334,0.37592325076898264,-1.0518028054065662,-0.0007449514893050916,0.4704696455400539
1.7702246724786532,1.9722798415102898,-0.1351531239300719,0.6995334639999679,0.5329270438620924
0.19283858613816768,1.9443961329595794,-1.2604329374126872,-0.9501801632413523,0.7012569374560632
1.032843044442096,-0.888859821980905,-1.0800810225100919,-0.4927893759922594,0.6726331734871349
-0.8497864618229374,0.008653273628188669,0.24602560007944466,-1.2719123153133816,-1.0283929296953203
0.9405011618567408,-2.117287393660228,-0.2083877422203752,1.5818556240801647,-1.4008705428580224
0.8368357241964761,0.44771408762963777,0.5071466518632065,0.7772369420583968,-0.862399105582854
-0.5644985515896686,-0.3741156121274327,-0.18130329464588874,-1.0901044689512145,-0.753596218066554
-0.6033856773126681,0.5701646419482667,0.7193458526846825,0.7953273514743456,-0.582999335440197
0.4736927752798267,-2.717336594942764,-0.9457570185286638,0.6694507099028919,-0.9731276676484977
0.21312799389414094,2.0533886955559773,1.0904711538628282,-0.7331884090427302,1.416597610080807
0.6791299213436309,0.3572343828355151,0.3461564161164187,1.1394520066740326,-0.23531346789252755
0.16035331999276958,0.17116164868898137,0.14584824976128058,-0.3502993332529797,0.6600734095743548
-0.23991231351657524,0.3367905357607153,0.15649526666615898,1.078234699329497,-1.0568812529503584
-1.357808149413174,0.3938116563884269,0.6988968166063891,0.5637644370350727,0.2172721208978669
-1.3283195213333705,0.41742404161687335,-0.7946914159390941,0.6592442547891761,-3.6156548032362053
0.8982066794463088,1.218384194446119,-0.18597004456719102,-1.353912354941605,0.4719900593792545
0.3269329489359342,-1.4478529967027693,0.6966289014617919,0.01961649913268615,-1.062779208383663
-0.8273630395776352,0.37642066522706913,0.6167242737217165,1.4065458057828817,0.7628306803876941
0.9837399261939668,0.31199137071394184,-0.6578142798816037,-0.9276592720556512,-0.7775545487745149
0.7637710715861221,0.217023619390387,-0.6836903164181444,-1.42969383757686,-0.7767162345475415
-0.08933300352529583,-0.2941056623996529,-0.21290452441223534,1.3276727837102207,0.4521189254894847
0.8420594220726574,-0.4133970658055377,-0.28555278580675225,0.914146858419369,1.5633598112847602
-0.21263427980868965,0.896891512804128,-0.13599311597498076,-0.08540613279925163,-0.5987505726286383
0.3930283124407392,-0.013726957091935816,-0.2046777609916247,-0.056477755182180435,0.7336586303877568
0.9536387299890604,-0.262118439504376,-1.450972577976032,-0.3153193639728219,1.1226470369987396
-0.590204801752907,0.11737299835666294,-0.7770240298480812,-1.4892842494329357,-1.7779534881070953
-0.6726900578767917,-0.47998977953084393,-0.6122820977879544,-0.4681637281354894,1.1868287183222528
0.14271005728904815,0.4462290688752423,1.0664795516109924,-0.20084855799182208,-0.19395393186164683
-1.017960478979737,0.5515874296151474,0.557290549021486,-0.12366558892692738,-1.0834736097446647
-0.44501319904510056,-1.0126372518996447,-0.3968266166763106,-2.668914158708616,-0.9040452905738374
0.6619825616355011,0.2476389042754404,0.027146028713557452,1.0058352470619187,-0.20922970393217483
-0.8588998985832541,0.10805163361088407,-0.9824594316525,0.04065316763319184,0.09824534367520647
1.6904451573494947,-0.284082547506153,0.0514433510792712,-0.020961230792243202,0.9407092287601834
0.3689676224692201,-1.3876784845637382,-0.15554283182917159,-1.8012525361058747,2.0142757223869356
0.9120828349696201,-1.178222436013983,-1.3562273956339874,-0.5808284385227254,0.27747724711312904
-1.5322858276213773,0.38065895067457756,2.511870923055522,0.6380326730775508,0.6527959428968816
-0.19291261935482695,-0.5292767964901139,1.4082663793588113,-0.15833550406665783,2.0811301002369125
1.5445927296246509,0.016109095287640745,1.6126224062187828,0.36087549563119165,0.023321761802365167
-0.4970040040297894,0.526785797779014,0.10106149535180527,-0.20053641155345547,2.58284154293
-0.5033874747224704,3.011595585382744,1.5552767389706463,0.19634623680295188,-0.8277590524202213
-0.5961198961228145,1.4691253254362402,0.28012226412334645,-0.5777643875531656,-1.509433456873167
-0.6154947067290518,-1.0814296650651591,-1.3444499699999304,-0.2416745803997106,-1.7073791364242579
-0.2224412389842779,0.20812804371308466,-1.3065126081114327,0.30582634263159414,0.4070036508708558
0.8387439909016814,0.3752914845414925,0.7688017418250507,2.405430413014342,0.28829271883722635
-0.23671868126503035,0.20423922327478639,-0.44214283111124564,0.36870790245173024,0.24645856864679702
0.5524459692452696,-0.08748083760560971,-1.7707277629813925,-1.874628596966773,1.1927559174620797
-1.2649721839612196,0.5945075111147838,-1.6582675828113242,0.16737459316238265,0.38083521549526794
-1.1281704220672877,-0.2173114565225672,-0.7534583708332008,-0.34897128821246604,-0.6042757513247997
0.4065435735660044,0.9657441526086425,-0.3081633215854123,0.27151757289849826,-0.4717239977443293
-0.39305257443233904,-1.0711858521823847,-0.8257214550641417,-1.215253343771247,0.7624406640020351
2.0013281770757643,-1.821015722153672,-0.5016124588501035,-0.2724818481921954,-2.478941560303448
-0.42330062615478553,-0.7244781559232412,0.8794362061526716,-0.30413853884882563,-1.5691213695821922
0.5777467847947882,0.015321585894947313,0.7792725821121281,0.19747335375675126,-0.6680025164340717
-0.10998029249036505,1.075534549392392,0.5032517053538348,-1.681154954575781,0.12000164978805372
0.7113512757370543,-0.5488763158745676,-1.6338635071994148,0.18717083688209213,1.0676271736998146
-1.090417681825648,0.4667618252183051,-0.8901524519988715,0.5688033186037829,0.1168111449497601
-0.4233421436404682,-1.9619304326744362,0.27950882727746035,0.16848909708665233,2.3909355085673014
-0.9262822299391892,-0.05620723917400761,0.23628421404922986,-1.0999799945351398,-0.6575022196779786
-0.12559221146973928,-1.4750634905654953,0.2634205031876942,0.6689749280427497,0.5465299768209114
-3.189187013570004,-0.45525546542650736,-0.5663999636591049,0.6694053729257868,0.7491073217056737
-0.26723729068252317,0.7258012730305609,-0.38530804906072824,-0.1496938010400271,0.2593305254543848
-0.5209926358131656,0.5658260511941566,-2.3544102502816977,-0.4879440186422976,1.7013591201663958
0.10903150139017809,-0.04186808568250658,1.0480157234496983,-0.6193184282209955,-2.668873573557079
0.2726641924367622,1.386966245493727,1.2747059955165676,0.3087914085349765,-0.16756168138367278
-1.4659054757885361,0.2536863741097883,-0.7118634075722129,-0.3600159921949626,-0.4074199296400889
-1.7758032623862272,1.9374452558913808,-0.030496426934718723,-1.529597705317596,0.28208879508388635
0.879237137713661,0.17820033315011793,0.8536009392611139,0.8727962719089478,0.5602765369638223
-0.3761648482525038,0.6241863499595189,0.5815858703024799,0.30987783462020474,-0.504101101357311
0.6166694377013227,-0.9070987794194951,-1.159836272150173,-2.455536511111305,1.6203526848286067
1.0752338703118451,-1.2951164637015722,0.6703739058252169,0.6351376123818224,-0.986032644975782
0.6376713245419977,2.017935274657226,-0.3934148673712383,1.1859772863001463,0.23160415293853268
-0.33067264209360553,-1.8867964787301763,1.8986935254869686,0.2510877099846671,-0.17824234448841456
-2.602992755620174,0.7504654950812244,-0.08798777531903103,-0.14717282803012163,1.3700743796834052
-1.0493103353578785,-0.9373771721224224,-0.6086802647752687,1.096781925918819,-0.4763486067259379
0.9911104388544046,0.23631581009513566,-2.066709190898164,0.19258987666786712,-0.7295943270392671
1.3968047715440346,0.46307572446330303,-0.7370845455637259,-0.21280844464559828,-0.03641024034215043
0.8890796820306104,-0.7881705244524322,4.17198850749935,1.5889897332813259,0.39215201549825585
0.648984954564164,-0.3226644258516352,1.1473377595210728,-0.2243238226597266,-1.0805261498102021
1.0175467435055057,0.4366184728104887,-0.34913852342059315,0.8811053387416755,1.3632801681911286
-0.8112149602514122,0.3016421940059229,0.21092789267595644,-0.41992337763850845,1.221206543911282
-1.0721793250303238,0.43301642867598633,0.5827579828850913,-0.6223339514581946,0.4622577255112874
0.36702046284120565,1.1997464170032603,1.4297120903383949,0.30939787858308837,-1.2333648216715107
-0.04769414221512481,1.2452465620486843,0.6482602975139726,-0.23611194585514736,-2.314484038579787
0.6227448685490219,-0.2197341814319832,-0.31213114276898496,-0.37665260400916445,-1.3564772202112034
-0.2906141730325159,0.40412577683978224,0.41994823048874647,-0.7999323719026725,0.698671087754726
0.13760970072330161,-0.21798968662784896,0.9814715309001839,1.1777985952490369,-0.2391614389621141
0.24346352703301796,-1.3202397878333718,-1.5097115560966445,0.10019865293747611,0.753508501372573
1.214479739140038,0.07906173057186977,0.7958059151042118,0.09503308345258368,0.8837778610001517
0.36036057163725577,1.2058657516101794,-0.9670602852518005,0.19593856080199692,0.36110491315840865
-0.19643386355462564,0.6845673728139321,-0.05556906786360891,-0.07922653453190351,0.3533405845889851
0.09346849086634804,1.7877892128999768,-1.6162726532469032,-0.5453710862840822,0.46391804621347943
0.8150807187262759,1.2436365699954046,0.393126915359545,0.42763124901440824,-1.1965854658128159
1.144618358248893,-1.2085999269063104,2.2918835421076786,-0.1665354425718051,-0.22966599354082717
1.7164705889016418,-1.052937395782215,0.9548508217378481,-1.018356415494575,0.42193118537152
-0.6984180851977891,0.49371753488734094,-0.11884105187151552,0.03945283793556112,-0.07588787268583409
-0.9799918368661867,-1.3128096968241447,0.46812290913667365,1.0718070898124485,2.343579623812709
-0.7924418996804731,1.5653053920723394,-0.053815473571726134,-1.0871001784682042,-0.26636984083076226
-1.6192482484543143,-0.01074217034204893,0.4606047878120155,0.21189316562088592,0.4581321140502239
-0.25018005882370303,1.821752713083849,0.654191294493819,-0.3478652713472987,0.780888825780532
-1.8003716810342623,1.1935153751842835,-0.47407395552825776,-0.12830519058970333,-1.5775107642994073
-0.5428166175831879,0.8688971716349101,-1.1253812020452865,-0.35220376913695656,1.1887004888621207
-1.7233821565950986,-1.0466752169722076,0.47849216129358046,2.5489273788344278,-0.17972474422043708
-1.7949768679028844,0.3730009164536914,0.7474813237157428,-0.640751349864611,0.6320341587227611
-0.016348087791369245,-0.2543772110511012,-0.5521300408955165,0.3873529039741699,0.5051214857152714
-0.25753473742641464,-0.9398268127964273,-0.2669776827570613,-1.0700190084956598,-0.038313012946039206
0.2635755148132674,-0.8276718058131373,0.4459642808668179,0.6628484352859224,0.6273657649316514
-0.9712670816437434,0.07061309381797841,1.1559567256424808,0.13850180158326544,0.2297311689984294
-0.40436264940691025,0.9817637860485522,-0.3427596444234057,-0.46962214225228616,-1.51452328964119
-0.33568003542220043,-0.3713970980898567,-0.3405295136845446,0.10455142386391252,-0.7002777125481299
1.9716848223584749,-0.4124011908698948,1.4795110547595722,-1.0082444369334416,0.017786099507550182
1.10886567847604,-0.9474482596540489,-1.4740282857482703,-1.6861122087659135,-0.8728421314047281
1.6801274627631102,0.12704024024162694,-2.043439517653372,1.460829824435223,-0.8534235042489718
0.6142095350501788,0.8197460606287961,1.0969612998447063,-1.1457241582542175,-1.300444289341118
-0.7863179396441602,-0.33996128144682963,0.4687999651833036,-0.20440934383774217,3.560116800278569
0.9855378572800201,0.3926528337562375,0.12386785661617641,-1.0358956515932618,-1.4026317776901507
0.37192599826413,1.3029266448424057,0.24540788246115458,-1.5015303100385489,-0.6106155679791928
0.678655405841854,-0.8172026199672071,-0.4888747167209725,0.4449770547539891,-0.11573777692720477
1.8797823415415849,0.33569565550846026,-0.32194409883101194,-0.7560127366657321,0.32168122600515503
-0.9260022892479174,-0.6260267554912395,0.6886619515618297,0.5081799842627442,-0.30157813430796415
-0.8611095295185986,0.8573250105919614,1.4138123482946394,-0.1729915607184335,0.5391638895133505
0.4191458459309798,0.33542935032424426,1.4675712976565491,1.0054009696954338,0.6204213043683795
0.8059356386466257,-0.9550764873377536,-0.23875123274011287,1.5764157112894237,-0.25435164087799
-0.11789224584563447,-1.3065517566012177,-1.6572259667266815,-1.067144198090574,-1.3957647775282735
-0.07995194161572836,-1.665682974481021,0.4557981787660084,0.058585051431668984,-1.592554952632823
0.11848750049142971,1.0563622632400589,0.6162464367709269,0.06556885358665614,0.018581856351996773
-1.062696438776591,1.138305485017875,0.8088282930578325,-1.7538994033306174,0.5374656801167522
1.05004162771797,-0.5431695158274018,-1.109880484968196,1.1091510007550955,-1.356030046121215
0.04978921943501104,-1.103071621375796,0.22799047015613103,0.2488700614111082,-0.7462792332183485
-0.2873419766291795,-0.09452701357470394,-0.4068787959396129,1.1910192880189903,-1.1553790263348305
-1.423796749087715,1.5619011604261084,0.07775047703387601,1.040510103048329,1.3711819199592432
-0.27805171093585224,0.3277929516488639,-0.3484361080958658,-0.5707616398405302,0.6568403902597598
-0.6998753872593514,-1.3246628388034,-0.24932702006405966,-1.9779015046096287,-1.2662339909724292
0.3122889660819898,0.44007736851806223,0.9977952205781931,-0.5798620530788134,-0.2545069471983804
-0.4664931568651523,-1.2147004594688935,0.7299973337339238,-0.8902901497445596,1.813921140656017
-0.5986966590336508,1.3423579723260313,0.4621756116540179,-0.14368920722481646,-1.3871111173926287
0.14199685217298527,0.1680586044874676,-0.16762540041862264,-0.5143380581759731,0.10972291802538467
1.3289298496664188,0.9915706268430093,-0.4143685751442249,0.8445606379507131,0.46380819230906356
-1.0982249285415906,-0.973173106342317,-1.4878967761614021,0.8172644990915934,-1.4096426727918128
-2.299357177250302,0.34952948328862854,0.1568922952392682,0.5285655973587736,-0.9025240764984666
1.2019066488829038,-0.1655858918518205,-0.3686253331407571,-0.7211527006977353,-0.3158274602801076
-0.4622490649415832,0.8057931840222039,-0.5034973560612708,2.377648069278999,-0.5912196391879062
-0.17706570690295498,-1.0754876449328261,-1.0669754997660668,-0.4263626862025492,1.3634124604218096
-0.49311543608596126,-0.5504596294990304,1.6894853840069868,1.1672683005812052,-0.598880185254637
-2.053146088993525,0.3866304584884413,-0.7820775451637284,-0.1979883783653537,-1.393987887799878
